symbol,instrument_id,interval,datetime_utc,open,high,low,close,volume
MSFT,1004,OneDay,2022-07-22T00:00:00Z,264.6517,264.8615,258.8069,259.9958,
MSFT,1004,OneDay,2022-07-25T00:00:00Z,260.7051,261.2347,256.6189,258.7469,
MSFT,1004,OneDay,2022-07-26T00:00:00Z,259.2665,259.2665,249.3454,251.3935,
MSFT,1004,OneDay,2022-07-27T00:00:00Z,260.7051,269.5172,258.6371,268.5381,
MSFT,1004,OneDay,2022-07-28T00:00:00Z,269.6072,277.5701,267.6588,276.1811,
MSFT,1004,OneDay,2022-07-29T00:00:00Z,277.49,281.5164,276.3811,280.4773,
MSFT,1004,OneDay,2022-08-01T00:00:00Z,277.48,281.0069,275.5819,277.7498,
MSFT,1004,OneDay,2022-08-02T00:00:00Z,274.9723,277.63,272.2148,274.6227,
MSFT,1004,OneDay,2022-08-03T00:00:00Z,276.6409,283.2249,276.3412,282.106,
MSFT,1004,OneDay,2022-08-04T00:00:00Z,281.5064,283.4746,279.9078,283.4046,
MSFT,1004,OneDay,2022-08-05T00:00:00Z,278.4291,283.3648,278.4291,282.6953,
MSFT,1004,OneDay,2022-08-08T00:00:00Z,283.8144,285.6526,279.0587,280.1875,
MSFT,1004,OneDay,2022-08-09T00:00:00Z,279.0687,282.8053,277.3503,282.106,
MSFT,1004,OneDay,2022-08-10T00:00:00Z,288.6999,289.3694,286.7517,288.9196,
MSFT,1004,OneDay,2022-08-11T00:00:00Z,290.7881,290.7881,286.2422,286.8217,
MSFT,1004,OneDay,2022-08-12T00:00:00Z,288.5301,291.5974,286.6717,291.4274,
MSFT,1004,OneDay,2022-08-15T00:00:00Z,290.5383,293.8952,289.859,293.1458,
MSFT,1004,OneDay,2022-08-16T00:00:00Z,291.3974,293.7454,290.1986,292.5265,
MSFT,1004,OneDay,2022-08-17T00:00:00Z,289.3195,293.0661,289.3195,291.0378,
MSFT,1004,OneDay,2022-08-18T00:00:00Z,290.0988,291.5974,288.8299,289.8888,
MSFT,1004,OneDay,2022-08-19T00:00:00Z,287.7908,288.9497,285.293,285.9824,
MSFT,1004,OneDay,2022-08-22T00:00:00Z,280.8771,282.1359,276.9705,277.3203,
MSFT,1004,OneDay,2022-08-23T00:00:00Z,276.1911,278.5692,275.1422,276.1114,
MSFT,1004,OneDay,2022-08-24T00:00:00Z,275.292,276.9605,274.9422,275.3521,
MSFT,1004,OneDay,2022-08-25T00:00:00Z,277.2802,278.6489,274.2729,278.6489,
MSFT,1004,OneDay,2022-08-26T00:00:00Z,278.6391,280.0477,267.8188,267.8388,
MSFT,1004,OneDay,2022-08-29T00:00:00Z,265.3211,267.0494,263.6126,264.9913,
MSFT,1004,OneDay,2022-08-30T00:00:00Z,266.4899,266.7197,260.4654,262.8533,
MSFT,1004,OneDay,2022-08-31T00:00:00Z,264.6217,266.8397,261.1548,261.1548,
MSFT,1004,OneDay,2022-09-01T00:00:00Z,258.6769,260.5253,255.1901,260.4153,
MSFT,1004,OneDay,2022-09-02T00:00:00Z,261.1646,264.4917,254.251,255.8996,
MSFT,1004,OneDay,2022-09-06T00:00:00Z,256.0994,257.538,251.7133,253.0121,
MSFT,1004,OneDay,2022-09-07T00:00:00Z,254.3209,258.5772,253.0421,257.8678,
MSFT,1004,OneDay,2022-09-08T00:00:00Z,256.7087,260.1755,254.5607,258.3274,
MSFT,1004,OneDay,2022-09-09T00:00:00Z,260.5453,264.9213,260.5453,264.4019,
MSFT,1004,OneDay,2022-09-12T00:00:00Z,265.7481,267.811,265.4314,266.2002,
MSFT,1004,OneDay,2022-09-13T00:00:00Z,258.1622,259.9696,251.2725,251.2825,
MSFT,1004,OneDay,2022-09-14T00:00:00Z,253.1597,253.8287,249.5152,252.0514,
MSFT,1004,OneDay,2022-09-15T00:00:00Z,249.625,250.9929,243.664,245.0219,
MSFT,1004,OneDay,2022-09-16T00:00:00Z,243.3844,244.8821,241.6969,244.6625,
MSFT,1004,OneDay,2022-09-19T00:00:00Z,241.8167,244.7423,240.4887,244.0933,
MSFT,1004,OneDay,2022-09-20T00:00:00Z,241.5871,243.1348,239.2805,242.0863,
MSFT,1004,OneDay,2022-09-21T00:00:00Z,243.3644,247.2386,238.6315,238.6315,
MSFT,1004,OneDay,2022-09-22T00:00:00Z,237.3534,243.3145,237.3534,240.4288,
MSFT,1004,OneDay,2022-09-23T00:00:00Z,238.1922,240.7184,234.8472,237.643,
MSFT,1004,OneDay,2022-09-26T00:00:00Z,236.8841,241.0579,236.5546,236.8841,
MSFT,1004,OneDay,2022-09-27T00:00:00Z,239.3005,241.3974,234.1582,236.1652,
MSFT,1004,OneDay,2022-09-28T00:00:00Z,235.6859,241.9465,234.3779,240.5886,
MSFT,1004,OneDay,2022-09-29T00:00:00Z,238.322,239.5501,234.0584,237.1637,
MSFT,1004,OneDay,2022-09-30T00:00:00Z,237.4633,240.1592,232.5706,232.8302,
MSFT,1004,OneDay,2022-10-03T00:00:00Z,235.3365,241.2376,234.328,240.2491,
MSFT,1004,OneDay,2022-10-04T00:00:00Z,244.7224,249.9246,244.7124,248.4767,
MSFT,1004,OneDay,2022-10-05T00:00:00Z,245.3714,250.1842,243.7438,248.7164,
MSFT,1004,OneDay,2022-10-06T00:00:00Z,247.7478,249.9345,245.8107,246.28,
MSFT,1004,OneDay,2022-10-07T00:00:00Z,240.1892,240.2091,232.8103,233.9186,
MSFT,1004,OneDay,2022-10-10T00:00:00Z,233.1298,234.1582,226.3999,228.8163,
MSFT,1004,OneDay,2022-10-11T00:00:00Z,227.1987,228.7164,223.7639,224.972,
MSFT,1004,OneDay,2022-10-12T00:00:00Z,224.992,227.4982,223.6141,225.3914,
MSFT,1004,OneDay,2022-10-13T00:00:00Z,219.67,235.7159,218.981,233.679,
MSFT,1004,OneDay,2022-10-14T00:00:00Z,235.7359,236.8542,228.0075,228.2571,
MSFT,1004,OneDay,2022-10-17T00:00:00Z,235.4763,238.5816,234.7673,237.2136,
MSFT,1004,OneDay,2022-10-18T00:00:00Z,243.1348,243.5342,235.0369,238.1323,
MSFT,1004,OneDay,2022-10-19T00:00:00Z,236.4248,239.2206,233.9286,236.1752,
MSFT,1004,OneDay,2022-10-20T00:00:00Z,235.7059,240.8981,234.5576,235.656,
MSFT,1004,OneDay,2022-10-21T00:00:00Z,234.308,242.4658,234.1882,241.8467,
MSFT,1004,OneDay,2022-10-24T00:00:00Z,243.5142,247.4483,240.9081,246.9989,
MSFT,1004,OneDay,2022-10-25T00:00:00Z,247.1787,250.4737,245.5112,250.4538,
MSFT,1004,OneDay,2022-10-26T00:00:00Z,230.4039,237.9226,229.8247,230.3939,
MSFT,1004,OneDay,2022-10-27T00:00:00Z,231.1028,233.2596,225.4413,226.1702,
MSFT,1004,OneDay,2022-10-28T00:00:00Z,225.8707,236.2351,225.8607,235.5561,
MSFT,1004,OneDay,2022-10-31T00:00:00Z,233.4293,234.5277,230.8133,231.662,
MSFT,1004,OneDay,2022-11-01T00:00:00Z,234.6575,235.2766,226.989,227.7579,
MSFT,1004,OneDay,2022-11-02T00:00:00Z,228.7564,230.7733,219.8597,219.8597,
MSFT,1004,OneDay,2022-11-03T00:00:00Z,219.7499,220.0295,213.669,214.1583,
MSFT,1004,OneDay,2022-11-04T00:00:00Z,217.3435,221.2077,213.1398,221.1478,
MSFT,1004,OneDay,2022-11-07T00:00:00Z,221.667,228.0574,220.978,227.5582,
MSFT,1004,OneDay,2022-11-08T00:00:00Z,228.4967,231.2626,225.5012,228.5467,
MSFT,1004,OneDay,2022-11-09T00:00:00Z,226.979,228.2271,223.9935,224.1932,
MSFT,1004,OneDay,2022-11-10T00:00:00Z,235.4563,242.955,234.6375,242.4757,
MSFT,1004,OneDay,2022-11-11T00:00:00Z,243.3944,247.598,241.9765,246.5896,
MSFT,1004,OneDay,2022-11-14T00:00:00Z,241.3175,243.5042,238.971,241.2076,
MSFT,1004,OneDay,2022-11-15T00:00:00Z,245.5411,246.3899,239.66,241.647,
MSFT,1004,OneDay,2022-11-16T00:00:00Z,242.286,243.4143,240.0893,241.3375,
MSFT,1004,OneDay,2022-11-17T00:00:00Z,237.653,242.8652,237.3435,241.3275,
MSFT,1004,OneDay,2022-11-18T00:00:00Z,243.0848,243.3145,238.7214,240.978,
MSFT,1004,OneDay,2022-11-21T00:00:00Z,240.8282,244.2531,240.8282,241.657,
MSFT,1004,OneDay,2022-11-22T00:00:00Z,243.3844,244.8522,240.339,244.6824,
MSFT,1004,OneDay,2022-11-23T00:00:00Z,244.4827,247.8876,243.9136,247.2086,
MSFT,1004,OneDay,2022-11-25T00:00:00Z,247.0888,248.277,246.4398,247.1787,
MSFT,1004,OneDay,2022-11-28T00:00:00Z,245.3414,246.1802,240.4388,241.4473,
MSFT,1004,OneDay,2022-11-29T00:00:00Z,241.1178,242.3659,237.8527,239.9196,
MSFT,1004,OneDay,2022-11-30T00:00:00Z,239.9296,254.4178,239.4503,254.4078,
MSFT,1004,OneDay,2022-12-01T00:00:00Z,254.1083,255.706,250.5336,254.3978,
MSFT,1004,OneDay,2022-12-02T00:00:00Z,249.5252,255.606,249.4053,254.4278,
MSFT,1004,OneDay,2022-12-05T00:00:00Z,251.5521,253.4393,247.6779,249.9246,
MSFT,1004,OneDay,2022-12-06T00:00:00Z,250.324,251.4423,243.4143,244.7923,
MSFT,1004,OneDay,2022-12-07T00:00:00Z,243.3145,245.7608,241.8267,244.0034,
MSFT,1004,OneDay,2022-12-08T00:00:00Z,244.323,248.3369,242.7154,247.0888,
MSFT,1004,OneDay,2022-12-09T00:00:00Z,244.7224,247.9176,243.8237,244.982,
MSFT,1004,OneDay,2022-12-12T00:00:00Z,246.7294,252.1213,246.7294,252.0813,
MSFT,1004,OneDay,2022-12-13T00:00:00Z,261.597,263.4643,252.7803,256.5646,
MSFT,1004,OneDay,2022-12-14T00:00:00Z,256.7444,262.1762,254.0583,256.9741,
MSFT,1004,OneDay,2022-12-15T00:00:00Z,253.609,253.7089,246.979,248.5766,
MSFT,1004,OneDay,2022-12-16T00:00:00Z,247.8776,249.4253,243.1747,244.1632,
MSFT,1004,OneDay,2022-12-19T00:00:00Z,244.6425,244.7523,238.342,240.1992,
MSFT,1004,OneDay,2022-12-20T00:00:00Z,239.1707,242.5257,238.0624,241.4673,
MSFT,1004,OneDay,2022-12-21T00:00:00Z,241.0978,245.2316,239.7399,244.0234,
MSFT,1004,OneDay,2022-12-22T00:00:00Z,241.1278,241.5172,233.5092,237.8327,
MSFT,1004,OneDay,2022-12-23T00:00:00Z,236.0354,238.5017,233.619,238.282,
MSFT,1004,OneDay,2022-12-27T00:00:00Z,238.2521,238.5516,235.4663,236.6645,
MSFT,1004,OneDay,2022-12-28T00:00:00Z,236.6145,239.3405,233.9486,234.1882,
MSFT,1004,OneDay,2022-12-29T00:00:00Z,235.5062,241.5471,235.5062,240.6185,
MSFT,1004,OneDay,2022-12-30T00:00:00Z,237.4533,239.5402,236.335,239.5402,
MSFT,1004,OneDay,2023-01-03T00:00:00Z,242.7254,245.3614,237.0439,239.2506,
MSFT,1004,OneDay,2023-01-04T00:00:00Z,231.9516,232.4708,225.631,228.8462,
MSFT,1004,OneDay,2023-01-05T00:00:00Z,226.8292,227.0988,221.4274,222.0564,
MSFT,1004,OneDay,2023-01-06T00:00:00Z,222.7354,225.4014,219.0509,224.6325,
MSFT,1004,OneDay,2023-01-09T00:00:00Z,227.009,230.8732,226.0604,226.7893,
MSFT,1004,OneDay,2023-01-10T00:00:00Z,227.3784,230.9331,226.999,228.4268,
MSFT,1004,OneDay,2023-01-11T00:00:00Z,230.8532,235.4363,230.8232,235.3964,
MSFT,1004,OneDay,2023-01-12T00:00:00Z,235.1967,239.4902,233.2097,238.2721,
MSFT,1004,OneDay,2023-01-13T00:00:00Z,236.7144,238.991,234.5876,238.7813,
MSFT,1004,OneDay,2023-01-17T00:00:00Z,237.4832,240.5287,236.7344,239.9296,
MSFT,1004,OneDay,2023-01-18T00:00:00Z,241.6969,241.9965,235.1767,235.3365,
MSFT,1004,OneDay,2023-01-19T00:00:00Z,233.7289,234.8472,230.334,231.3624,
MSFT,1004,OneDay,2023-01-20T00:00:00Z,234.288,240.3489,234.2581,239.7698,
MSFT,1004,OneDay,2023-01-23T00:00:00Z,240.5187,244.7823,239.3005,242.2661,
MSFT,1004,OneDay,2023-01-24T00:00:00Z,241.8567,243.5042,240.1093,241.5871,
MSFT,1004,OneDay,2023-01-25T00:00:00Z,233.9286,242.8052,230.5836,240.0494,
MSFT,1004,OneDay,2023-01-26T00:00:00Z,243.3045,247.8377,241.647,247.8377,
MSFT,1004,OneDay,2023-01-27T00:00:00Z,248.1173,249.4453,246.4598,247.8377,
MSFT,1004,OneDay,2023-01-30T00:00:00Z,244.333,245.1118,241.8367,242.326,
MSFT,1004,OneDay,2023-01-31T00:00:00Z,243.2546,247.4383,242.5956,247.4183,
MSFT,1004,OneDay,2023-02-01T00:00:00Z,247.5182,254.7573,245.2216,252.2511,
MSFT,1004,OneDay,2023-02-02T00:00:00Z,258.7811,264.2729,256.8641,264.1932,
MSFT,1004,OneDay,2023-02-03T00:00:00Z,258.7114,263.7736,256.7144,257.9726,
MSFT,1004,OneDay,2023-02-06T00:00:00Z,256.3549,257.8826,254.4078,256.5146,
MSFT,1004,OneDay,2023-02-07T00:00:00Z,260.1392,268.3668,259.69,267.3783,
MSFT,1004,OneDay,2023-02-08T00:00:00Z,272.9401,276.3049,265.8307,266.4798,
MSFT,1004,OneDay,2023-02-09T00:00:00Z,273.0598,273.2694,262.4159,263.1447,
MSFT,1004,OneDay,2023-02-10T00:00:00Z,261.1678,263.664,260.2589,262.6955,
MSFT,1004,OneDay,2023-02-13T00:00:00Z,267.0688,274.1682,266.7992,270.7234,
MSFT,1004,OneDay,2023-02-14T00:00:00Z,272.1412,274.5376,268.9061,271.662,
MSFT,1004,OneDay,2023-02-15T00:00:00Z,268.1672,270.3139,265.8307,268.7962,
MSFT,1004,OneDay,2023-02-16T00:00:00Z,263.8037,266.3,261.4973,261.8067,
MSFT,1004,OneDay,2023-02-17T00:00:00Z,258.9311,259.63,255.616,257.4933,
MSFT,1004,OneDay,2023-02-21T00:00:00Z,254.1881,255.0469,251.2426,252.4308,
MSFT,1004,OneDay,2023-02-22T00:00:00Z,253.3694,253.9285,249.9745,251.2026,
MSFT,1004,OneDay,2023-02-23T00:00:00Z,255.1567,256.4449,250.0943,254.4777,
MSFT,1004,OneDay,2023-02-24T00:00:00Z,249.6949,250.4837,247.7378,248.7563,
MSFT,1004,OneDay,2023-02-27T00:00:00Z,252.291,252.4008,249.0259,249.7947,
MSFT,1004,OneDay,2023-02-28T00:00:00Z,249.1457,251.0928,248.4667,249.2256,
MSFT,1004,OneDay,2023-03-01T00:00:00Z,250.0044,250.0044,245.4213,245.9106,
MSFT,1004,OneDay,2023-03-02T00:00:00Z,246.1303,250.9929,245.2316,250.6335,
MSFT,1004,OneDay,2023-03-03T00:00:00Z,252.321,255.2266,251.0429,255.0069,
MSFT,1004,OneDay,2023-03-06T00:00:00Z,255.8157,259.6499,255.646,256.4948,
MSFT,1004,OneDay,2023-03-07T00:00:00Z,256.0153,257.2934,253.0099,253.8786,
MSFT,1004,OneDay,2023-03-08T00:00:00Z,253.5192,254.1183,250.4238,253.3394,
MSFT,1004,OneDay,2023-03-09T00:00:00Z,255.5461,259.1407,251.2026,252.0514,
MSFT,1004,OneDay,2023-03-10T00:00:00Z,250.8232,252.4108,247.2286,248.2571,
MSFT,1004,OneDay,2023-03-13T00:00:00Z,246.7992,257.4833,245.3614,253.5691,
MSFT,1004,OneDay,2023-03-14T00:00:00Z,256.6245,260.6285,255.5062,260.4688,
MSFT,1004,OneDay,2023-03-15T00:00:00Z,258.9111,266.0402,258.8212,264.8222,
MSFT,1004,OneDay,2023-03-16T00:00:00Z,264.7721,276.0252,262.9051,275.8356,
MSFT,1004,OneDay,2023-03-17T00:00:00Z,277.603,282.8651,275.9156,278.7312,
MSFT,1004,OneDay,2023-03-20T00:00:00Z,276.3249,277.0038,269.4453,271.562,
MSFT,1004,OneDay,2023-03-21T00:00:00Z,273.8187,274.4678,269.1157,272.98,
MSFT,1004,OneDay,2023-03-22T00:00:00Z,273.2097,280.5286,271.9116,271.9116,
MSFT,1004,OneDay,2023-03-23T00:00:00Z,277.0138,280.5585,274.8371,277.2734,
MSFT,1004,OneDay,2023-03-24T00:00:00Z,276.7442,280.1092,274.8671,280.0693,
MSFT,1004,OneDay,2023-03-27T00:00:00Z,279.9595,280.9978,275.0967,275.7259,
MSFT,1004,OneDay,2023-03-28T00:00:00Z,275.5361,275.556,271.6319,274.8471,
MSFT,1004,OneDay,2023-03-29T00:00:00Z,278.6615,280.6984,277.9923,280.0093,
MSFT,1004,OneDay,2023-03-30T00:00:00Z,283.6739,284.0033,281.0678,283.574,
MSFT,1004,OneDay,2023-03-31T00:00:00Z,282.8251,288.3468,282.6754,287.8376,
MSFT,1004,OneDay,2023-04-03T00:00:00Z,285.1817,287.8276,283.554,286.6694,
MSFT,1004,OneDay,2023-04-04T00:00:00Z,286.4498,289.9843,285.2715,286.6295,
MSFT,1004,OneDay,2023-04-05T00:00:00Z,285.2314,286.6694,282.5256,283.9435,
MSFT,1004,OneDay,2023-04-06T00:00:00Z,282.0563,291.632,281.6169,291.0827,
MSFT,1004,OneDay,2023-04-10T00:00:00Z,288.5765,289.1457,284.3929,288.6465,
MSFT,1004,OneDay,2023-04-11T00:00:00Z,285.3214,285.3214,281.2274,282.4258,
MSFT,1004,OneDay,2023-04-12T00:00:00Z,284.2329,286.5495,281.557,283.1047,
MSFT,1004,OneDay,2023-04-13T00:00:00Z,283.1847,289.4453,282.7551,289.3754,
MSFT,1004,OneDay,2023-04-14T00:00:00Z,286.3398,288.0373,283.3044,285.7506,
MSFT,1004,OneDay,2023-04-17T00:00:00Z,289.1258,291.1127,285.8806,288.2169,
MSFT,1004,OneDay,2023-04-18T00:00:00Z,290.7431,290.8231,286.5995,288.0273,
MSFT,1004,OneDay,2023-04-19T00:00:00Z,285.7406,288.6164,284.1132,288.0072,
MSFT,1004,OneDay,2023-04-20T00:00:00Z,285.4213,288.5665,284.6525,285.631,
MSFT,1004,OneDay,2023-04-21T00:00:00Z,284.2032,285.8206,282.6355,285.2614,
MSFT,1004,OneDay,2023-04-24T00:00:00Z,281.507,284.5025,278.3119,281.3673,
MSFT,1004,OneDay,2023-04-25T00:00:00Z,279.2206,281.1077,275.0068,275.0668,
MSFT,1004,OneDay,2023-04-26T00:00:00Z,296.255,299.0907,292.2909,294.9868,
MSFT,1004,OneDay,2023-04-27T00:00:00Z,295.9853,304.6922,294.8171,304.2529,
MSFT,1004,OneDay,2023-04-28T00:00:00Z,303.564,308.4465,302.8551,306.7191,
MSFT,1004,OneDay,2023-05-01T00:00:00Z,306.1801,308.1072,304.6824,304.9918,
MSFT,1004,OneDay,2023-05-02T00:00:00Z,307.1687,308.6065,303.464,304.922,
MSFT,1004,OneDay,2023-05-03T00:00:00Z,305.9006,308.0373,303.6839,303.9733,
MSFT,1004,OneDay,2023-05-04T00:00:00Z,304.8221,307.2784,302.9648,304.7221,
MSFT,1004,OneDay,2023-05-05T00:00:00Z,304.8421,311.4023,303.7936,309.8746,
MSFT,1004,OneDay,2023-05-08T00:00:00Z,309.2754,309.3753,305.6409,308.0472,
MSFT,1004,OneDay,2023-05-09T00:00:00Z,307.568,309.555,305.9305,306.5595,
MSFT,1004,OneDay,2023-05-10T00:00:00Z,308.4665,312.5205,307.1984,311.8216,
MSFT,1004,OneDay,2023-05-11T00:00:00Z,309.555,310.6334,305.8006,309.535,
MSFT,1004,OneDay,2023-05-12T00:00:00Z,309.535,309.9343,306.1502,308.4966,
MSFT,1004,OneDay,2023-05-15T00:00:00Z,308.4866,309.4253,307.1287,308.8561,
MSFT,1004,OneDay,2023-05-16T00:00:00Z,309.8246,313.1994,309.7846,311.3323,
MSFT,1004,OneDay,2023-05-17T00:00:00Z,311.7417,313.9185,310.3038,313.4791,
MSFT,1004,OneDay,2023-05-18T00:00:00Z,313.9383,318.5415,313.2394,318.1022,
MSFT,1004,OneDay,2023-05-19T00:00:00Z,316.894,318.2519,315.8955,317.8526,
MSFT,1004,OneDay,2023-05-22T00:00:00Z,317.9723,322.0962,317.533,320.7482,10917235.0
MSFT,1004,OneDay,2023-05-23T00:00:00Z,319.6797,322.1462,314.7771,314.9568,13951459.0
MSFT,1004,OneDay,2023-05-24T00:00:00Z,313.6787,315.9853,312.1612,313.2494,10148912.0
MSFT,1004,OneDay,2023-05-25T00:00:00Z,322.2659,326.3998,319.53,325.481,19404531.0
MSFT,1004,OneDay,2023-05-26T00:00:00Z,324.1432,332.88,324.1432,332.4205,16197309.0
MSFT,1004,OneDay,2023-05-30T00:00:00Z,334.6374,335.1864,330.0342,330.7431,13886025.0
MSFT,1004,OneDay,2023-05-31T00:00:00Z,331.592,335.406,326.9788,328.6662,14376436.0
MSFT,1004,OneDay,2023-06-01T00:00:00Z,325.9005,332.9998,324.2429,332.0712,11340017.0
MSFT,1004,OneDay,2023-06-02T00:00:00Z,333.5389,336.9538,332.0812,334.6671,11749312.0
MSFT,1004,OneDay,2023-06-05T00:00:00Z,335.3863,338.0322,334.1579,335.4561,9332878.0
MSFT,1004,OneDay,2023-06-06T00:00:00Z,334.7471,334.8271,331.6816,333.2594,9624619.0
MSFT,1004,OneDay,2023-06-07T00:00:00Z,330.7931,333.9183,322.0262,322.9248,18431496.0
MSFT,1004,OneDay,2023-06-08T00:00:00Z,324.2928,326.1102,322.8651,324.7721,10976388.0
MSFT,1004,OneDay,2023-06-09T00:00:00Z,323.9633,329.4551,323.9633,326.3498,10440158.0
MSFT,1004,OneDay,2023-06-12T00:00:00Z,328.1969,331.582,324.6722,331.3124,10652821.0
MSFT,1004,OneDay,2023-06-13T00:00:00Z,334.2379,336.4345,329.8945,333.9382,10645995.0
MSFT,1004,OneDay,2023-06-14T00:00:00Z,334.1879,338.4915,332.3808,336.7341,12058242.0
MSFT,1004,OneDay,2023-06-15T00:00:00Z,336.7042,349.3054,336.6841,347.508,18951595.0
MSFT,1004,OneDay,2023-06-16T00:00:00Z,349.6149,349.7346,341.487,341.7466,13826246.0
MSFT,1004,OneDay,2023-06-20T00:00:00Z,338.4615,341.517,335.3763,337.7227,11969829.0
MSFT,1004,OneDay,2023-06-21T00:00:00Z,335.7956,337.1734,331.582,333.0197,10015112.0
MSFT,1004,OneDay,2023-06-22T00:00:00Z,333.3493,339.5,332.9098,339.1107,11331820.0
MSFT,1004,OneDay,2023-06-23T00:00:00Z,333.7586,337.433,332.9397,334.2778,9689696.0
MSFT,1004,OneDay,2023-06-26T00:00:00Z,333.3991,335.576,328.0073,328.1372,10064742.0
MSFT,1004,OneDay,2023-06-27T00:00:00Z,331.1227,335.6359,328.7961,334.1182,10087826.0
MSFT,1004,OneDay,2023-06-28T00:00:00Z,334.1381,337.4531,333.3094,334.9468,9667412.0
MSFT,1004,OneDay,2023-06-29T00:00:00Z,334.2579,335.586,332.1212,334.3578,7694009.0
MSFT,1004,OneDay,2023-07-03T00:00:00Z,338.4815,340.3588,336.0652,337.433,5777647.0
MSFT,1004,OneDay,2023-07-05T00:00:00Z,335.2164,341.1276,335.2164,337.6826,8296574.0
MSFT,1004,OneDay,2023-07-06T00:00:00Z,336.6344,342.4555,334.9968,340.6882,13706944.0
MSFT,1004,OneDay,2023-07-07T00:00:00Z,339.1804,341.2474,336.5645,336.6942,9725962.0
MSFT,1004,OneDay,2023-07-10T00:00:00Z,334.0583,334.6771,327.0987,331.2923,16576542.0
MSFT,1004,OneDay,2023-07-11T00:00:00Z,330.5434,332.3508,326.5095,331.9713,14266590.0
MSFT,1004,OneDay,2023-07-12T00:00:00Z,335.9753,341.1374,335.1564,336.7741,14532628.0
MSFT,1004,OneDay,2023-07-13T00:00:00Z,338.7311,343.1944,338.5715,342.2959,10161798.0
MSFT,1004,OneDay,2023-07-14T00:00:00Z,347.2384,350.8828,343.9232,344.2528,14069377.0
MSFT,1004,OneDay,2023-07-17T00:00:00Z,345.8903,346.3498,341.6867,345.0117,9336105.0
MSFT,1004,OneDay,2023-07-18T00:00:00Z,344.5425,366.1799,341.6666,359.1006,37139746.0
MSFT,1004,OneDay,2023-07-19T00:00:00Z,361.0178,361.8166,351.9112,354.7071,19032301.0
MSFT,1004,OneDay,2023-07-20T00:00:00Z,353.469,356.854,344.862,346.4695,15225577.0
MSFT,1004,OneDay,2023-07-24T00:00:00Z,345.541,346.1999,341.7866,344.6521,14007236.0
MSFT,1004,OneDay,2023-07-25T00:00:00Z,346.3698,351.2824,344.5425,350.5435,16892163.0
MSFT,1004,OneDay,2023-07-26T00:00:00Z,341.397,344.1032,332.6602,337.3833,32290186.0
MSFT,1004,OneDay,2023-07-27T00:00:00Z,339.9393,340.7681,328.5564,330.3438,21328529.0
MSFT,1004,OneDay,2023-07-28T00:00:00Z,333.2294,339.48,332.6502,337.6427,13977939.0
MSFT,1004,OneDay,2023-07-31T00:00:00Z,336.6741,337.1634,332.8601,335.3264,11953313.0
MSFT,1004,OneDay,2023-08-01T00:00:00Z,334.8171,338.0122,333.1995,335.8755,9191595.0
MSFT,1004,OneDay,2023-08-02T00:00:00Z,332.4006,332.5205,325.8706,327.0787,13869292.0
MSFT,1004,OneDay,2023-08-03T00:00:00Z,325.511,329.3354,325.511,326.1202,8740631.0
MSFT,1004,OneDay,2023-08-04T00:00:00Z,331.482,334.5875,326.7392,327.2684,12528770.0
MSFT,1004,OneDay,2023-08-07T00:00:00Z,328.7162,330.5835,327.0287,329.6946,8530558.0
MSFT,1004,OneDay,2023-08-08T00:00:00Z,326.5895,328.1969,322.5155,325.6509,11366332.0
MSFT,1004,OneDay,2023-08-09T00:00:00Z,326.0003,326.5195,320.5885,321.8766,9980316.0
MSFT,1004,OneDay,2023-08-10T00:00:00Z,325.6707,327.7277,320.6881,322.3259,9741597.0
MSFT,1004,OneDay,2023-08-11T00:00:00Z,319.8796,321.8965,318.7412,320.1689,10330001.0
MSFT,1004,OneDay,2023-08-14T00:00:00Z,320.9178,323.5539,319.6199,323.4043,8786059.0
MSFT,1004,OneDay,2023-08-15T00:00:00Z,322.9948,324.5825,320.4186,321.427,8714815.0
MSFT,1004,OneDay,2023-08-16T00:00:00Z,320.8681,323.9133,319.3203,319.9393,8814499.0
MSFT,1004,OneDay,2023-08-17T00:00:00Z,320.5885,321.3474,315.7357,316.8641,10235218.0
MSFT,1004,OneDay,2023-08-18T00:00:00Z,314.2179,317.8826,311.0827,315.436,12167466.0
MSFT,1004,OneDay,2023-08-21T00:00:00Z,317.3633,322.2659,316.5744,321.3073,9179946.0
MSFT,1004,OneDay,2023-08-22T00:00:00Z,324.892,325.531,320.9778,321.9263,7597342.0
MSFT,1004,OneDay,2023-08-23T00:00:00Z,323.1844,328.6861,323.1844,326.4295,8891814.0
MSFT,1004,OneDay,2023-08-24T00:00:00Z,332.3708,332.3708,319.6299,319.6399,9940549.0
MSFT,1004,OneDay,2023-08-25T00:00:00Z,321.0277,324.8321,318.3218,322.3158,9893769.0
MSFT,1004,OneDay,2023-08-28T00:00:00Z,324.5925,325.571,321.2274,323.3743,6842682.0
MSFT,1004,OneDay,2023-08-29T00:00:00Z,321.6469,328.4765,321.447,328.0372,8523888.0
MSFT,1004,OneDay,2023-08-30T00:00:00Z,327.5579,329.2953,325.9603,328.2868,7088986.0
MSFT,1004,OneDay,2023-08-31T00:00:00Z,329.2254,330.2738,326.2798,327.6379,8094806.0
MSFT,1004,OneDay,2023-09-01T00:00:00Z,330.8231,330.9928,326.2798,327.8276,7110818.0
MSFT,1004,OneDay,2023-09-05T00:00:00Z,328.7761,334.2978,328.1869,332.9397,8507139.0
MSFT,1004,OneDay,2023-09-06T00:00:00Z,332.87,333.9382,329.6946,332.6204,7665420.0
MSFT,1004,OneDay,2023-09-07T00:00:00Z,330.4536,332.5605,328.5365,329.8646,8109417.0
MSFT,1004,OneDay,2023-09-08T00:00:00Z,329.3653,335.6259,329.0757,333.8086,9604001.0
MSFT,1004,OneDay,2023-09-11T00:00:00Z,337.0637,337.8923,334.9367,337.513,7550285.0
MSFT,1004,OneDay,2023-09-12T00:00:00Z,335.5359,336.195,330.9828,331.1724,8156303.0
MSFT,1004,OneDay,2023-09-13T00:00:00Z,331.1027,336.3249,331.1027,335.3961,7455682.0
MSFT,1004,OneDay,2023-09-14T00:00:00Z,339.0107,340.3189,336.0652,338.2019,9143627.0
MSFT,1004,OneDay,2023-09-15T00:00:00Z,336.5045,336.5645,329.1554,329.7247,10700616.0
MSFT,1004,OneDay,2023-09-18T00:00:00Z,327.1884,329.8845,325.8706,328.4965,8039671.0
MSFT,1004,OneDay,2023-09-19T00:00:00Z,326.0703,328.8661,324.0232,328.1669,8320943.0
MSFT,1004,OneDay,2023-09-20T00:00:00Z,328.9658,328.9658,320.0892,320.0892,10391347.0
MSFT,1004,OneDay,2023-09-21T00:00:00Z,318.5015,324.7821,316.5644,319.0907,19435095.0
MSFT,1004,OneDay,2023-09-22T00:00:00Z,320.3489,320.5285,315.6659,316.6344,9537192.0
MSFT,1004,OneDay,2023-09-25T00:00:00Z,316.4345,317.1437,314.5375,316.9538,9287137.0
MSFT,1004,OneDay,2023-09-26T00:00:00Z,314.7372,315.3663,309.595,311.8616,13198262.0
MSFT,1004,OneDay,2023-09-27T00:00:00Z,311.9313,313.7986,309.2254,312.2709,10572624.0
MSFT,1004,OneDay,2023-09-28T00:00:00Z,310.1442,314.9868,309.0058,312.9697,10057528.0
MSFT,1004,OneDay,2023-09-29T00:00:00Z,317.1437,318.9607,314.5575,315.1964,10277295.0
MSFT,1004,OneDay,2023-10-02T00:00:00Z,315.5659,321.3374,314.7472,321.2175,10271878.0
MSFT,1004,OneDay,2023-10-03T00:00:00Z,320.8481,320.8481,310.7432,312.7901,10747050.0
MSFT,1004,OneDay,2023-10-04T00:00:00Z,313.9883,319.54,313.8586,318.7711,9647673.0
MSFT,1004,OneDay,2023-10-05T00:00:00Z,319.2903,319.3803,314.4375,318.7611,8359580.0
MSFT,1004,OneDay,2023-10-09T00:00:00Z,324.0332,329.7746,322.7551,329.2853,9682761.0
MSFT,1004,OneDay,2023-10-10T00:00:00Z,330.3538,330.4735,327.1884,327.9573,10992164.0
MSFT,1004,OneDay,2023-10-12T00:00:00Z,329.525,333.0997,328.2169,330.7232,10219843.0
MSFT,1004,OneDay,2023-10-13T00:00:00Z,331.9713,333.2194,325.8706,327.2085,9825070.0
MSFT,1004,OneDay,2023-10-16T00:00:00Z,330.7232,335.4461,330.0942,332.0013,10355190.0
MSFT,1004,OneDay,2023-10-17T00:00:00Z,329.3553,332.9397,326.9188,331.442,8614163.0
MSFT,1004,OneDay,2023-10-18T00:00:00Z,332.4905,335.0267,327.8076,329.4551,11941938.0
MSFT,1004,OneDay,2023-10-19T00:00:00Z,332.3408,336.3448,330.4235,330.9528,12566908.0
MSFT,1004,OneDay,2023-10-20T00:00:00Z,330.4335,331.3523,324.9818,326.2798,10959907.0
MSFT,1004,OneDay,2023-10-23T00:00:00Z,325.1217,332.201,323.8935,329.0658,12129102.0
MSFT,1004,OneDay,2023-10-24T00:00:00Z,330.2838,331.3124,327.1087,330.2239,12719103.0
MSFT,1004,OneDay,2023-10-25T00:00:00Z,345.0817,345.5909,337.1137,340.1689,29783327.0
MSFT,1004,OneDay,2023-10-26T00:00:00Z,339.9493,340.9778,326.4596,327.2184,19529751.0
MSFT,1004,OneDay,2023-10-30T00:00:00Z,332.8101,338.9008,331.3623,336.7541,12061360.0
MSFT,1004,OneDay,2023-10-31T00:00:00Z,337.7626,338.1122,334.1879,337.7326,9436454.0
MSFT,1004,OneDay,2023-11-01T00:00:00Z,339.4,346.8291,339.1404,345.5909,13699481.0
MSFT,1004,OneDay,2023-11-02T00:00:00Z,346.6792,348.2568,344.2329,347.8675,12324382.0
MSFT,1004,OneDay,2023-11-03T00:00:00Z,348.9957,353.8385,346.8091,352.2708,11647690.0
MSFT,1004,OneDay,2023-11-06T00:00:00Z,353.0997,356.9638,353.0997,355.9952,11787013.0
MSFT,1004,OneDay,2023-11-07T00:00:00Z,358.9508,361.8962,357.0837,360.0292,12058369.0
MSFT,1004,OneDay,2023-11-08T00:00:00Z,361.0877,363.2844,360.0092,362.7351,12435031.0
MSFT,1004,OneDay,2023-11-09T00:00:00Z,361.2273,364.2328,359.8196,360.1089,10636139.0
MSFT,1004,OneDay,2023-11-10T00:00:00Z,360.8878,369.515,360.5185,369.2953,12549920.0
MSFT,1004,OneDay,2023-11-13T00:00:00Z,367.4081,367.7976,365.381,366.0802,10967987.0
MSFT,1004,OneDay,2023-11-14T00:00:00Z,370.2138,371.362,366.7991,369.525,13250113.0
MSFT,1004,OneDay,2023-11-15T00:00:00Z,370.9727,372.5305,366.5594,369.0856,13786197.0
MSFT,1004,OneDay,2023-11-16T00:00:00Z,370.3138,375.7656,369.6346,375.6357,14297073.0
MSFT,1004,OneDay,2023-11-17T00:00:00Z,372.7001,373.7686,366.4495,369.1154,18987717.0
MSFT,1004,OneDay,2023-11-20T00:00:00Z,371.7216,378.2818,371.2323,377.0137,25098861.0
MSFT,1004,OneDay,2023-11-21T00:00:00Z,374.4675,375.6357,370.5634,372.4705,14333403.0
MSFT,1004,OneDay,2023-11-22T00:00:00Z,377.3931,379.1804,374.4075,377.3233,12199417.0
MSFT,1004,OneDay,2023-11-24T00:00:00Z,376.5644,377.363,374.5674,376.7841,4736331.0
MSFT,1004,OneDay,2023-11-27T00:00:00Z,376.3445,380.0592,375.6457,378.0622,10309315.0
MSFT,1004,OneDay,2023-11-28T00:00:00Z,377.9522,382.4155,377.8923,381.9263,11673171.0
MSFT,1004,OneDay,2023-11-29T00:00:00Z,383.5539,383.5539,376.8737,378.3316,13456324.0
MSFT,1004,OneDay,2023-11-30T00:00:00Z,377.2434,379.43,374.9368,378.3515,10438841.0
MSFT,1004,OneDay,2023-12-05T00:00:00Z,366.1299,372.5105,365.0717,371.9812,12423348.0
MSFT,1004,OneDay,2023-12-06T00:00:00Z,372.9098,373.1994,367.6477,368.2968,10980445.0
MSFT,1004,OneDay,2023-12-07T00:00:00Z,367.5579,370.8827,365.7206,370.3835,10818615.0
MSFT,1004,OneDay,2023-12-08T00:00:00Z,368.3466,373.8185,367.7276,373.6387,9649474.0
MSFT,1004,OneDay,2023-12-11T00:00:00Z,366.0502,371.0327,365.6306,370.8928,13186912.0
MSFT,1004,OneDay,2023-12-12T00:00:00Z,370.3436,373.6786,369.9043,373.6786,11269144.0
MSFT,1004,OneDay,2023-12-13T00:00:00Z,375.436,377.0437,370.2238,373.4889,13004626.0
MSFT,1004,OneDay,2023-12-14T00:00:00Z,371.6916,372.6801,363.6537,365.1914,24309958.0
MSFT,1004,OneDay,2023-12-18T00:00:00Z,368.6261,372.4205,368.1569,372.0112,9894004.0
MSFT,1004,OneDay,2023-12-19T00:00:00Z,371.3223,372.4405,369.2754,372.4205,9049705.0
MSFT,1004,OneDay,2023-12-20T00:00:00Z,372.9897,375.416,370.2539,370.2539,12649672.0
MSFT,1004,OneDay,2023-12-21T00:00:00Z,371.6417,373.7986,369.475,373.0796,8776458.0
MSFT,1004,OneDay,2023-12-22T00:00:00Z,373.2993,374.5774,372.141,373.9482,7750694.0
MSFT,1004,OneDay,2023-12-26T00:00:00Z,374.3178,376.3445,372.9597,374.0482,7025244.0
MSFT,1004,OneDay,2023-12-27T00:00:00Z,373.7186,374.4774,372.2408,373.5589,7337744.0
MSFT,1004,OneDay,2023-12-28T00:00:00Z,374.7871,375.8453,373.5887,375.0467,7618087.0
MSFT,1004,OneDay,2023-12-29T00:00:00Z,375.446,376.5644,372.9098,375.5359,9098738.0
MSFT,1004,OneDay,2024-01-02T00:00:00Z,373.5589,375.2464,366.2298,370.1539,11716439.0
MSFT,1004,OneDay,2024-01-03T00:00:00Z,368.1069,372.6602,368.0672,369.8743,10169284.0
MSFT,1004,OneDay,2024-01-04T00:00:00Z,370.0442,372.5105,366.6191,367.2483,10145077.0
MSFT,1004,OneDay,2024-01-08T00:00:00Z,369.0357,374.5674,368.9557,374.0682,9910883.0
MSFT,1004,OneDay,2024-01-09T00:00:00Z,371.3223,375.416,370.6331,374.9767,9480974.0
MSFT,1004,OneDay,2024-01-10T00:00:00Z,376.3545,383.5837,376.0452,382.2258,13121634.0
MSFT,1004,OneDay,2024-01-11T00:00:00Z,386.3796,390.0142,379.7995,383.9932,15143468.0
MSFT,1004,OneDay,2024-01-16T00:00:00Z,393.2194,393.2194,387.0387,389.7446,13230519.0
MSFT,1004,OneDay,2024-01-17T00:00:00Z,387.7376,389.5149,384.2529,388.7361,9876715.0
MSFT,1004,OneDay,2024-01-18T00:00:00Z,391.6616,393.389,389.5149,393.1694,10540346.0
MSFT,1004,OneDay,2024-01-19T00:00:00Z,394.3775,397.8623,392.9297,397.8523,11762105.0
MSFT,1004,OneDay,2024-01-22T00:00:00Z,399.1703,399.9992,392.9897,396.0152,11111570.0
MSFT,1004,OneDay,2024-01-23T00:00:00Z,394.8568,398.7311,393.3691,398.2818,8543976.0
MSFT,1004,OneDay,2024-01-24T00:00:00Z,400.8978,404.9917,399.8392,401.9563,11333673.0
MSFT,1004,OneDay,2024-01-25T00:00:00Z,403.0444,406.3695,401.9162,404.3225,10265219.0
MSFT,1004,OneDay,2024-01-26T00:00:00Z,403.464,405.5507,401.8063,403.2144,8321826.0
MSFT,1004,OneDay,2024-01-29T00:00:00Z,404.782,409.3451,403.7336,409.0754,11815590.0
MSFT,1004,OneDay,2024-01-30T00:00:00Z,411.8713,411.8713,405.8503,408.3765,15003018.0
MSFT,1004,OneDay,2024-01-31T00:00:00Z,406.4294,414.3875,396.794,397.0534,25676999.0
MSFT,1004,OneDay,2024-02-01T00:00:00Z,401.6666,407.3481,401.327,403.0047,16257182.0
MSFT,1004,OneDay,2024-02-02T00:00:00Z,404.3925,412.0012,403.6137,410.6331,13921846.0
MSFT,1004,OneDay,2024-02-05T00:00:00Z,409.2553,410.4635,403.394,405.0117,11302520.0
MSFT,1004,OneDay,2024-02-06T00:00:00Z,406.09,407.2483,402.3055,404.8818,9493769.0
MSFT,1004,OneDay,2024-02-07T00:00:00Z,407.448,413.6586,407.1284,413.439,9687151.0
MSFT,1004,OneDay,2024-02-08T00:00:00Z,413.3391,414.9167,411.9012,413.399,8151378.0
MSFT,1004,OneDay,2024-02-09T00:00:00Z,414.4675,420.0189,414.4675,419.7196,9812422.0
MSFT,1004,OneDay,2024-02-12T00:00:00Z,419.4899,419.6996,414.1279,414.6471,9489445.0
MSFT,1004,OneDay,2024-02-13T00:00:00Z,403.474,409.415,403.2044,405.9102,13461609.0
MSFT,1004,OneDay,2024-02-14T00:00:00Z,406.7888,409.1454,403.9533,409.1454,9919687.0
MSFT,1004,OneDay,2024-02-15T00:00:00Z,407.8173,408.4565,403.6836,405.9402,11020216.0
MSFT,1004,OneDay,2024-02-16T00:00:00Z,406.6391,407.5676,402.9147,403.2743,8806701.0
MSFT,1004,OneDay,2024-02-20T00:00:00Z,402.4454,403.7536,397.413,402.1658,10310556.0
MSFT,1004,OneDay,2024-02-21T00:00:00Z,399.41,401.6067,396.6242,401.467,8383763.0
MSFT,1004,OneDay,2024-02-22T00:00:00Z,409.6746,412.1508,407.9572,410.8227,11797383.0
MSFT,1004,OneDay,2024-02-23T00:00:00Z,414.1879,414.9667,408.3665,409.9443,7785425.0
MSFT,1004,OneDay,2024-02-26T00:00:00Z,410.4834,411.5019,406.7491,406.9488,7159485.0
MSFT,1004,OneDay,2024-02-27T00:00:00Z,407.3481,407.3481,403.2144,406.9187,7833049.0
MSFT,1004,OneDay,2024-02-28T00:00:00Z,407.5079,408.6361,404.7121,407.0684,6338689.0
MSFT,1004,OneDay,2024-02-29T00:00:00Z,407.4879,413.5387,405.3511,412.8398,10326244.0
MSFT,1004,OneDay,2024-03-01T00:00:00Z,411.1924,415.2263,410.9527,414.8768,8723762.0
MSFT,1004,OneDay,2024-03-04T00:00:00Z,413.0294,416.6241,411.6816,414.2178,8012663.0
MSFT,1004,OneDay,2024-03-05T00:00:00Z,413.1693,413.1693,400.0292,401.9662,13787167.0
MSFT,1004,OneDay,2024-03-06T00:00:00Z,403.0247,404.5422,397.7925,401.6267,12283987.0
MSFT,1004,OneDay,2024-03-07T00:00:00Z,405.9402,409.1553,401.6267,408.6162,8892628.0
MSFT,1004,OneDay,2024-03-08T00:00:00Z,406.7391,409.7843,403.7036,405.5009,8844829.0
MSFT,1004,OneDay,2024-03-11T00:00:00Z,403.5836,404.9717,400.6681,403.9432,7963031.0
MSFT,1004,OneDay,2024-03-12T00:00:00Z,408.2268,414.9067,406.1698,414.7171,10343317.0
MSFT,1004,OneDay,2024-03-13T00:00:00Z,417.1234,417.1234,410.8927,414.4675,8411104.0
MSFT,1004,OneDay,2024-03-14T00:00:00Z,419.1403,427.1483,417.373,424.6021,17796715.0
MSFT,1004,OneDay,2024-03-15T00:00:00Z,420.9777,421.2173,412.1708,415.8852,14313690.0
MSFT,1004,OneDay,2024-03-18T00:00:00Z,413.7883,420.0789,413.5686,416.6042,8200001.0
MSFT,1004,OneDay,2024-03-19T00:00:00Z,416.9037,420.9777,414.9267,420.5581,8756768.0
MSFT,1004,OneDay,2024-03-20T00:00:00Z,421.9162,425.2611,420.0189,424.3825,8839576.0
MSFT,1004,OneDay,2024-03-21T00:00:00Z,429.1754,430.1238,426.4994,428.9158,9677732.0
MSFT,1004,OneDay,2024-03-22T00:00:00Z,428.2368,429.1854,425.431,428.1669,6572423.0
MSFT,1004,OneDay,2024-03-25T00:00:00Z,423.8133,426.4594,420.9977,422.2855,8163700.0
MSFT,1004,OneDay,2024-03-26T00:00:00Z,424.9117,425.0016,420.7281,420.9677,7427617.0
MSFT,1004,OneDay,2024-03-27T00:00:00Z,423.4939,423.6836,418.3915,420.6181,7303483.0
MSFT,1004,OneDay,2024-03-28T00:00:00Z,419.9792,421.1673,418.4515,420.1189,7335162.0
MSFT,1004,OneDay,2024-04-01T00:00:00Z,422.5054,427.1483,421.5767,424.0429,8380791.0
MSFT,1004,OneDay,2024-04-02T00:00:00Z,420.5282,421.7266,417.2133,420.748,8222533.0
MSFT,1004,OneDay,2024-04-03T00:00:00Z,419.0604,422.6051,418.4214,419.9992,8555718.0
MSFT,1004,OneDay,2024-04-04T00:00:00Z,423.6136,427.9971,417.0334,417.2533,8561532.0
MSFT,1004,OneDay,2024-04-05T00:00:00Z,419.1204,425.8203,417.6926,425.0114,8120612.0
MSFT,1004,OneDay,2024-04-08T00:00:00Z,424.1729,426.5991,422.6051,423.9932,6233985.0
MSFT,1004,OneDay,2024-04-09T00:00:00Z,426.0799,427.0384,420.9877,425.6106,5821985.0
MSFT,1004,OneDay,2024-04-10T00:00:00Z,423.304,423.304,419.0705,422.6651,7690288.0
MSFT,1004,OneDay,2024-04-11T00:00:00Z,425.301,428.6861,421.7166,427.288,7986379.0
MSFT,1004,OneDay,2024-04-12T00:00:00Z,423.1543,424.4824,419.1503,421.2671,8298704.0
MSFT,1004,OneDay,2024-04-15T00:00:00Z,424.7221,426.1199,412.8098,413.0097,9269568.0
MSFT,1004,OneDay,2024-04-16T00:00:00Z,413.7883,417.7425,413.1294,413.9882,7450285.0
MSFT,1004,OneDay,2024-04-17T00:00:00Z,416.7341,418.1819,409.7446,411.4219,7895109.0
MSFT,1004,OneDay,2024-04-18T00:00:00Z,410.1638,411.2423,403.4339,403.7635,9350400.0
MSFT,1004,OneDay,2024-04-19T00:00:00Z,402.8248,404.4725,397.1733,397.8923,11046583.0
MSFT,1004,OneDay,2024-04-22T00:00:00Z,400.3885,402.2059,395.1564,400.2388,9330744.0
MSFT,1004,OneDay,2024-04-23T00:00:00Z,403.394,407.5079,402.4655,407.0286,7057574.0
MSFT,1004,OneDay,2024-04-24T00:00:00Z,409.0855,411.7913,406.1698,408.6361,6861038.0
MSFT,1004,OneDay,2024-04-26T00:00:00Z,411.6816,411.7216,405.1514,405.9702,16372831.0
MSFT,1004,OneDay,2024-04-29T00:00:00Z,404.6521,405.0017,398.5414,401.5567,9934919.0
MSFT,1004,OneDay,2024-04-30T00:00:00Z,400.5384,401.337,388.6861,388.8258,14068536.0
MSFT,1004,OneDay,2024-05-01T00:00:00Z,391.4619,401.0474,389.7945,394.5474,12062027.0
MSFT,1004,OneDay,2024-05-02T00:00:00Z,398.6112,398.6112,394.0579,397.413,7930249.0
MSFT,1004,OneDay,2024-05-03T00:00:00Z,401.407,406.4095,401.2473,406.0499,8207833.0
MSFT,1004,OneDay,2024-05-06T00:00:00Z,407.358,413.289,405.7605,413.0196,7941912.0
MSFT,1004,OneDay,2024-05-07T00:00:00Z,413.0196,413.8083,408.4765,408.6761,7876008.0
MSFT,1004,OneDay,2024-05-08T00:00:00Z,406.9987,411.5817,406.09,409.9942,5303059.0
MSFT,1004,OneDay,2024-05-09T00:00:00Z,410.5432,412.081,408.4864,411.7016,5500651.0
MSFT,1004,OneDay,2024-05-13T00:00:00Z,416.9837,416.9937,410.1939,413.0994,7149890.0
MSFT,1004,OneDay,2024-05-14T00:00:00Z,411.382,416.8438,410.8927,415.9353,7794319.0
MSFT,1004,OneDay,2024-05-15T00:00:00Z,417.4229,423.1643,416.6341,422.5152,9040754.0
MSFT,1004,OneDay,2024-05-16T00:00:00Z,421.6266,424.7121,419.7196,420.2088,8109681.0
MSFT,1004,OneDay,2024-05-20T00:00:00Z,419.9192,426.0899,419.5997,424.6621,7253722.0
MSFT,1004,OneDay,2024-05-21T00:00:00Z,425.6706,432.3106,424.1929,428.3665,11070864.0
MSFT,1004,OneDay,2024-05-22T00:00:00Z,429.5446,431.7415,426.4694,429.9342,9900046.0
MSFT,1004,OneDay,2024-05-23T00:00:00Z,432.3106,432.7498,424.7918,426.5692,8784147.0
MSFT,1004,OneDay,2024-05-28T00:00:00Z,428.6161,430.1039,425.9502,429.4949,7620989.0
MSFT,1004,OneDay,2024-05-29T00:00:00Z,425.381,430.2438,425.281,428.2865,8048310.0
MSFT,1004,OneDay,2024-05-30T00:00:00Z,423.394,423.424,413.6686,413.8783,15205021.0
MSFT,1004,OneDay,2024-05-31T00:00:00Z,415.8553,415.8553,404.093,413.7485,17396504.0
MSFT,1004,OneDay,2024-06-03T00:00:00Z,415.1763,415.7156,408.3065,412.77,9128243.0
MSFT,1004,OneDay,2024-06-04T00:00:00Z,411.2821,415.7853,408.9757,415.406,8907199.0
MSFT,1004,OneDay,2024-06-05T00:00:00Z,417.1934,423.1343,415.6456,423.1343,7977427.0
MSFT,1004,OneDay,2024-06-06T00:00:00Z,422.9047,424.5922,419.9692,423.8732,6531704.0
MSFT,1004,OneDay,2024-06-07T00:00:00Z,424.1129,425.6306,422.4054,423.0944,5853060.0
MSFT,1004,OneDay,2024-06-10T00:00:00Z,424.1628,427.338,423.3141,427.1784,6469104.0
MSFT,1004,OneDay,2024-06-11T00:00:00Z,424.9017,431.9412,424.6121,431.8912,6785939.0
MSFT,1004,OneDay,2024-06-12T00:00:00Z,433.8183,442.725,432.6201,440.3884,11104795.0
MSFT,1004,OneDay,2024-06-13T00:00:00Z,440.2886,442.6951,438.6611,440.5781,10534378.0
MSFT,1004,OneDay,2024-06-14T00:00:00Z,437.4829,442.4255,436.0649,441.8862,8622309.0
MSFT,1004,OneDay,2024-06-17T00:00:00Z,441.3869,450.2335,440.0589,447.6776,9663090.0
MSFT,1004,OneDay,2024-06-18T00:00:00Z,448.4664,449.1253,444.2228,445.6606,11641761.0
MSFT,1004,OneDay,2024-06-20T00:00:00Z,445.6706,445.6706,440.5881,445.0014,9751146.0
MSFT,1004,OneDay,2024-06-21T00:00:00Z,446.1499,449.6945,445.8502,449.4747,10805541.0
MSFT,1004,OneDay,2024-06-24T00:00:00Z,449.1253,452.021,445.6906,447.1983,7170863.0
MSFT,1004,OneDay,2024-06-25T00:00:00Z,447.8273,450.7328,446.0699,450.1638,5903378.0
MSFT,1004,OneDay,2024-06-26T00:00:00Z,447.6076,452.8897,447.5776,451.7213,6525278.0
MSFT,1004,OneDay,2024-06-27T00:00:00Z,451.6116,455.4559,451.1923,451.8813,6688258.0
MSFT,1004,OneDay,2024-06-28T00:00:00Z,451.6216,454.6671,445.9701,446.1998,9978931.0
MSFT,1004,OneDay,2024-07-01T00:00:00Z,447.6476,456.6141,444.9814,456.0249,8538300.0
MSFT,1004,OneDay,2024-07-02T00:00:00Z,452.69,458.7908,452.5701,458.7608,6432522.0
MSFT,1004,OneDay,2024-07-03T00:00:00Z,457.3529,460.2985,457.2631,459.6496,4768555.0
MSFT,1004,OneDay,2024-07-05T00:00:00Z,458.4811,467.6076,458.4811,466.689,7053191.0
MSFT,1004,OneDay,2024-07-08T00:00:00Z,465.6606,466.9386,463.8532,465.2011,5982006.0
MSFT,1004,OneDay,2024-07-09T00:00:00Z,466.0998,466.0998,457.343,458.5511,8975571.0
MSFT,1004,OneDay,2024-07-10T00:00:00Z,459.9589,465.7402,458.2215,465.6705,7979853.0
MSFT,1004,OneDay,2024-07-11T00:00:00Z,462.4652,463.9032,450.8927,454.4772,11071276.0
MSFT,1004,OneDay,2024-07-12T00:00:00Z,452.1708,455.6356,449.9342,452.2706,7158836.0
MSFT,1004,OneDay,2024-07-15T00:00:00Z,452.2505,456.5442,450.7828,452.5701,6584518.0
MSFT,1004,OneDay,2024-07-16T00:00:00Z,452.9297,453.5487,445.9999,448.4762,8390973.0
MSFT,1004,OneDay,2024-07-17T00:00:00Z,440.5582,444.1228,438.5211,442.9944,10483110.0
MSFT,1004,OneDay,2024-07-18T00:00:00Z,443.4739,443.8233,433.7483,439.8993,11149267.0
MSFT,1004,OneDay,2024-07-19T00:00:00Z,432.0309,440.3685,431.4919,436.2446,10711671.0
MSFT,1004,OneDay,2024-07-22T00:00:00Z,440.5181,443.9132,438.2715,442.2755,6840314.0
MSFT,1004,OneDay,2024-07-23T00:00:00Z,443.4539,447.6576,442.4354,444.1429,8007071.0
MSFT,1004,OneDay,2024-07-24T00:00:00Z,439.4699,440.728,426.9188,428.5762,12769348.0
MSFT,1004,OneDay,2024-07-25T00:00:00Z,428.8558,429.0954,416.8837,417.7026,15776822.0
MSFT,1004,OneDay,2024-07-26T00:00:00Z,416.9837,428.2566,416.6741,424.752,10190134.0
MSFT,1004,OneDay,2024-07-29T00:00:00Z,428.0669,429.0654,424.0429,426.4495,7641646.0
MSFT,1004,OneDay,2024-07-30T00:00:00Z,425.8802,428.3765,416.764,422.2458,12948796.0
MSFT,1004,OneDay,2024-07-31T00:00:00Z,419.6396,420.8478,411.6416,418.0919,22191230.0
MSFT,1004,OneDay,2024-08-01T00:00:00Z,419.8593,426.729,412.4705,416.0449,15744078.0
MSFT,1004,OneDay,2024-08-02T00:00:00Z,411.412,414.2079,403.7236,407.2383,14589536.0
MSFT,1004,OneDay,2024-08-05T00:00:00Z,388.5961,400.3785,385.0117,394.3576,19268482.0
MSFT,1004,OneDay,2024-08-06T00:00:00Z,398.4115,405.0017,398.4115,399.0107,11297429.0
MSFT,1004,OneDay,2024-08-07T00:00:00Z,407.468,409.405,396.8638,397.2433,10045893.0
MSFT,1004,OneDay,2024-08-08T00:00:00Z,401.5269,405.2014,399.31,402.5054,8672736.0
MSFT,1004,OneDay,2024-08-09T00:00:00Z,403.474,407.3481,401.6466,405.6207,6988720.0
MSFT,1004,OneDay,2024-08-12T00:00:00Z,406.6591,408.1469,403.6237,406.2798,6813299.0
MSFT,1004,OneDay,2024-08-13T00:00:00Z,409.2154,414.2875,409.1454,413.3391,7145534.0
MSFT,1004,OneDay,2024-08-14T00:00:00Z,414.2776,417.0735,411.8113,416.4045,8090274.0
MSFT,1004,OneDay,2024-08-15T00:00:00Z,419.2701,420.2985,417.0234,420.2985,9008304.0
MSFT,1004,OneDay,2024-08-16T00:00:00Z,419.7693,420.3485,416.6741,417.8623,6398224.0
MSFT,1004,OneDay,2024-08-19T00:00:00Z,418.8208,420.7878,415.8253,420.6481,6638827.0
MSFT,1004,OneDay,2024-08-20T00:00:00Z,421.1373,425.1814,421.0076,424.1829,6774494.0
MSFT,1004,OneDay,2024-08-21T00:00:00Z,422.8648,425.7305,421.0774,423.354,6276746.0
MSFT,1004,OneDay,2024-08-22T00:00:00Z,423.8233,426.0099,413.9682,414.9267,8513097.0
MSFT,1004,OneDay,2024-08-23T00:00:00Z,416.6841,418.5912,411.4819,416.2049,7751537.0
MSFT,1004,OneDay,2024-08-26T00:00:00Z,415.4259,416.5541,410.7131,412.8298,5449308.0
MSFT,1004,OneDay,2024-08-27T00:00:00Z,411.9812,413.6786,409.6147,413.1394,5795306.0
MSFT,1004,OneDay,2024-08-28T00:00:00Z,413.6586,414.0279,406.6991,409.8643,6592991.0
MSFT,1004,OneDay,2024-08-29T00:00:00Z,414.4075,421.347,411.302,412.4304,8467975.0
MSFT,1004,OneDay,2024-08-30T00:00:00Z,414.8268,416.6841,411.5119,416.5641,6579191.0
MSFT,1004,OneDay,2024-09-03T00:00:00Z,417.1834,419.1304,406.4195,408.8458,8485881.0
MSFT,1004,OneDay,2024-09-04T00:00:00Z,404.9617,410.6132,403.7236,408.4065,7746474.0
MSFT,1004,OneDay,2024-09-05T00:00:00Z,407.7775,412.4505,405.5309,407.0187,7076202.0
MSFT,1004,OneDay,2024-09-06T00:00:00Z,409.0754,409.9142,400.1788,401.1474,8116350.0
MSFT,1004,OneDay,2024-09-09T00:00:00Z,406.0799,407.9972,401.5666,405.0017,7607661.0
MSFT,1004,OneDay,2024-09-10T00:00:00Z,407.4279,415.6156,407.308,414.0379,9405104.0
MSFT,1004,OneDay,2024-09-11T00:00:00Z,413.9182,423.2543,409.0256,423.2543,8270851.0
MSFT,1004,OneDay,2024-09-12T00:00:00Z,423.2543,426.6991,419.1503,426.0999,8180470.0
MSFT,1004,OneDay,2024-09-13T00:00:00Z,424.9817,431.1624,424.9817,430.0339,7221935.0
MSFT,1004,OneDay,2024-09-16T00:00:00Z,430.0839,432.7897,427.5677,430.5032,6520224.0
MSFT,1004,OneDay,2024-09-17T00:00:00Z,436.6341,441.1073,431.5817,434.2575,9674014.0
MSFT,1004,OneDay,2024-09-18T00:00:00Z,434.3076,435.2363,429.7942,429.9342,8117399.0
MSFT,1004,OneDay,2024-09-19T00:00:00Z,439.6996,440.5181,436.2248,437.7423,8564371.0
MSFT,1004,OneDay,2024-09-20T00:00:00Z,436.6341,438.5012,433.5587,434.9267,7899554.0
MSFT,1004,OneDay,2024-09-23T00:00:00Z,433.349,435.7453,429.8543,432.8498,5177664.0
MSFT,1004,OneDay,2024-09-24T00:00:00Z,431.4719,432.051,425.4709,428.3565,7009714.0
MSFT,1004,OneDay,2024-09-25T00:00:00Z,428.5361,432.4305,427.9572,431.1923,5781617.0
MSFT,1004,OneDay,2024-09-26T00:00:00Z,433.339,433.339,428.4864,430.7927,6611233.0
MSFT,1004,OneDay,2024-09-27T00:00:00Z,430.3335,431.1724,426.7987,426.9787,6168753.0
MSFT,1004,OneDay,2024-09-30T00:00:00Z,427.2581,429.6346,424.7121,429.6346,5784317.0
MSFT,1004,OneDay,2024-10-01T00:00:00Z,426.8188,427.448,418.1919,419.7495,8578366.0
MSFT,1004,OneDay,2024-10-02T00:00:00Z,420.3885,420.6781,416.0949,416.6042,8110204.0
MSFT,1004,OneDay,2024-10-03T00:00:00Z,416.8638,418.8708,413.6986,415.8453,7169794.0
MSFT,1004,OneDay,2024-10-04T00:00:00Z,417.1633,419.0204,414.3775,415.5059,7310331.0
MSFT,1004,OneDay,2024-10-07T00:00:00Z,415.8952,416.4044,408.3964,408.6261,9372063.0
MSFT,1004,OneDay,2024-10-08T00:00:00Z,410.1538,414.9966,407.5576,414.0081,10258293.0
MSFT,1004,OneDay,2024-10-09T00:00:00Z,414.8767,419.6996,413.7783,416.8437,8081286.0
MSFT,1004,OneDay,2024-10-10T00:00:00Z,413.4689,416.6941,412.5004,415.1863,6652755.0
MSFT,1004,OneDay,2024-10-14T00:00:00Z,416.9736,423.354,416.9736,418.4315,8514172.0
MSFT,1004,OneDay,2024-10-15T00:00:00Z,420.8677,421.2073,414.6071,417.5727,7201785.0
MSFT,1004,OneDay,2024-10-16T00:00:00Z,414.6171,415.7155,409.8742,415.4459,8043894.0
MSFT,1004,OneDay,2024-10-17T00:00:00Z,421.6166,421.6765,414.9667,416.2746,10030738.0
MSFT,1004,OneDay,2024-10-21T00:00:00Z,415.4259,418.2617,413.1593,418.2218,6439451.0
MSFT,1004,OneDay,2024-10-22T00:00:00Z,418.022,429.8842,417.4129,426.8387,12316074.0
MSFT,1004,OneDay,2024-10-23T00:00:00Z,429.4448,429.9242,421.8862,424.0129,9412102.0
MSFT,1004,OneDay,2024-10-24T00:00:00Z,424.8817,425.2311,421.7565,424.2128,5791792.0
MSFT,1004,OneDay,2024-10-28T00:00:00Z,430.0439,430.3934,425.7902,425.8902,6507020.0
MSFT,1004,OneDay,2024-10-29T00:00:00Z,427.358,432.5101,425.1713,431.272,7071474.0
MSFT,1004,OneDay,2024-10-30T00:00:00Z,436.4244,437.7622,431.5716,432.3704,12792698.0
MSFT,1004,OneDay,2024-10-31T00:00:00Z,413.5188,413.5486,405.6805,406.9386,26209975.0
MSFT,1004,OneDay,2024-11-01T00:00:00Z,408.756,414.8268,406.9286,409.7245,12028160.0
MSFT,1004,OneDay,2024-11-04T00:00:00Z,408.9856,409.7345,404.9717,407.8772,8987902.0
MSFT,1004,OneDay,2024-11-05T00:00:00Z,409.0056,414.2477,408.6261,410.7828,8456929.0
MSFT,1004,OneDay,2024-11-06T00:00:00Z,411.9911,419.6996,409.9742,419.3999,11868803.0
MSFT,1004,OneDay,2024-11-07T00:00:00Z,419.5396,426.1898,419.2602,424.9417,8768497.0
MSFT,1004,OneDay,2024-11-08T00:00:00Z,424.9517,425.8002,421.1973,422.0558,7231735.0
MSFT,1004,OneDay,2024-11-11T00:00:00Z,421.8662,424.1128,415.436,417.3929,9374048.0
MSFT,1004,OneDay,2024-11-12T00:00:00Z,417.293,423.7633,416.5742,422.7747,8162537.0
MSFT,1004,OneDay,2024-11-13T00:00:00Z,420.708,428.6661,417.5826,424.6221,9288393.0
MSFT,1004,OneDay,2024-11-14T00:00:00Z,424.4124,427.4579,419.4199,426.3595,10625502.0
MSFT,1004,OneDay,2024-11-15T00:00:00Z,421.0774,422.0759,413.0196,414.1079,11547989.0
MSFT,1004,OneDay,2024-11-18T00:00:00Z,413.2592,417.7625,411.5218,415.1763,6752453.0
MSFT,1004,OneDay,2024-11-19T00:00:00Z,412.5004,417.283,410.9326,417.0633,7446836.0
MSFT,1004,OneDay,2024-11-21T00:00:00Z,418.4614,418.4714,409.6645,412.2607,9569912.0
MSFT,1004,OneDay,2024-11-22T00:00:00Z,410.4435,416.724,410.4435,416.2945,9060707.0
MSFT,1004,OneDay,2024-11-25T00:00:00Z,417.0334,420.3585,414.1878,418.2715,7444746.0
MSFT,1004,OneDay,2024-11-26T00:00:00Z,419.5396,428.3664,418.2318,427.2482,10104721.0
MSFT,1004,OneDay,2024-11-27T00:00:00Z,423.8233,426.4594,421.3769,421.6966,6895103.0
MSFT,1004,OneDay,2024-12-02T00:00:00Z,420.8677,432.0408,420.668,430.4434,8182654.0
MSFT,1004,OneDay,2024-12-03T00:00:00Z,428.9056,431.7415,427.1783,430.4434,6686274.0
MSFT,1004,OneDay,2024-12-04T00:00:00Z,433.1193,438.9606,432.62,436.714,10799782.0
MSFT,1004,OneDay,2024-12-05T00:00:00Z,438.0318,443.9431,435.5156,441.9262,9550816.0
MSFT,1004,OneDay,2024-12-06T00:00:00Z,442.0158,445.331,441.1473,442.9247,7250548.0
MSFT,1004,OneDay,2024-12-09T00:00:00Z,441.9062,447.5975,439.7492,445.301,8471351.0
MSFT,1004,OneDay,2024-12-10T00:00:00Z,443.8932,448.9057,440.9277,442.4454,7573580.0
MSFT,1004,OneDay,2024-12-11T00:00:00Z,444.2027,449.5646,443.3639,448.3364,6867806.0
MSFT,1004,OneDay,2024-12-12T00:00:00Z,449.1053,455.4558,448.4961,448.8457,9174467.0
MSFT,1004,OneDay,2024-12-13T00:00:00Z,448.1868,450.663,444.9117,446.7987,7035508.0
MSFT,1004,OneDay,2024-12-16T00:00:00Z,447.5376,451.4519,444.5821,450.8127,7733361.0
MSFT,1004,OneDay,2024-12-17T00:00:00Z,449.5046,454.5071,448.8756,453.6585,7613195.0
MSFT,1004,OneDay,2024-12-18T00:00:00Z,450.5131,451.9411,436.644,436.644,9984457.0
MSFT,1004,OneDay,2024-12-19T00:00:00Z,441.0374,442.4054,435.7155,436.644,8685837.0
MSFT,1004,OneDay,2024-12-20T00:00:00Z,430.9726,442.9346,428.0468,436.0449,12749518.0
MSFT,1004,OneDay,2024-12-24T00:00:00Z,434.0079,438.641,433.4589,438.5511,3470630.0
MSFT,1004,OneDay,2024-12-26T00:00:00Z,437.9421,440.0788,435.9052,437.6026,4135506.0
MSFT,1004,OneDay,2024-12-27T00:00:00Z,434.0378,434.1178,425.7205,429.8342,8622700.0
MSFT,1004,OneDay,2024-12-30T00:00:00Z,424.722,426.8487,421.327,424.3625,6808128.0
MSFT,1004,OneDay,2024-12-31T00:00:00Z,425.1813,425.9601,420.0388,421.1573,5815525.0
MSFT,1004,OneDay,2025-01-02T00:00:00Z,424.0629,425.2113,414.1978,417.6625,8419182.0
MSFT,1004,OneDay,2025-01-03T00:00:00Z,420.1688,423.3739,418.9007,423.0844,7715253.0
MSFT,1004,OneDay,2025-01-06T00:00:00Z,426.639,433.5686,424.8218,427.2083,9022665.0
MSFT,1004,OneDay,2025-01-07T00:00:00Z,428.6161,429.8642,420.1688,421.8462,7217689.0
MSFT,1004,OneDay,2025-01-08T00:00:00Z,423.2043,426.1498,420.8877,423.8932,6168596.0
MSFT,1004,OneDay,2025-01-10T00:00:00Z,423.0443,423.0844,414.4174,418.2218,8979526.0
MSFT,1004,OneDay,2025-01-13T00:00:00Z,415.326,417.7125,411.6715,416.4444,8467894.0
MSFT,1004,OneDay,2025-01-14T00:00:00Z,416.8737,418.9607,410.1039,414.5173,7805200.0
MSFT,1004,OneDay,2025-01-15T00:00:00Z,418.2617,427.4679,417.9221,425.6505,8063208.0
MSFT,1004,OneDay,2025-01-16T00:00:00Z,428.2267,428.2267,423.7732,423.8732,7608830.0
MSFT,1004,OneDay,2025-01-17T00:00:00Z,431.6816,432.5101,427.5676,427.9071,9633591.0
MSFT,1004,OneDay,2025-01-21T00:00:00Z,429.4549,430.2038,424.9616,427.6876,8276942.0
MSFT,1004,OneDay,2025-01-22T00:00:00Z,436.714,446.2495,435.346,445.5806,12343258.0
MSFT,1004,OneDay,2025-01-23T00:00:00Z,440.9476,445.9002,440.9476,445.8402,7582353.0
MSFT,1004,OneDay,2025-01-24T00:00:00Z,443.1043,445.9501,440.728,443.2739,6885976.0
MSFT,1004,OneDay,2025-01-27T00:00:00Z,424.2725,434.5071,423.264,434.1878,16817067.0
MSFT,1004,OneDay,2025-01-28T00:00:00Z,432.1408,447.6975,430.6031,446.4991,11881990.0
MSFT,1004,OneDay,2025-01-29T00:00:00Z,443.4439,444.7717,439.7295,441.8962,9533050.0
MSFT,1004,OneDay,2025-01-30T00:00:00Z,418.4214,422.1258,412.5501,414.2775,31213043.0
MSFT,1004,OneDay,2025-01-31T00:00:00Z,416.9337,419.9991,414.4375,414.657,16637727.0
MSFT,1004,OneDay,2025-02-03T00:00:00Z,408.746,414.757,408.0469,410.1538,12775749.0
MSFT,1004,OneDay,2025-02-04T00:00:00Z,411.332,413.2393,409.1553,411.7016,10512595.0
MSFT,1004,OneDay,2025-02-05T00:00:00Z,410.6031,413.1693,409.8042,412.65,8225526.0
MSFT,1004,OneDay,2025-02-06T00:00:00Z,413.9382,417.5426,413.4689,415.1863,8024310.0
MSFT,1004,OneDay,2025-02-07T00:00:00Z,414.8268,417.9522,407.4779,409.3949,11401153.0
MSFT,1004,OneDay,2025-02-10T00:00:00Z,412.7001,414.8268,410.3135,411.5416,8115311.0
MSFT,1004,OneDay,2025-02-11T00:00:00Z,408.7061,411.8112,408.7061,410.7927,5817307.0
MSFT,1004,OneDay,2025-02-12T00:00:00Z,405.4309,410.1039,403.7734,408.3964,7118513.0
MSFT,1004,OneDay,2025-02-13T00:00:00Z,405.9002,410.3535,405.7505,410.0738,7781509.0
MSFT,1004,OneDay,2025-02-14T00:00:00Z,406.4495,408.1968,405.2712,407.7076,11287002.0
MSFT,1004,OneDay,2025-02-18T00:00:00Z,407.3279,409.9442,405.9002,408.746,8869843.0
MSFT,1004,OneDay,2025-02-19T00:00:00Z,407.8772,414.8467,407.0186,414.1178,13275472.0
MSFT,1004,OneDay,2025-02-20T00:00:00Z,414.4274,418.641,411.9211,415.366,12325819.0
MSFT,1004,OneDay,2025-02-21T00:00:00Z,416.9936,417.2233,407.358,407.5079,10301582.0
MSFT,1004,OneDay,2025-02-24T00:00:00Z,408.1668,408.4564,398.7211,403.4339,13358407.0
MSFT,1004,OneDay,2025-02-25T00:00:00Z,400.8177,401.2173,396.1049,397.5726,13669148.0
MSFT,1004,OneDay,2025-02-26T00:00:00Z,396.4144,402.9547,393.6486,399.1304,8342480.0
MSFT,1004,OneDay,2025-02-27T00:00:00Z,400.3685,404.9217,391.7015,391.7015,9412497.0
MSFT,1004,OneDay,2025-02-28T00:00:00Z,391.5219,396.9837,385.9902,396.3845,11493693.0
MSFT,1004,OneDay,2025-03-03T00:00:00Z,396.9737,397.353,385.6006,387.8372,11124322.0
MSFT,1004,OneDay,2025-03-04T00:00:00Z,382.6751,391.9112,380.4684,388.1068,14360034.0
MSFT,1004,OneDay,2025-03-05T00:00:00Z,388.4964,401.0276,388.2368,400.4084,11689637.0
MSFT,1004,OneDay,2025-03-06T00:00:00Z,393.1693,401.457,392.7,396.3444,11340315.0
MSFT,1004,OneDay,2025-03-07T00:00:00Z,390.9227,394.1179,384.9616,392.8598,11105013.0
MSFT,1004,OneDay,2025-03-10T00:00:00Z,384.702,385.7105,376.6541,379.4,16318788.0
MSFT,1004,OneDay,2025-03-11T00:00:00Z,378.6111,385.3112,376.3445,379.8492,12450721.0
MSFT,1004,OneDay,2025-03-12T00:00:00Z,382.0162,384.5721,378.3915,382.8848,12396326.0
MSFT,1004,OneDay,2025-03-13T00:00:00Z,382.3654,384.5821,376.8637,377.9022,9863975.0
MSFT,1004,OneDay,2025-03-14T00:00:00Z,379.38,389.0256,379.38,387.9172,9228649.0
MSFT,1004,OneDay,2025-03-17T00:00:00Z,385.351,392.1008,384.9716,388.1369,9250757.0
MSFT,1004,OneDay,2025-03-18T00:00:00Z,385.421,385.9002,380.5584,382.9247,7830554.0
MSFT,1004,OneDay,2025-03-19T00:00:00Z,383.8233,389.0556,383.6336,386.6791,6747647.0
MSFT,1004,OneDay,2025-03-20T00:00:00Z,384.3425,391.1523,382.6751,386.1998,7824032.0
MSFT,1004,OneDay,2025-03-21T00:00:00Z,382.4255,391.0823,382.3255,390.9127,12389852.0
MSFT,1004,OneDay,2025-03-24T00:00:00Z,393.4889,393.8482,389.325,392.1708,9552580.0
MSFT,1004,OneDay,2025-03-25T00:00:00Z,393.3489,395.7256,392.0511,394.5374,6745800.0
MSFT,1004,OneDay,2025-03-26T00:00:00Z,394.0481,394.6271,387.9772,389.2653,7301210.0
MSFT,1004,OneDay,2025-03-27T00:00:00Z,388.8658,391.6016,386.809,390.1038,6035480.0
MSFT,1004,OneDay,2025-03-31T00:00:00Z,370.9028,376.3445,366.6791,374.2078,14056479.0
MSFT,1004,OneDay,2025-04-01T00:00:00Z,373.2793,382.2058,372.6901,381.5369,10325743.0
MSFT,1004,OneDay,2025-04-02T00:00:00Z,377.0934,384.4324,376.0351,381.8462,7380510.0
MSFT,1004,OneDay,2025-04-03T00:00:00Z,373.9682,376.8437,368.7661,372.1908,15389610.0
MSFT,1004,OneDay,2025-04-04T00:00:00Z,365.1614,373.8285,358.9607,359.1403,23783445.0
MSFT,1004,OneDay,2025-04-07T00:00:00Z,353.1096,369.9941,344.2828,357.433,26165077.0
MSFT,1004,OneDay,2025-04-08T00:00:00Z,368.0871,373.0197,349.8445,355.2263,18045972.0
MSFT,1004,OneDay,2025-04-10T00:00:00Z,381.327,383.1643,367.2783,380.3985,19412160.0
MSFT,1004,OneDay,2025-04-11T00:00:00Z,380.3585,389.315,378.3415,387.318,11298368.0
MSFT,1004,OneDay,2025-04-14T00:00:00Z,391.4419,393.9182,383.6436,387.1783,10349911.0
MSFT,1004,OneDay,2025-04-15T00:00:00Z,388.1868,391.2023,383.5836,385.1414,8589060.0
MSFT,1004,OneDay,2025-04-16T00:00:00Z,380.6181,380.8377,367.6776,370.733,11009195.0
MSFT,1004,OneDay,2025-04-17T00:00:00Z,372.74,373.6186,366.3397,367.1784,9831188.0
MSFT,1004,OneDay,2025-04-21T00:00:00Z,362.4155,363.7136,355.1463,358.7011,9196160.0
MSFT,1004,OneDay,2025-04-22T00:00:00Z,362.1859,367.1283,359.36,366.2398,9432241.0
MSFT,1004,OneDay,2025-04-23T00:00:00Z,375.5359,379.6796,372.4504,373.8883,8549551.0
MSFT,1004,OneDay,2025-04-24T00:00:00Z,374.787,387.8173,374.5773,386.6091,9386302.0
MSFT,1004,OneDay,2025-04-25T00:00:00Z,386.8887,391.5419,383.9731,391.2623,8407260.0
MSFT,1004,OneDay,2025-04-28T00:00:00Z,389.9242,392.0808,386.0401,390.3735,8036653.0
MSFT,1004,OneDay,2025-04-29T00:00:00Z,389.9242,394.3575,389.9242,393.4289,6906471.0
MSFT,1004,OneDay,2025-04-30T00:00:00Z,389.415,395.9752,383.8632,392.77,13190789.0
MSFT,1004,OneDay,2025-05-01T00:00:00Z,434.1278,436.1548,424.3325,424.3325,31642653.0
MSFT,1004,OneDay,2025-05-02T00:00:00Z,431.3919,438.7408,429.3649,434.9167,15765399.0
MSFT,1004,OneDay,2025-05-05T00:00:00Z,432.9596,438.8107,432.65,435.336,8548667.0
MSFT,1004,OneDay,2025-05-06T00:00:00Z,431.5816,436.9736,431.5316,432.6701,7216108.0
MSFT,1004,OneDay,2025-05-07T00:00:00Z,433.2093,437.343,430.4534,433.0594,9424201.0
MSFT,1004,OneDay,2025-05-08T00:00:00Z,437.5326,442.9546,434.9466,437.403,9958022.0
MSFT,1004,OneDay,2025-05-09T00:00:00Z,439.34,439.5796,435.1963,438.1818,6285132.0
MSFT,1004,OneDay,2025-05-12T00:00:00Z,444.8417,448.3165,439.1503,448.3165,10927164.0
MSFT,1004,OneDay,2025-05-13T00:00:00Z,446.6391,449.9042,444.7918,448.4761,12332065.0
MSFT,1004,OneDay,2025-05-14T00:00:00Z,447.9769,453.1393,447.6175,452.1108,9773455.0
MSFT,1004,OneDay,2025-05-15T00:00:00Z,450.2435,455.4558,449.7542,451.7213,9969494.0
MSFT,1004,OneDay,2025-05-16T00:00:00Z,449.1253,453.6085,448.0469,453.5686,9350638.0
MSFT,1004,OneDay,2025-05-19T00:00:00Z,450.3534,458.8207,450.3534,458.2815,9455353.0
MSFT,1004,OneDay,2025-05-20T00:00:00Z,454.9664,457.5626,453.6386,457.4528,6489051.0
MSFT,1004,OneDay,2025-05-21T00:00:00Z,454.3974,457.0533,451.1223,451.7813,8595274.0
MSFT,1004,OneDay,2025-05-22T00:00:00Z,453.5187,459.3399,453.2092,454.1178,8891006.0
MSFT,1004,OneDay,2025-05-23T00:00:00Z,449.7243,452.9196,448.2664,449.4049,8412798.0
MSFT,1004,OneDay,2025-05-27T00:00:00Z,455.5656,460.0389,455.5656,459.5196,9683689.0
MSFT,1004,OneDay,2025-05-28T00:00:00Z,461.1872,461.7362,456.2544,456.8137,7505009.0
MSFT,1004,OneDay,2025-05-29T00:00:00Z,460.4284,460.9773,454.6271,457.8422,5739135.0
MSFT,1004,OneDay,2025-05-30T00:00:00Z,458.8207,460.9176,454.8167,459.3999,8446451.0
MSFT,1004,OneDay,2025-06-02T00:00:00Z,456.7237,461.3369,456.7237,461.1173,7616248.0
MSFT,1004,OneDay,2025-06-03T00:00:00Z,462.7447,463.3439,460.1688,462.4751,6925755.0
MSFT,1004,OneDay,2025-06-04T00:00:00Z,463.214,464.8817,462.3154,463.4438,6116021.0
MSFT,1004,OneDay,2025-06-05T00:00:00Z,465.9698,468.9156,463.3339,466.4992,8782616.0
MSFT,1004,OneDay,2025-06-06T00:00:00Z,468.9356,472.59,468.0768,469.5446,7316673.0
MSFT,1004,OneDay,2025-06-09T00:00:00Z,469.8441,472.6997,467.8872,471.8012,6802207.0
MSFT,1004,OneDay,2025-06-10T00:00:00Z,470.9326,472.0109,466.2394,470.2235,7616253.0
MSFT,1004,OneDay,2025-06-11T00:00:00Z,469.3449,474.7267,469.2349,472.0109,7870582.0
MSFT,1004,OneDay,2025-06-12T00:00:00Z,474.0778,479.6595,472.8597,478.1018,8930322.0
MSFT,1004,OneDay,2025-06-13T00:00:00Z,474.677,478.0119,472.2505,474.1178,8018957.0
MSFT,1004,OneDay,2025-06-16T00:00:00Z,475.266,479.9191,475.266,478.2315,7124298.0
MSFT,1004,OneDay,2025-06-17T00:00:00Z,475.3359,477.9819,473.3589,477.1732,6856053.0
MSFT,1004,OneDay,2025-06-18T00:00:00Z,477.193,480.1288,474.627,479.5695,8024954.0
MSFT,1004,OneDay,2025-06-20T00:00:00Z,480.7777,482.6051,476.2145,476.3344,9769684.0
MSFT,1004,OneDay,2025-06-23T00:00:00Z,475.8351,486.9383,471.7912,485.1612,12155428.0
MSFT,1004,OneDay,2025-06-24T00:00:00Z,487.8272,491.0623,486.1098,489.4446,10260559.0
MSFT,1004,OneDay,2025-06-25T00:00:00Z,491.2719,493.7582,488.6658,491.4916,8828720.0
MSFT,1004,OneDay,2025-06-26T00:00:00Z,494.0478,497.2629,492.1008,496.8736,10040902.0
MSFT,1004,OneDay,2025-06-30T00:00:00Z,496.4441,499.6792,494.5871,497.8021,10141706.0
MSFT,1004,OneDay,2025-07-01T00:00:00Z,495.176,497.2829,490.2335,491.3119,10211133.0
MSFT,1004,OneDay,2025-07-02T00:00:00Z,489.4246,492.6797,487.8771,490.2034,8275053.0
MSFT,1004,OneDay,2025-07-07T00:00:00Z,497.0733,497.8921,494.4471,496.8237,6849396.0
MSFT,1004,OneDay,2025-07-08T00:00:00Z,496.4041,497.313,493.3689,495.9448,5857865.0
MSFT,1004,OneDay,2025-07-09T00:00:00Z,501.0173,505.9399,498.9903,502.4452,10602392.0
MSFT,1004,OneDay,2025-07-10T00:00:00Z,503.0143,503.5935,497.0233,500.5781,7944411.0
MSFT,1004,OneDay,2025-07-11T00:00:00Z,498.4211,504.2425,497.5225,502.605,7284909.0
MSFT,1004,OneDay,2025-07-14T00:00:00Z,500.9474,503.164,500.2584,502.2754,5935650.0
MSFT,1004,OneDay,2025-07-15T00:00:00Z,502.6948,507.5175,502.0258,505.241,8082790.0
MSFT,1004,OneDay,2025-07-16T00:00:00Z,504.3424,505.8999,501.1272,504.9014,7258152.0
MSFT,1004,OneDay,2025-07-17T00:00:00Z,505.5405,512.57,505.3609,510.6727,8909336.0
MSFT,1004,OneDay,2025-07-18T00:00:00Z,511.6412,512.6,507.6275,509.2549,8186208.0
MSFT,1004,OneDay,2025-07-21T00:00:00Z,505.8999,511.2619,504.8217,509.2849,6786726.0
MSFT,1004,OneDay,2025-07-22T00:00:00Z,510.3334,510.3334,504.5621,504.9213,6465624.0
MSFT,1004,OneDay,2025-07-23T00:00:00Z,505.241,505.241,499.9489,504.9514,8504780.0
MSFT,1004,OneDay,2025-07-24T00:00:00Z,507.2679,512.3703,506.539,510.1835,7920984.0
MSFT,1004,OneDay,2025-07-25T00:00:00Z,510.2335,517.4826,509.5446,513.1192,9714193.0
MSFT,1004,OneDay,2025-07-28T00:00:00Z,512.51,514.1775,509.3649,511.5815,7211625.0
MSFT,1004,OneDay,2025-07-29T00:00:00Z,514.3074,516.8037,510.7527,512.2804,11767890.0
MSFT,1004,OneDay,2025-07-30T00:00:00Z,512.2804,554.4771,508.6858,550.1735,16362121.0
MSFT,1004,OneDay,2025-07-31T00:00:00Z,550.1735,560.8874,531.122,534.7466,34483350.0
MSFT,1004,OneDay,2025-08-01T00:00:00Z,534.7466,539.4296,520.0688,523.3538,15854931.0
MSFT,1004,OneDay,2025-08-04T00:00:00Z,524.2624,537.4126,523.8131,536.494,18206937.0
MSFT,1004,OneDay,2025-08-05T00:00:00Z,536.2944,537.8021,526.4591,527.1082,12986717.0
MSFT,1004,OneDay,2025-08-06T00:00:00Z,527.3676,532.2604,523.4336,525.4107,14410442.0
MSFT,1004,OneDay,2025-08-07T00:00:00Z,525.211,528.6059,516.7736,520.3683,11981993.0
MSFT,1004,OneDay,2025-08-08T00:00:00Z,520.4681,523.5635,518.6607,521.167,7854050.0
MSFT,1004,OneDay,2025-08-11T00:00:00Z,519.3098,526.7187,518.9703,521.3169,15529306.0
MSFT,1004,OneDay,2025-08-12T00:00:00Z,521.3169,530.1235,521.0273,528.7657,14120513.0
MSFT,1004,OneDay,2025-08-13T00:00:00Z,528.7257,531.7511,518.591,520.4481,13207003.0
MSFT,1004,OneDay,2025-08-14T00:00:00Z,520.4481,525.1112,519.3698,522.2155,13198913.0
MSFT,1004,OneDay,2025-08-15T00:00:00Z,522.4551,525.2509,518.3214,519.3996,11772134.0
MSFT,1004,OneDay,2025-08-18T00:00:00Z,520.0787,521.9658,513.2489,516.4641,16356128.0
MSFT,1004,OneDay,2025-08-19T00:00:00Z,516.4641,516.8037,507.7871,509.3349,14263355.0
MSFT,1004,OneDay,2025-08-20T00:00:00Z,509.3349,510.3434,503.6832,504.7517,18634876.0
MSFT,1004,OneDay,2025-08-21T00:00:00Z,504.7417,506.8087,501.7462,503.4936,12470562.0
MSFT,1004,OneDay,2025-08-22T00:00:00Z,503.4936,509.9138,500.7477,506.529,11624298.0
MSFT,1004,OneDay,2025-08-25T00:00:00Z,505.9898,507.4076,502.9343,503.6433,12879421.0
MSFT,1004,OneDay,2025-08-26T00:00:00Z,503.6433,504.1425,497.7622,501.9459,24983921.0
MSFT,1004,OneDay,2025-08-27T00:00:00Z,501.9459,506.3594,499.1302,505.8601,13457670.0
MSFT,1004,OneDay,2025-08-28T00:00:00Z,505.8401,510.0938,504.7417,509.235,14654895.0
MSFT,1004,OneDay,2025-08-29T00:00:00Z,509.235,509.4347,503.7332,505.8501,8756421.0
MSFT,1004,OneDay,2025-09-02T00:00:00Z,506.1795,507.3378,496.0648,500.9574,12937278.0
MSFT,1004,OneDay,2025-09-03T00:00:00Z,501.0473,506.9384,500.8476,502.7447,12853843.0
MSFT,1004,OneDay,2025-09-04T00:00:00Z,502.6647,507.8072,501.6365,507.2879,11574676.0
MSFT,1004,OneDay,2025-09-05T00:00:00Z,507.298,511.5115,491.6315,494.2075,17514065.0
MSFT,1004,OneDay,2025-09-08T00:00:00Z,495.885,500.4281,494.2874,497.153,12149972.0
MSFT,1004,OneDay,2025-09-09T00:00:00Z,497.153,501.4467,496.2545,499.9489,10423304.0
MSFT,1004,OneDay,2025-09-10T00:00:00Z,499.9388,506.9183,495.9849,499.25,15863099.0
MSFT,1004,OneDay,2025-09-11T00:00:00Z,499.25,502.585,497.153,500.2584,14588979.0
MSFT,1004,OneDay,2025-09-12T00:00:00Z,500.2584,513.7382,500.2584,509.1052,12662415.0
MSFT,1004,OneDay,2025-09-15T00:00:00Z,509.185,514.7766,504.2724,514.1277,13726368.0
MSFT,1004,OneDay,2025-09-16T00:00:00Z,514.0378,516.8236,508.0268,508.536,14098649.0
MSFT,1004,OneDay,2025-09-17T00:00:00Z,508.7756,510.503,505.141,508.0868,12215419.0
MSFT,1004,OneDay,2025-09-18T00:00:00Z,508.1965,513.4786,506.8884,507.7472,14456472.0
MSFT,1004,OneDay,2025-09-19T00:00:00Z,507.7472,518.3911,507.2479,517.153,18084540.0
MSFT,1004,OneDay,2025-09-22T00:00:00Z,514.4272,517.1431,511.7612,514.8566,15093385.0
MSFT,1004,OneDay,2025-09-23T00:00:00Z,514.8566,515.5255,506.529,508.536,15835169.0
MSFT,1004,OneDay,2025-09-24T00:00:00Z,508.536,511.4716,506.1794,509.235,10301395.0
MSFT,1004,OneDay,2025-09-25T00:00:00Z,509.235,510.0837,504.2724,505.5405,11790198.0
MSFT,1004,OneDay,2025-09-26T00:00:00Z,505.5006,513.139,505.0413,510.6527,8301125.0
MSFT,1004,OneDay,2025-09-29T00:00:00Z,509.7442,516.0148,508.3861,513.3389,13533403.0
MSFT,1004,OneDay,2025-09-30T00:00:00Z,513.3389,517.2729,508.9354,514.3374,15471120.0
MSFT,1004,OneDay,2025-10-01T00:00:00Z,514.3374,519.7092,510.7127,517.7222,17492078.0
MSFT,1004,OneDay,2025-10-02T00:00:00Z,517.7222,520.7277,509.9639,515.0263,16068599.0
MSFT,1004,OneDay,2025-10-03T00:00:00Z,515.0263,519.6592,514.2275,516.3144,7759358.0
MSFT,1004,OneDay,2025-10-06T00:00:00Z,517.6024,530.0238,516.2045,527.4576,16432851.0
MSFT,1004,OneDay,2025-10-07T00:00:00Z,527.4576,528.3563,520.6477,522.9144,11258492.0
MSFT,1004,OneDay,2025-10-08T00:00:00Z,522.9144,526.0797,522.2155,523.4137,10752812.0
MSFT,1004,OneDay,2025-10-09T00:00:00Z,523.4137,525.3308,516.7937,520.9474,13858873.0
MSFT,1004,OneDay,2025-10-10T00:00:00Z,521.0673,522.7447,509.1252,510.3733,11038773.0
MSFT,1004,OneDay,2025-10-13T00:00:00Z,516.2245,518.2215,510.8824,512.9294,10771211.0
MSFT,1004,OneDay,2025-10-14T00:00:00Z,512.8894,515.9049,505.241,512.2604,11339536.0
MSFT,1004,OneDay,2025-10-15T00:00:00Z,512.53,516.3044,509.215,511.8811,11437211.0
MSFT,1004,OneDay,2025-10-16T00:00:00Z,511.8511,516.0448,507.3379,510.2335,11756074.0
MSFT,1004,OneDay,2025-10-17T00:00:00Z,510.2335,514.6967,505.2809,512.6898,8473284.0
MSFT,1004,OneDay,2025-10-20T00:00:00Z,512.4701,517.8122,511.4816,516.1644,11796837.0
MSFT,1004,OneDay,2025-10-21T00:00:00Z,516.1644,517.6922,512.2604,515.8351,12210407.0
MSFT,1004,OneDay,2025-10-22T00:00:00Z,515.8351,524.3324,515.2859,519.18,13579174.0
MSFT,1004,OneDay,2025-10-23T00:00:00Z,519.5296,523.124,517.8221,519.9189,11560015.0
MSFT,1004,OneDay,2025-10-24T00:00:00Z,519.9189,524.5221,518.7807,522.9043,7968479.0
MSFT,1004,OneDay,2025-10-27T00:00:00Z,526.4092,533.6182,525.5205,531.3816,14101541.0
MSFT,1004,OneDay,2025-10-28T00:00:00Z,531.7712,556.2044,531.0023,541.2869,21175584.0
MSFT,1004,OneDay,2025-10-29T00:00:00Z,541.6862,545.8301,512.4801,524.9613,24262269.0
MSFT,1004,OneDay,2025-10-30T00:00:00Z,524.9613,537.8021,514.2574,526.0098,31069123.0
MSFT,1004,OneDay,2025-11-03T00:00:00Z,518.521,524.0927,512.1307,515.7352,16055928.0
MSFT,1004,OneDay,2025-11-04T00:00:00Z,515.7352,516.3743,507.0883,513.8381,16055928.0
MSFT,1004,OneDay,2025-11-05T00:00:00Z,513.8082,514.617,504.7417,505.5506,1311220.0
MSFT,1004,OneDay,2025-11-06T00:00:00Z,505.5506,506.8386,495.1462,496.8536,2271292.0
MSFT,1004,OneDay,2025-11-07T00:00:00Z,496.8536,498.4911,492.53,496.2445,2271292.0
MSFT,1004,OneDay,2025-11-10T00:00:00Z,498.2515,505.9898,497.6823,505.0013,20389106.0
MSFT,1004,OneDay,2025-11-11T00:00:00Z,505.1112,508.8057,501.6165,507.6175,20389106.0
MSFT,1004,OneDay,2025-11-12T00:00:00Z,507.6175,510.8526,498.3714,510.4332,5645264.0
MSFT,1004,OneDay,2025-11-13T00:00:00Z,510.3034,512.7597,500.538,501.9459,5645264.0
MSFT,1004,OneDay,2025-11-14T00:00:00Z,501.9459,510.7826,496.3044,509.3149,5645264.0
MSFT,1004,OneDay,2025-11-17T00:00:00Z,508.6458,511.9708,504.1525,507.238,15554318.0
MSFT,1004,OneDay,2025-11-18T00:00:00Z,507.5375,508.8455,486.2695,491.242,9853333.0
MSFT,1004,OneDay,2025-11-19T00:00:00Z,491.242,494.3574,482.1557,488.9154,9853333.0
MSFT,1004,OneDay,2025-11-20T00:00:00Z,489.0053,493.5086,475.3359,476.2944,3161952.0
MSFT,1004,OneDay,2025-11-24T00:00:00Z,472.9095,476.0948,467.3279,473.5986,26487550.0
MSFT,1004,OneDay,2025-11-25T00:00:00Z,473.5986,478.1118,464.2125,476.2944,26487550.0
MSFT,1004,OneDay,2025-11-26T00:00:00Z,476.2845,487.5176,476.0049,485.4206,26487550.0
MSFT,1004,OneDay,2025-11-27T00:00:00Z,485.4206,485.9199,484.9513,485.9199,41410.0
MSFT,1004,OneDay,2025-11-28T00:00:00Z,486.4791,491.8711,485.9199,491.2819,7161341.0
MSFT,1004,OneDay,2025-12-01T00:00:00Z,490.1736,491.262,483.9031,486.1397,19130573.0
MSFT,1004,OneDay,2025-12-02T00:00:00Z,486.1397,492.6697,483.9829,489.3649,19130573.0
MSFT,1004,OneDay,2025-12-03T00:00:00Z,489.3649,490.8925,474.4971,478.1815,11063111.0
MSFT,1004,OneDay,2025-12-04T00:00:00Z,478.1815,480.5181,475.7652,479.9889,11063111.0
MSFT,1004,OneDay,2025-12-05T00:00:00Z,479.9889,482.655,478.1815,482.4153,11063111.0
MSFT,1004,OneDay,2025-12-08T00:00:00Z,482.0358,491.5216,481.7363,488.546,16611227.0
MSFT,1004,OneDay,2025-12-09T00:00:00Z,488.546,491.3319,487.5575,490.6628,16611227.0
MSFT,1004,OneDay,2025-12-10T00:00:00Z,490.6628,492.4202,474.3674,477.4726,14583089.0
MSFT,1004,OneDay,2025-12-11T00:00:00Z,477.5825,485.2809,470.3434,483.4737,14583089.0
MSFT,1004,OneDay,2025-12-15T00:00:00Z,475.8052,479.4896,471.8112,473.9979,19396675.0
MSFT,1004,OneDay,2025-12-16T00:00:00Z,473.9979,477.1233,470.1736,474.3374,19396675.0
MSFT,1004,OneDay,2025-12-17T00:00:00Z,474.3374,479.1103,473.1592,476.0348,3144891.0
MSFT,1004,OneDay,2025-12-18T00:00:00Z,476.584,488.8357,474.4872,482.1755,2142669.0
MSFT,1004,OneDay,2025-12-19T00:00:00Z,482.1755,487.7672,481.277,484.7417,2142669.0
MSFT,1004,OneDay,2025-12-22T00:00:00Z,486.2695,487.9071,481.9759,484.0428,13507863.0
MSFT,1004,OneDay,2025-12-23T00:00:00Z,484.2025,486.9583,483.5236,485.8201,13507863.0
MSFT,1004,OneDay,2025-12-24T00:00:00Z,485.8502,488.4063,484.0828,487.2979,13507863.0
MSFT,1004,OneDay,2025-12-26T00:00:00Z,487.268,487.877,485.251,486.8986,6597956.0
MSFT,1004,OneDay,2025-12-29T00:00:00Z,486.3593,487.5575,483.4236,485.0713,8791209.0
MSFT,1004,OneDay,2025-12-30T00:00:00Z,485.0713,488.9154,484.1228,487.4976,1241443.0
MSFT,1004,OneDay,2025-12-31T00:00:00Z,487.4976,488.1665,482.555,483.0343,1241443.0
MSFT,1004,OneDay,2026-01-02T00:00:00Z,483.4137,486.3694,469.4546,471.6815,18192198.0
MSFT,1004,OneDay,2026-01-05T00:00:00Z,472.7897,475.3259,468.9056,471.8911,19969660.0
MSFT,1004,OneDay,2026-01-06T00:00:00Z,471.8911,478.1318,469.0653,477.9319,19969660.0
MSFT,1004,OneDay,2026-01-07T00:00:00Z,477.9319,488.9154,475.5356,482.7047,19969660.0
MSFT,1004,OneDay,2026-01-08T00:00:00Z,482.5851,483.174,475.1363,477.3929,19969660.0
MSFT,1004,OneDay,2026-01-09T00:00:00Z,477.3929,479.0703,471.4917,478.5111,19969660.0
MSFT,1004,OneDay,2026-01-12T00:00:00Z,475.4557,480.1985,473.7582,476.0149,19673845.0
MSFT,1004,OneDay,2026-01-13T00:00:00Z,476.0149,477.5625,465.3109,469.1053,2401161.0
MSFT,1004,OneDay,2026-01-14T00:00:00Z,469.1053,469.3948,456.4841,458.9604,2401161.0
MSFT,1004,OneDay,2026-01-15T00:00:00Z,458.9604,464.2625,455.226,456.0149,2401161.0
MSFT,1004,OneDay,2026-01-16T00:00:00Z,456.0249,462.4551,455.5356,459.22,2401161.0
MSFT,1004,OneDay,2026-01-20T00:00:00Z,455.1163,456.0948,447.8771,454.2077,21376293.0
MSFT,1004,OneDay,2026-01-21T00:00:00Z,454.2077,455.5157,438.0318,444.5322,6752691.0
MSFT,1004,OneDay,2026-01-22T00:00:00Z,444.5322,452.1008,444.0329,450.2935,6752691.0
MSFT,1004,OneDay,2026-01-23T00:00:00Z,450.2935,470.3434,448.3265,465.281,3543698.0
MSFT,1004,OneDay,2026-01-26T00:00:00Z,464.7618,473.4986,461.3969,470.4932,22530828.0
MSFT,1004,OneDay,2026-01-27T00:00:00Z,470.4831,482.1058,470.3934,480.2785,22530828.0
MSFT,1004,OneDay,2026-01-28T00:00:00Z,480.2785,483.1242,442.4354,457.8222,2161953.0
MSFT,1004,OneDay,2026-01-29T00:00:00Z,458.1118,464.9116,420.4084,434.8966,66794348.0
MSFT,1004,OneDay,2026-01-30T00:00:00Z,434.8467,438.731,425.8103,429.6046,66794348.0
MSFT,1004,OneDay,2026-02-02T00:00:00Z,428.2067,430.0338,420.8577,422.0259,31213521.0
MSFT,1004,OneDay,2026-02-03T00:00:00Z,422.1558,426.3095,407.9672,410.5832,12845261.0
MSFT,1004,OneDay,2026-02-04T00:00:00Z,410.4834,417.9921,408.2667,411.4819,12845261.0
MSFT,1004,OneDay,2026-02-05T00:00:00Z,411.382,412.1009,390.1239,391.412,16166368.0
MSFT,1004,OneDay,2026-02-09T00:00:00Z,403.7834,414.2477,400.3285,413.379,34843145.0
MSFT,1004,OneDay,2026-02-10T00:00:00Z,413.379,423.0244,412.0809,412.7798,34843145.0
MSFT,1004,OneDay,2026-02-11T00:00:00Z,412.7798,416.9736,400.4084,404.4224,34843145.0
MSFT,1004,OneDay,2026-02-12T00:00:00Z,404.4224,406.3994,397.4129,401.4969,599347.0
MSFT,1004,OneDay,2026-02-13T00:00:00Z,401.4969,405.0016,397.4529,400.4684,599347.0
MSFT,1004,OneDay,2026-02-17T00:00:00Z,400.059,402.3955,393.9382,395.7555,25634897.0
MSFT,1004,OneDay,2026-02-18T00:00:00Z,395.8553,401.9062,395.3061,399.5496,25634897.0
MSFT,1004,OneDay,2026-02-19T00:00:00Z,399.5496,403.7635,396.0848,397.403,4005164.0
MSFT,1004,OneDay,2026-02-20T00:00:00Z,397.403,399.7296,394.5771,396.5244,4005164.0
MSFT,1004,OneDay,2026-02-23T00:00:00Z,395.6,397.02,383.1101,384.3301,31326923.0
MSFT,1004,OneDay,2026-02-24T00:00:00Z,384.3301,389.3,381.74,388.0,31326923.0
MSFT,1004,OneDay,2026-02-25T00:00:00Z,388.0,401.2,388.0,400.2,5914132.0
MSFT,1004,OneDay,2026-02-26T00:00:00Z,400.2,407.4199,393.8501,394.25,5914132.0
MSFT,1004,OneDay,2026-02-27T00:00:00Z,394.25,400.55,389.77,393.05,5914132.0
MSFT,1004,OneDay,2026-03-02T00:00:00Z,389.29,401.1599,385.71,398.0701,25531099.0
MSFT,1004,OneDay,2026-03-03T00:00:00Z,398.0701,406.6699,389.3999,403.21,3239624.0
MSFT,1004,OneDay,2026-03-04T00:00:00Z,403.22,411.0,399.58,405.7,3239624.0
MSFT,1004,OneDay,2026-03-05T00:00:00Z,405.71,411.55,402.2,410.0,520569.0
MSFT,1004,OneDay,2026-03-06T00:00:00Z,410.0,412.95,405.3701,408.8101,520569.0
MSFT,1004,OneDay,2026-03-09T00:00:00Z,401.0,410.1899,397.5,409.1101,22557034.0
MSFT,1004,OneDay,2026-03-10T00:00:00Z,409.1101,411.5901,402.9399,405.0,23773986.0
MSFT,1004,OneDay,2026-03-11T00:00:00Z,405.1499,408.9199,401.6101,404.3999,19997766.0
MSFT,1004,OneDay,2026-03-12T00:00:00Z,404.3999,406.0701,400.8,402.3101,20705702.0
MSFT,1004,OneDay,2026-03-13T00:00:00Z,402.3501,404.76,394.3901,395.3901,15823452.0
MSFT,1004,OneDay,2026-03-16T00:00:00Z,396.87,400.53,394.79,399.2,21873367.0
MSFT,1004,OneDay,2026-03-17T00:00:00Z,399.2,404.29,397.0,399.3101,20362857.0
MSFT,1004,OneDay,2026-03-18T00:00:00Z,399.3101,401.82,390.78,391.01,20274121.0
MSFT,1004,OneDay,2026-03-19T00:00:00Z,391.0601,392.7,387.0801,389.2,18444972.0
MSFT,1004,OneDay,2026-03-20T00:00:00Z,389.2,390.3,380.1201,381.52,22602093.0
MSFT,1004,OneDay,2026-03-23T00:00:00Z,380.05,390.03,376.32,383.0,22008038.0
MSFT,1004,OneDay,2026-03-24T00:00:00Z,383.0,385.6101,371.8401,374.1799,31401500.0
MSFT,1004,OneDay,2026-03-25T00:00:00Z,374.25,378.6499,369.6401,371.02,24571313.0
MSFT,1004,OneDay,2026-03-26T00:00:00Z,371.02,374.6699,365.01,365.8,28266206.0
MSFT,1004,OneDay,2026-03-27T00:00:00Z,365.8,368.3,356.51,356.9299,21983156.0
MSFT,1004,OneDay,2026-03-30T00:00:00Z,355.06,365.28,354.4,358.9299,30085787.0
MSFT,1004,OneDay,2026-03-31T00:00:00Z,358.8,372.75,356.85,370.96,34751714.0
MSFT,1004,OneDay,2026-04-01T00:00:00Z,370.96,376.3999,368.2,369.6001,23813756.0
MSFT,1004,OneDay,2026-04-02T00:00:00Z,369.6899,374.1499,363.25,373.9199,18227936.0
MSFT,1004,OneDay,2026-04-03T00:00:00Z,373.9199,374.03,373.0,373.27,108833.0
MSFT,1004,OneDay,2026-04-06T00:00:00Z,372.66,376.54,369.51,372.27,13115427.0
MSFT,1004,OneDay,2026-04-07T00:00:00Z,372.27,374.6499,366.55,372.6001,15445106.0
MSFT,1004,OneDay,2026-04-08T00:00:00Z,372.6001,386.1599,371.4099,373.8,25486156.0
MSFT,1004,OneDay,2026-04-09T00:00:00Z,373.8101,374.8701,367.0601,373.6201,24017920.0
MSFT,1004,OneDay,2026-04-10T00:00:00Z,373.6201,375.5601,370.04,370.78,15610602.0
MSFT,1004,OneDay,2026-04-13T00:00:00Z,367.41,384.8801,366.92,384.51,25775855.0
MSFT,1004,OneDay,2026-04-14T00:00:00Z,384.51,394.6599,384.51,393.1899,28696026.0
MSFT,1004,OneDay,2026-04-15T00:00:00Z,393.1899,414.3101,392.3999,411.5,34224559.0
MSFT,1004,OneDay,2026-04-16T00:00:00Z,411.5,420.74,411.5,420.01,31208370.0
MSFT,1004,OneDay,2026-04-17T00:00:00Z,420.0,431.55,418.65,422.71,28452833.0
MSFT,1004,OneDay,2026-04-20T00:00:00Z,416.5,423.1499,415.72,417.4199,19639554.0
MSFT,1004,OneDay,2026-04-21T00:00:00Z,417.4199,427.15,417.23,425.11,23897811.0
MSFT,1004,OneDay,2026-04-22T00:00:00Z,425.11,433.94,423.68,427.75,21655615.0
MSFT,1004,OneDay,2026-04-23T00:00:00Z,427.75,428.51,411.44,417.0,27748297.0
MSFT,1004,OneDay,2026-04-24T00:00:00Z,417.0,424.77,416.5,424.53,14957700.0
MSFT,1004,OneDay,2026-04-27T00:00:00Z,424.0,427.42,410.0,424.7,23134825.0
MSFT,1004,OneDay,2026-04-28T00:00:00Z,424.7,429.89,418.03,427.6,22234713.0
MSFT,1004,OneDay,2026-04-29T00:00:00Z,427.6,444.88,407.2,413.35,23756035.0
MSFT,1004,OneDay,2026-04-30T00:00:00Z,413.35,437.76,398.01,410.55,55902571.0
MSFT,1004,OneDay,2026-05-01T00:00:00Z,410.55,417.08,408.28,414.36,19151381.0
MSFT,1004,OneDay,2026-05-04T00:00:00Z,413.16,420.74,410.5,412.75,21029358.0
MSFT,1004,OneDay,2026-05-05T00:00:00Z,412.75,416.5,408.83,410.51,19473850.0
MSFT,1004,OneDay,2026-05-06T00:00:00Z,410.51,418.3,405.12,413.42,23979163.0
MSFT,1004,OneDay,2026-05-07T00:00:00Z,413.42,427.87,412.75,420.0,23782166.0
MSFT,1004,OneDay,2026-05-08T00:00:00Z,420.0,422.64,414.0,415.06,16501013.0
MSFT,1004,OneDay,2026-05-11T00:00:00Z,414.14,414.44,405.49,412.25,28063630.0
MSFT,1004,OneDay,2026-05-12T00:00:00Z,412.25,415.08,406.66,407.71,31039928.0
MSFT,1004,OneDay,2026-05-13T00:00:00Z,407.64,408.59,401.03,404.33,22911914.0
MSFT,1004,OneDay,2026-05-14T00:00:00Z,404.33,411.82,400.88,407.81,21470525.0
MSFT,1004,OneDay,2026-05-15T00:00:00Z,407.96,428.11,405.15,421.99,26673403.0
MSFT,1004,OneDay,2026-05-18T00:00:00Z,419.7,425.04,415.66,423.15,22570585.0
MSFT,1004,OneDay,2026-05-19T00:00:00Z,423.15,430.91,416.0,416.45,26664292.0
MSFT,1004,OneDay,2026-05-20T00:00:00Z,416.45,421.97,411.3,419.93,20667329.0
MSFT,1004,OneDay,2026-05-21T00:00:00Z,419.93,432.81,415.71,420.5,24063434.0
MSFT,1004,OneDay,2026-05-22T00:00:00Z,420.6,424.29,416.32,418.77,11774907.0
MSFT,1004,OneDay,2026-05-26T00:00:00Z,420.52,420.85,413.04,414.9,23113451.0
MSFT,1004,OneDay,2026-05-27T00:00:00Z,414.95,415.86,409.75,414.07,20689296.0
MSFT,1004,OneDay,2026-05-28T00:00:00Z,414.19,429.42,411.8,427.88,37410800.0
MSFT,1004,OneDay,2026-05-29T00:00:00Z,427.88,449.87,425.11,449.81,26718563.0
MSFT,1004,OneDay,2026-06-01T00:00:00Z,464.11,471.71,455.3,455.9,38125847.0
MSFT,1004,OneDay,2026-06-02T00:00:00Z,455.9,456.01,440.44,441.36,27110180.0
MSFT,1004,OneDay,2026-06-03T00:00:00Z,441.37,442.99,424.24,425.29,29432125.0
MSFT,1004,OneDay,2026-06-04T00:00:00Z,425.36,435.99,425.29,427.22,21033599.0
MSFT,1004,OneDay,2026-06-05T00:00:00Z,427.2,430.98,414.43,417.15,16594232.0
MSFT,1004,OneDay,2026-06-08T00:00:00Z,415.55,416.84,408.56,410.66,24491236.0
MSFT,1004,OneDay,2026-06-09T00:00:00Z,410.66,412.88,398.72,404.0,25820935.0
MSFT,1004,OneDay,2026-06-10T00:00:00Z,404.0,404.93,396.11,397.5,24833933.0
MSFT,1004,OneDay,2026-06-11T00:00:00Z,397.5,400.0,384.09,391.28,34526486.0
MSFT,1004,OneDay,2026-06-12T00:00:00Z,391.28,394.5,382.27,390.77,19684706.0
MSFT,1004,OneDay,2026-06-15T00:00:00Z,393.0,401.72,392.6001,399.59,25030529.0
MSFT,1004,OneDay,2026-06-16T00:00:00Z,399.61,400.92,390.68,392.89,22965415.0
MSFT,1004,OneDay,2026-06-17T00:00:00Z,392.89,394.3401,377.37,380.3,30410315.0
MSFT,1004,OneDay,2026-06-18T00:00:00Z,380.3,383.6001,373.27,379.81,45363772.0
MSFT,1004,OneDay,2026-06-19T00:00:00Z,379.81,379.99,378.5,379.1,1209728.0
MSFT,1004,OneDay,2026-06-22T00:00:00Z,377.8501,381.5,367.09,367.6,33070172.0
MSFT,1004,OneDay,2026-06-23T00:00:00Z,367.6,377.17,365.5801,374.08,31707588.0
MSFT,1004,OneDay,2026-06-24T00:00:00Z,373.85,378.82,363.35,366.01,36053998.0
MSFT,1004,OneDay,2026-06-25T00:00:00Z,366.07,367.39,349.21,353.5,47494388.0
MSFT,1004,OneDay,2026-06-26T00:00:00Z,353.5,376.47,350.53,373.84,47195845.0
MSFT,1004,OneDay,2026-06-29T00:00:00Z,376.3999,382.99,366.82,368.95,36821070.0
MSFT,1004,OneDay,2026-06-30T00:00:00Z,368.95,374.11,367.43,373.05,36139489.0
MSFT,1004,OneDay,2026-07-01T00:00:00Z,373.05,388.8,373.05,384.38,35846598.0
MSFT,1004,OneDay,2026-07-02T00:00:00Z,384.38,392.17,380.85,390.1,31374297.0
MSFT,1004,OneDay,2026-07-03T00:00:00Z,390.1,390.94,390.0,390.1,1301214.0
MSFT,1004,OneDay,2026-07-06T00:00:00Z,390.9099,392.47,381.21,387.06,24320430.0
MSFT,1004,OneDay,2026-07-07T00:00:00Z,387.06,395.5,384.1,388.9,22742380.0
MSFT,1004,OneDay,2026-07-08T00:00:00Z,388.94,390.4099,381.32,383.0,18387909.0
MSFT,1004,OneDay,2026-07-09T00:00:00Z,383.0,384.9399,373.33,384.11,23939849.0
MSFT,1004,OneDay,2026-07-10T00:00:00Z,384.0,391.8,381.5,384.94,13274710.0
MSFT,1004,OneDay,2026-07-13T00:00:00Z,384.0,393.57,383.2,390.58,21220424.0
MSFT,1004,OneDay,2026-07-14T00:00:00Z,390.31,390.65,377.3,385.26,20565278.0
MSFT,1004,OneDay,2026-07-15T00:00:00Z,385.39,398.9,383.8,396.0,26173105.0
MSFT,1004,OneDay,2026-07-16T00:00:00Z,396.0,405.97,392.05,400.39,28028735.0
MSFT,1004,OneDay,2026-07-17T00:00:00Z,400.39,400.69,389.39,394.07,16160163.0
MSFT,1004,OneDay,2026-07-20T00:00:00Z,393.75,403.07,388.5,400.38,19999473.0
MSFT,1004,OneDay,2026-07-21T00:00:00Z,400.38,401.75,396.67,397.0,17830759.0
MSFT,1004,OneDay,2026-07-22T00:00:00Z,397.04,400.44,386.97,390.31,20041968.0
MSFT,1004,OneDay,2026-07-23T00:00:00Z,390.31,391.57,377.38,381.6,22682501.0
MSFT,1004,OneDay,2026-07-24T00:00:00Z,381.6,388.95,380.65,381.6,13507907.0
MSFT,1004,OneDay,2026-07-27T00:00:00Z,384.25,394.16,383.0,388.8,20138311.0
MSFT,1004,OneDay,2026-07-28T00:00:00Z,389.05,400.29,387.52,393.7,23402690.0
MSFT,1004,OneDay,2026-07-29T00:00:00Z,393.7,409.0,388.72,402.1,29259361.0
MSFT,1004,OneDay,2026-07-30T00:00:00Z,402.1,458.63,396.5,448.57,73077578.0
MSFT,1004,OneDay,2026-07-31T00:00:00Z,448.58,466.81,445.1,465.2,31440552.0
MSFT,1004,OneDay,2026-08-03T00:00:00Z,467.5,491.56,466.0,486.5,47573929.0
MSFT,1004,OneDay,2026-08-04T00:00:00Z,486.6,499.29,475.56,492.75,38685149.0
MSFT,1004,OneDay,2026-08-05T00:00:00Z,492.76,498.96,485.75,486.82,23625016.0
MSFT,1004,OneDay,2026-08-06T00:00:00Z,486.82,501.53,481.3,498.85,24943299.0
MSFT,1004,OneDay,2026-08-07T00:00:00Z,498.85,505.11,496.11,500.12,14403942.0
MSFT,1004,OneDay,2026-08-10T00:00:00Z,498.96,513.68,497.55,505.2,23272021.0
MSFT,1004,OneDay,2026-08-11T00:00:00Z,505.2,506.8,499.66,501.45,17207191.0
MSFT,1004,OneDay,2026-08-12T00:00:00Z,501.45,502.6599,491.38,491.5,21617572.0
MSFT,1004,OneDay,2026-08-13T00:00:00Z,491.42,501.16,488.27,495.71,16995283.0
MSFT,1004,OneDay,2026-08-14T00:00:00Z,495.77,499.98,493.88,495.17,7900750.0
MSFT,1004,OneDay,2026-08-17T00:00:00Z,495.8201,495.8201,478.44,480.21,23556903.0
MSFT,1004,OneDay,2026-08-18T00:00:00Z,480.24,484.63,477.18,481.22,19226100.0
MSFT,1004,OneDay,2026-08-19T00:00:00Z,481.22,489.17,476.9,484.31,13854920.0
MSFT,1004,OneDay,2026-08-20T00:00:00Z,484.31,488.72,479.51,481.85,6006879.0
AAPL,1001,OneDay,2022-07-22T00:00:00Z,155.3001,156.0894,153.2719,153.9114,
AAPL,1001,OneDay,2022-07-25T00:00:00Z,153.8814,154.8505,152.1429,152.8123,
AAPL,1001,OneDay,2022-07-26T00:00:00Z,152.3328,152.9023,150.6743,151.4935,
AAPL,1001,OneDay,2022-07-27T00:00:00Z,152.4427,157.1584,152.053,156.489,
AAPL,1001,OneDay,2022-07-28T00:00:00Z,156.7488,157.4881,154.271,157.1484,
AAPL,1001,OneDay,2022-07-29T00:00:00Z,161.0549,163.4727,159.3664,162.3438,
AAPL,1001,OneDay,2022-08-01T00:00:00Z,161.2947,163.4228,160.7352,161.3347,
AAPL,1001,OneDay,2022-08-02T00:00:00Z,159.6961,162.2638,159.5263,159.9559,
AAPL,1001,OneDay,2022-08-03T00:00:00Z,160.7952,166.4401,160.7552,165.8306,
AAPL,1001,OneDay,2022-08-04T00:00:00Z,165.9405,167.0295,164.282,165.6408,
AAPL,1001,OneDay,2022-08-05T00:00:00Z,162.8933,165.6907,162.8533,165.1712,
AAPL,1001,OneDay,2022-08-08T00:00:00Z,166.2502,167.639,164.0522,164.7216,
AAPL,1001,OneDay,2022-08-09T00:00:00Z,163.8224,165.6508,163.6126,164.7116,
AAPL,1001,OneDay,2022-08-10T00:00:00Z,167.7689,169.1376,166.7498,168.9878,
AAPL,1001,OneDay,2022-08-11T00:00:00Z,169.9369,170.8161,168.0486,168.2684,
AAPL,1001,OneDay,2022-08-12T00:00:00Z,169.7771,171.8352,169.2675,171.8152,
AAPL,1001,OneDay,2022-08-15T00:00:00Z,171.3457,173.224,171.2058,172.8643,
AAPL,1001,OneDay,2022-08-16T00:00:00Z,172.4247,173.5437,171.5055,172.8843,
AAPL,1001,OneDay,2022-08-17T00:00:00Z,172.6445,175.9815,172.4247,174.3529,
AAPL,1001,OneDay,2022-08-18T00:00:00Z,173.5936,174.7226,172.9642,173.9733,
AAPL,1001,OneDay,2022-08-19T00:00:00Z,172.9442,173.5437,171.1558,171.4256,
AAPL,1001,OneDay,2022-08-22T00:00:00Z,169.1476,169.6772,166.9796,167.4092,
AAPL,1001,OneDay,2022-08-23T00:00:00Z,167.0096,168.5482,166.5,166.9896,
AAPL,1001,OneDay,2022-08-24T00:00:00Z,167.0995,167.9487,166.0904,167.2493,
AAPL,1001,OneDay,2022-08-25T00:00:00Z,168.5881,169.857,168.1985,169.857,
AAPL,1001,OneDay,2022-08-26T00:00:00Z,170.2566,170.8461,163.4128,163.4628,
AAPL,1001,OneDay,2022-08-29T00:00:00Z,160.5054,162.7334,159.6961,161.015,
AAPL,1001,OneDay,2022-08-30T00:00:00Z,162.2239,162.3737,157.588,158.8569,
AAPL,1001,OneDay,2022-08-31T00:00:00Z,160.0358,160.4055,157.0385,157.0685,
AAPL,1001,OneDay,2022-09-01T00:00:00Z,156.3392,158.1875,154.5308,158.1775,
AAPL,1001,OneDay,2022-09-02T00:00:00Z,159.7761,160.2057,154.8305,155.6997,
AAPL,1001,OneDay,2022-09-06T00:00:00Z,156.2892,156.9186,153.6016,154.291,
AAPL,1001,OneDay,2022-09-07T00:00:00Z,154.6907,156.509,153.4817,155.8296,
AAPL,1001,OneDay,2022-09-08T00:00:00Z,154.301,156.1993,152.5626,154.1811,
AAPL,1001,OneDay,2022-09-09T00:00:00Z,155.2402,157.648,154.6107,157.2883,
AAPL,1001,OneDay,2022-09-12T00:00:00Z,159.7292,164.1459,159.6391,163.1749,
AAPL,1001,OneDay,2022-09-13T00:00:00Z,159.4804,160.2692,153.1499,153.5194,
AAPL,1001,OneDay,2022-09-14T00:00:00Z,154.4779,156.8544,153.3796,155.1969,
AAPL,1001,OneDay,2022-09-15T00:00:00Z,154.4779,154.9672,151.1529,152.1714,
AAPL,1001,OneDay,2022-09-16T00:00:00Z,150.7535,151.103,148.1474,150.4939,
AAPL,1001,OneDay,2022-09-19T00:00:00Z,148.9762,154.3182,148.9363,154.2683,
AAPL,1001,OneDay,2022-09-20T00:00:00Z,153.1899,157.8329,152.8704,156.7046,
AAPL,1001,OneDay,2022-09-21T00:00:00Z,157.1739,158.442,153.4794,153.5194,
AAPL,1001,OneDay,2022-09-22T00:00:00Z,151.9517,154.1384,150.6836,152.441,
AAPL,1001,OneDay,2022-09-23T00:00:00Z,150.8434,151.1929,148.3372,150.3242,
AAPL,1001,OneDay,2022-09-26T00:00:00Z,149.6552,153.5294,149.5553,150.454,
AAPL,1001,OneDay,2022-09-27T00:00:00Z,152.6607,154.418,149.7251,151.6023,
AAPL,1001,OneDay,2022-09-28T00:00:00Z,147.3686,150.414,144.6227,149.5953,
AAPL,1001,OneDay,2022-09-29T00:00:00Z,145.9308,146.47,140.459,142.2363,
AAPL,1001,OneDay,2022-09-30T00:00:00Z,141.0082,142.8654,137.9528,138.0626,
AAPL,1001,OneDay,2022-10-03T00:00:00Z,138.0726,142.8454,137.4835,142.1564,
AAPL,1001,OneDay,2022-10-04T00:00:00Z,144.9323,145.9707,144.0536,145.8509,
AAPL,1001,OneDay,2022-10-05T00:00:00Z,143.794,147.1489,142.8055,145.9907,
AAPL,1001,OneDay,2022-10-06T00:00:00Z,145.5913,147.2987,145.0122,145.142,
AAPL,1001,OneDay,2022-10-07T00:00:00Z,141.8669,142.8554,139.2408,139.9298,
AAPL,1001,OneDay,2022-10-10T00:00:00Z,140.1095,141.6372,138.3621,140.1295,
AAPL,1001,OneDay,2022-10-11T00:00:00Z,139.5304,141.128,138.0127,138.6317,
AAPL,1001,OneDay,2022-10-12T00:00:00Z,138.7915,140.1295,137.9428,138.1425,
AAPL,1001,OneDay,2022-10-13T00:00:00Z,134.2284,143.3047,134.2284,142.7056,
AAPL,1001,OneDay,2022-10-14T00:00:00Z,144.1834,144.2733,137.9827,138.2923,
AAPL,1001,OneDay,2022-10-17T00:00:00Z,140.8284,142.6657,140.0596,142.1964,
AAPL,1001,OneDay,2022-10-18T00:00:00Z,145.5114,146.45,140.429,143.6442,
AAPL,1001,OneDay,2022-10-19T00:00:00Z,141.4875,144.7126,141.4875,143.7141,
AAPL,1001,OneDay,2022-10-20T00:00:00Z,142.7655,145.6512,142.426,143.115,
AAPL,1001,OneDay,2022-10-21T00:00:00Z,142.5858,147.6182,142.436,147.1789,
AAPL,1001,OneDay,2022-10-24T00:00:00Z,147.0791,149.9947,145.781,149.2857,
AAPL,1001,OneDay,2022-10-25T00:00:00Z,150.2343,152.2113,149.1559,152.2014,
AAPL,1001,OneDay,2022-10-26T00:00:00Z,150.6637,151.752,147.8279,149.0761,
AAPL,1001,OneDay,2022-10-27T00:00:00Z,148.0676,148.8164,143.9238,144.6327,
AAPL,1001,OneDay,2022-10-28T00:00:00Z,147.8379,157.2438,147.6682,155.5064,
AAPL,1001,OneDay,2022-10-31T00:00:00Z,152.9702,153.9987,151.7121,153.09,
AAPL,1001,OneDay,2022-11-01T00:00:00Z,155.0171,155.1769,148.9263,150.454,
AAPL,1001,OneDay,2022-11-02T00:00:00Z,148.7965,151.8719,144.7825,144.8125,
AAPL,1001,OneDay,2022-11-03T00:00:00Z,141.8269,142.5658,138.5718,138.7416,
AAPL,1001,OneDay,2022-11-04T00:00:00Z,142.0466,142.4061,134.1784,138.2523,
AAPL,1001,OneDay,2022-11-07T00:00:00Z,136.9543,138.9013,135.4665,138.7715,
AAPL,1001,OneDay,2022-11-08T00:00:00Z,140.1295,141.2079,137.2738,139.2908,
AAPL,1001,OneDay,2022-11-09T00:00:00Z,138.1525,138.1525,134.3881,134.6877,
AAPL,1001,OneDay,2022-11-10T00:00:00Z,141.2179,146.5898,140.1894,146.5099,
AAPL,1001,OneDay,2022-11-11T00:00:00Z,145.781,149.765,144.1534,149.2857,
AAPL,1001,OneDay,2022-11-14T00:00:00Z,148.8764,150.0446,147.2089,147.9977,
AAPL,1001,OneDay,2022-11-15T00:00:00Z,151.8519,153.3396,148.3571,149.795,
AAPL,1001,OneDay,2022-11-16T00:00:00Z,148.6567,149.6152,147.0691,148.5968,
AAPL,1001,OneDay,2022-11-17T00:00:00Z,146.1704,151.2428,146.1704,150.5339,
AAPL,1001,OneDay,2022-11-18T00:00:00Z,152.1115,152.1115,149.745,151.0531,
AAPL,1001,OneDay,2022-11-21T00:00:00Z,149.8149,149.9547,147.4884,147.808,
AAPL,1001,OneDay,2022-11-22T00:00:00Z,147.9977,150.1045,146.6996,149.9747,
AAPL,1001,OneDay,2022-11-23T00:00:00Z,149.2458,151.5623,149.116,150.8534,
AAPL,1001,OneDay,2022-11-25T00:00:00Z,147.6182,148.6367,146.9093,147.9078,
AAPL,1001,OneDay,2022-11-28T00:00:00Z,144.6527,146.3801,143.1749,144.0536,
AAPL,1001,OneDay,2022-11-29T00:00:00Z,143.9338,144.5528,140.1495,140.9882,
AAPL,1001,OneDay,2022-11-30T00:00:00Z,140.9882,147.6582,140.3392,147.6582,
AAPL,1001,OneDay,2022-12-01T00:00:00Z,147.9577,148.8764,146.3901,148.1974,
AAPL,1001,OneDay,2022-12-02T00:00:00Z,145.781,147.758,145.4315,147.5184,
AAPL,1001,OneDay,2022-12-05T00:00:00Z,147.3287,150.6737,145.5613,146.47,
AAPL,1001,OneDay,2022-12-06T00:00:00Z,146.8194,147.0092,141.7471,142.7156,
AAPL,1001,OneDay,2022-12-07T00:00:00Z,142.3062,143.145,139.8,140.8384,
AAPL,1001,OneDay,2022-12-08T00:00:00Z,141.9667,143.2848,140.8884,142.466,
AAPL,1001,OneDay,2022-12-09T00:00:00Z,142.2164,145.3217,140.6986,141.9168,
AAPL,1001,OneDay,2022-12-12T00:00:00Z,142.5758,144.2433,140.8484,144.2333,
AAPL,1001,OneDay,2022-12-13T00:00:00Z,149.2358,149.7151,144.0536,145.2418,
AAPL,1001,OneDay,2022-12-14T00:00:00Z,145.1719,146.42,140.9782,143.0451,
AAPL,1001,OneDay,2022-12-15T00:00:00Z,141.0381,141.5374,135.816,136.2953,
AAPL,1001,OneDay,2022-12-16T00:00:00Z,136.2953,137.4136,133.5194,134.3182,
AAPL,1001,OneDay,2022-12-19T00:00:00Z,134.7975,134.8574,131.133,132.2314,
AAPL,1001,OneDay,2022-12-20T00:00:00Z,131.2828,133.0401,129.7451,132.1415,
AAPL,1001,OneDay,2022-12-21T00:00:00Z,132.6607,136.5848,132.5509,135.2468,
AAPL,1001,OneDay,2022-12-22T00:00:00Z,133.8589,134.3282,130.1245,132.0616,
AAPL,1001,OneDay,2022-12-23T00:00:00Z,130.9433,132.2014,129.4555,131.6123,
AAPL,1001,OneDay,2022-12-27T00:00:00Z,131.0831,131.0831,128.5369,129.8549,
AAPL,1001,OneDay,2022-12-28T00:00:00Z,129.5554,130.8035,125.6812,125.9109,
AAPL,1001,OneDay,2022-12-29T00:00:00Z,127.7381,130.2843,127.6183,129.3956,
AAPL,1001,OneDay,2022-12-30T00:00:00Z,127.9378,129.7251,127.2389,129.7251,
AAPL,1001,OneDay,2023-01-03T00:00:00Z,130.2743,130.6737,123.9937,124.9124,
AAPL,1001,OneDay,2023-01-04T00:00:00Z,126.6597,128.447,124.9223,126.2503,
AAPL,1001,OneDay,2023-01-05T00:00:00Z,126.6298,127.4086,124.5629,124.9124,
AAPL,1001,OneDay,2023-01-06T00:00:00Z,125.9807,130.0746,124.7027,129.3257,
AAPL,1001,OneDay,2023-01-09T00:00:00Z,130.5639,133.1999,129.6952,129.9548,
AAPL,1001,OneDay,2023-01-10T00:00:00Z,129.9847,131.0531,127.9378,130.494,
AAPL,1001,OneDay,2023-01-11T00:00:00Z,131.0631,133.2199,130.2643,133.2199,
AAPL,1001,OneDay,2023-01-12T00:00:00Z,133.7291,134.0287,131.2628,133.3197,
AAPL,1001,OneDay,2023-01-13T00:00:00Z,131.8919,134.7076,131.4525,134.5079,
AAPL,1001,OneDay,2023-01-17T00:00:00Z,134.7875,137.0741,133.9588,135.6862,
AAPL,1001,OneDay,2023-01-18T00:00:00Z,136.6847,138.3921,134.8374,134.9473,
AAPL,1001,OneDay,2023-01-19T00:00:00Z,133.7091,136.0356,133.5693,135.0272,
AAPL,1001,OneDay,2023-01-20T00:00:00Z,134.8474,137.7131,134.0187,137.5933,
AAPL,1001,OneDay,2023-01-23T00:00:00Z,138.0127,143.0851,137.6832,140.9383,
AAPL,1001,OneDay,2023-01-24T00:00:00Z,140.2793,142.9153,140.0896,142.3561,
AAPL,1001,OneDay,2023-01-25T00:00:00Z,140.5988,142.1964,138.6018,141.5873,
AAPL,1001,OneDay,2023-01-26T00:00:00Z,143.115,144.0137,141.6872,143.794,
AAPL,1001,OneDay,2023-01-27T00:00:00Z,142.9253,146.9892,142.9253,145.6312,
AAPL,1001,OneDay,2023-01-30T00:00:00Z,144.5329,145.2917,142.6457,142.7555,
AAPL,1001,OneDay,2023-01-31T00:00:00Z,142.5558,144.0935,142.0666,144.0935,
AAPL,1001,OneDay,2023-02-01T00:00:00Z,143.5244,146.3701,141.1679,145.1719,
AAPL,1001,OneDay,2023-02-02T00:00:00Z,148.7166,150.8833,147.9378,150.3941,
AAPL,1001,OneDay,2023-02-03T00:00:00Z,147.748,157.124,147.748,154.2683,
AAPL,1001,OneDay,2023-02-06T00:00:00Z,152.2113,152.8604,150.5638,151.5024,
AAPL,1001,OneDay,2023-02-07T00:00:00Z,150.6437,154.9572,150.6437,154.4979,
AAPL,1001,OneDay,2023-02-08T00:00:00Z,153.6492,154.3381,150.9333,151.742,
AAPL,1001,OneDay,2023-02-09T00:00:00Z,153.7291,154.0686,150.1944,150.6137,
AAPL,1001,OneDay,2023-02-10T00:00:00Z,149.0761,151.083,149.0761,150.7835,
AAPL,1001,OneDay,2023-02-13T00:00:00Z,150.8134,154.0186,150.7336,153.5493,
AAPL,1001,OneDay,2023-02-14T00:00:00Z,151.8119,153.5094,150.6437,153.0002,
AAPL,1001,OneDay,2023-02-15T00:00:00Z,152.9103,155.2568,152.6607,155.087,
AAPL,1001,OneDay,2023-02-16T00:00:00Z,153.2698,156.0855,153.12,153.4894,
AAPL,1001,OneDay,2023-02-17T00:00:00Z,152.0316,152.7505,150.6337,152.2113,
AAPL,1001,OneDay,2023-02-21T00:00:00Z,150.3441,151.0531,148.1774,148.2673,
AAPL,1001,OneDay,2023-02-22T00:00:00Z,148.6767,149.7051,146.9393,148.6467,
AAPL,1001,OneDay,2023-02-23T00:00:00Z,149.8349,150.0746,147.0191,149.2059,
AAPL,1001,OneDay,2023-02-24T00:00:00Z,146.9492,146.9492,145.5114,146.47,
AAPL,1001,OneDay,2023-02-27T00:00:00Z,147.5483,148.9363,147.2288,147.6782,
AAPL,1001,OneDay,2023-02-28T00:00:00Z,146.8794,148.8464,146.6697,147.2788,
AAPL,1001,OneDay,2023-03-01T00:00:00Z,146.4899,146.9892,144.7825,145.092,
AAPL,1001,OneDay,2023-03-02T00:00:00Z,143.9837,146.47,143.6842,145.6412,
AAPL,1001,OneDay,2023-03-03T00:00:00Z,147.4485,150.8434,147.119,150.8234,
AAPL,1001,OneDay,2023-03-06T00:00:00Z,153.5194,156.0456,153.2498,153.6192,
AAPL,1001,OneDay,2023-03-07T00:00:00Z,153.3496,153.789,150.9033,151.3926,
AAPL,1001,OneDay,2023-03-08T00:00:00Z,152.6207,153.2298,151.6222,152.6307,
AAPL,1001,OneDay,2023-03-09T00:00:00Z,153.2298,154.2882,149.9947,150.3641,
AAPL,1001,OneDay,2023-03-10T00:00:00Z,149.9847,150.7136,147.3786,148.3871,
AAPL,1001,OneDay,2023-03-13T00:00:00Z,148.1175,152.8704,147.9078,150.2842,
AAPL,1001,OneDay,2023-03-14T00:00:00Z,151.1529,153.1599,149.9248,152.441,
AAPL,1001,OneDay,2023-03-15T00:00:00Z,151.0331,153.0002,149.6851,152.6107,
AAPL,1001,OneDay,2023-03-16T00:00:00Z,152.1015,156.1255,151.4125,155.6362,
AAPL,1001,OneDay,2023-03-17T00:00:00Z,155.2668,156.4849,154.0586,154.7575,
AAPL,1001,OneDay,2023-03-20T00:00:00Z,154.9572,157.5433,153.9188,157.1639,
AAPL,1001,OneDay,2023-03-21T00:00:00Z,157.1439,159.111,156.3152,158.9812,
AAPL,1001,OneDay,2023-03-22T00:00:00Z,159.1309,161.8668,157.6831,157.6831,
AAPL,1001,OneDay,2023-03-23T00:00:00Z,158.7016,161.2977,157.4335,158.6816,
AAPL,1001,OneDay,2023-03-24T00:00:00Z,158.6117,160.0496,157.6432,160.0496,
AAPL,1001,OneDay,2023-03-27T00:00:00Z,159.6901,160.4989,157.6332,157.9327,
AAPL,1001,OneDay,2023-03-28T00:00:00Z,157.753,157.8629,155.746,157.4335,
AAPL,1001,OneDay,2023-03-29T00:00:00Z,159.2707,160.7485,159.111,160.409,
AAPL,1001,OneDay,2023-03-30T00:00:00Z,161.3876,162.2163,161.0481,162.0566,
AAPL,1001,OneDay,2023-03-31T00:00:00Z,161.9667,164.7425,161.9267,164.5828,
AAPL,1001,OneDay,2023-04-03T00:00:00Z,164.2832,166.0206,164.0635,165.8708,
AAPL,1001,OneDay,2023-04-04T00:00:00Z,166.39,166.5798,164.8623,165.3316,
AAPL,1001,OneDay,2023-04-05T00:00:00Z,164.4829,164.7725,161.5573,163.5243,
AAPL,1001,OneDay,2023-04-06T00:00:00Z,161.9467,164.6926,161.787,164.3231,
AAPL,1001,OneDay,2023-04-10T00:00:00Z,161.3077,161.6971,159.8399,161.6771,
AAPL,1001,OneDay,2023-04-11T00:00:00Z,161.8668,161.9867,160.2692,160.5688,
AAPL,1001,OneDay,2023-04-12T00:00:00Z,161.0281,161.7969,159.5403,159.8399,
AAPL,1001,OneDay,2023-04-13T00:00:00Z,161.4774,165.5413,161.1978,165.3216,
AAPL,1001,OneDay,2023-04-14T00:00:00Z,164.5328,166.0605,163.5942,164.9522,
AAPL,1001,OneDay,2023-04-17T00:00:00Z,164.7225,165.102,163.8239,164.9822,
AAPL,1001,OneDay,2023-04-18T00:00:00Z,165.7111,167.1489,165.4015,166.2602,
AAPL,1001,OneDay,2023-04-19T00:00:00Z,165.5213,167.8978,165.3017,167.3386,
AAPL,1001,OneDay,2023-04-20T00:00:00Z,165.731,167.6082,165.3117,166.3401,
AAPL,1001,OneDay,2023-04-21T00:00:00Z,164.9722,166.1903,164.2433,164.7425,
AAPL,1001,OneDay,2023-04-24T00:00:00Z,164.7225,165.3416,163.6641,165.0321,
AAPL,1001,OneDay,2023-04-25T00:00:00Z,164.9722,166.0406,163.4844,163.5144,
AAPL,1001,OneDay,2023-04-26T00:00:00Z,163.085,165.0221,162.7755,163.5443,
AAPL,1001,OneDay,2023-04-27T00:00:00Z,165.4115,168.2672,165.1419,168.1274,
AAPL,1001,OneDay,2023-04-28T00:00:00Z,168.0675,169.5852,167.6382,169.3756,
AAPL,1001,OneDay,2023-05-01T00:00:00Z,169.2358,170.1843,168.387,169.3756,
AAPL,1001,OneDay,2023-05-02T00:00:00Z,169.6951,170.0845,167.2887,168.2473,
AAPL,1001,OneDay,2023-05-03T00:00:00Z,169.5153,170.6536,166.9192,167.2288,
AAPL,1001,OneDay,2023-05-04T00:00:00Z,164.6527,166.7795,164.0635,165.3816,
AAPL,1001,OneDay,2023-05-05T00:00:00Z,170.7235,174.0286,170.5039,173.1699,
AAPL,1001,OneDay,2023-05-08T00:00:00Z,172.0416,173.5792,171.8618,173.1798,
AAPL,1001,OneDay,2023-05-09T00:00:00Z,172.8903,173.2497,171.4125,171.6122,
AAPL,1001,OneDay,2023-05-10T00:00:00Z,172.8004,173.719,171.6422,173.2797,
AAPL,1001,OneDay,2023-05-11T00:00:00Z,173.5293,174.2982,171.9117,173.4395,
AAPL,1001,OneDay,2023-05-12T00:00:00Z,173.3995,173.7889,170.7435,172.2612,
AAPL,1001,OneDay,2023-05-15T00:00:00Z,172.5907,172.9003,171.2128,171.8119,
AAPL,1001,OneDay,2023-05-16T00:00:00Z,171.8818,172.8603,171.5323,171.8718,
AAPL,1001,OneDay,2023-05-17T00:00:00Z,171.4824,172.6506,170.1744,172.391,
AAPL,1001,OneDay,2023-05-18T00:00:00Z,172.7904,174.9572,172.3111,174.8174,
AAPL,1001,OneDay,2023-05-19T00:00:00Z,175.3566,176.0156,174.6976,174.9072,
AAPL,1001,OneDay,2023-05-22T00:00:00Z,173.8588,174.438,173.1898,173.9387,20182084.0
AAPL,1001,OneDay,2023-05-23T00:00:00Z,172.7705,173.08,171.0231,171.4125,20818919.0
AAPL,1001,OneDay,2023-05-24T00:00:00Z,170.8633,172.1514,170.2742,171.6022,19528935.0
AAPL,1001,OneDay,2023-05-25T00:00:00Z,172.5108,173.6292,171.4325,172.6506,22423742.0
AAPL,1001,OneDay,2023-05-26T00:00:00Z,173.0101,175.4964,172.8803,175.077,24346873.0
AAPL,1001,OneDay,2023-05-30T00:00:00Z,176.3651,178.6816,176.3251,177.064,24675098.0
AAPL,1001,OneDay,2023-05-31T00:00:00Z,177.3536,179.071,176.9542,177.1439,31658383.0
AAPL,1001,OneDay,2023-06-01T00:00:00Z,177.4135,179.75,176.6646,179.7,29584746.0
AAPL,1001,OneDay,2023-06-02T00:00:00Z,180.6786,181.4574,178.9911,180.5987,27656574.0
AAPL,1001,OneDay,2023-06-05T00:00:00Z,181.7669,184.6626,177.763,179.3905,63078966.0
AAPL,1001,OneDay,2023-06-06T00:00:00Z,178.6616,179.4205,177.1639,178.9112,31026201.0
AAPL,1001,OneDay,2023-06-07T00:00:00Z,178.0525,180.9282,177.054,177.5233,27354809.0
AAPL,1001,OneDay,2023-06-08T00:00:00Z,177.9926,180.5488,177.2138,180.3491,23227175.0
AAPL,1001,OneDay,2023-06-09T00:00:00Z,181.4275,181.9467,180.369,180.7385,23223554.0
AAPL,1001,OneDay,2023-06-12T00:00:00Z,181.0181,183.5942,180.6886,183.5343,20589788.0
AAPL,1001,OneDay,2023-06-13T00:00:00Z,182.9751,183.8538,182.1663,183.065,23181624.0
AAPL,1001,OneDay,2023-06-14T00:00:00Z,183.1449,184.1034,181.7769,183.6741,25690754.0
AAPL,1001,OneDay,2023-06-15T00:00:00Z,183.7739,186.2203,183.5143,185.6811,28027789.0
AAPL,1001,OneDay,2023-06-16T00:00:00Z,186.42,186.42,184.383,184.5927,23521944.0
AAPL,1001,OneDay,2023-06-20T00:00:00Z,184.5228,185.8009,184.2332,184.8024,21000682.0
AAPL,1001,OneDay,2023-06-21T00:00:00Z,184.4629,185.1019,182.3261,183.6541,20250995.0
AAPL,1001,OneDay,2023-06-22T00:00:00Z,183.4644,186.7395,183.4644,186.7095,24022777.0
AAPL,1001,OneDay,2023-06-23T00:00:00Z,185.4015,187.2687,184.7325,186.3301,22814582.0
AAPL,1001,OneDay,2023-06-26T00:00:00Z,186.3501,187.7579,184.9621,185.0221,21540496.0
AAPL,1001,OneDay,2023-06-27T00:00:00Z,185.4714,188.0974,185.4115,187.7979,22571792.0
AAPL,1001,OneDay,2023-06-28T00:00:00Z,187.7579,189.6052,187.3186,188.8862,22842716.0
AAPL,1001,OneDay,2023-06-29T00:00:00Z,188.9761,189.745,188.6566,189.1958,20574219.0
AAPL,1001,OneDay,2023-07-03T00:00:00Z,193.4194,193.5792,191.4823,192.2013,15252104.0
AAPL,1001,OneDay,2023-07-05T00:00:00Z,191.4125,192.6706,190.3341,190.9831,21306502.0
AAPL,1001,OneDay,2023-07-06T00:00:00Z,189.735,191.722,188.9162,191.5323,20026738.0
AAPL,1001,OneDay,2023-07-07T00:00:00Z,191.033,192.351,189.9646,190.4339,20651633.0
AAPL,1001,OneDay,2023-07-10T00:00:00Z,189.0859,189.685,186.7594,188.2672,27498728.0
AAPL,1001,OneDay,2023-07-11T00:00:00Z,188.8263,188.8263,186.3101,187.8378,21298182.0
AAPL,1001,OneDay,2023-07-12T00:00:00Z,189.6152,191.4025,188.1873,189.4654,27236111.0
AAPL,1001,OneDay,2023-07-13T00:00:00Z,189.9946,190.8932,189.4953,190.354,19277694.0
AAPL,1001,OneDay,2023-07-14T00:00:00Z,190.0345,190.8832,189.3456,190.2143,18868365.0
AAPL,1001,OneDay,2023-07-17T00:00:00Z,191.5922,194.0185,191.5822,193.5892,23486116.0
AAPL,1001,OneDay,2023-07-18T00:00:00Z,192.9901,193.9486,192.1314,193.4494,23588193.0
AAPL,1001,OneDay,2023-07-19T00:00:00Z,192.8203,197.9027,192.361,194.8772,37895443.0
AAPL,1001,OneDay,2023-07-20T00:00:00Z,195.1269,196.1354,192.2113,192.9501,27939848.0
AAPL,1001,OneDay,2023-07-24T00:00:00Z,193.0799,194.6077,192.0016,192.381,22867793.0
AAPL,1001,OneDay,2023-07-25T00:00:00Z,193.06,194.1384,192.6306,193.4095,16590884.0
AAPL,1001,OneDay,2023-07-26T00:00:00Z,193.3595,195.3366,193.03,194.1683,19937725.0
AAPL,1001,OneDay,2023-07-27T00:00:00Z,195.726,196.8942,192.3111,192.9701,23416294.0
AAPL,1001,OneDay,2023-07-28T00:00:00Z,194.1184,196.3151,193.8588,195.3765,20517121.0
AAPL,1001,OneDay,2023-07-31T00:00:00Z,195.8658,196.1853,194.9671,196.1254,16817021.0
AAPL,1001,OneDay,2023-08-01T00:00:00Z,196.0754,196.4149,194.9871,195.3465,15694130.0
AAPL,1001,OneDay,2023-08-02T00:00:00Z,194.7574,194.8473,191.5622,192.3111,21346102.0
AAPL,1001,OneDay,2023-08-03T00:00:00Z,191.2227,192.0715,190.5537,190.8932,24102948.0
AAPL,1001,OneDay,2023-08-04T00:00:00Z,184.0236,187.079,181.6871,181.707,57881603.0
AAPL,1001,OneDay,2023-08-07T00:00:00Z,181.5173,182.8154,177.094,178.5618,52729348.0
AAPL,1001,OneDay,2023-08-08T00:00:00Z,179.3106,179.9696,177.3336,179.5802,34936865.0
AAPL,1001,OneDay,2023-08-09T00:00:00Z,180.5488,180.5488,176.7445,177.9027,31673491.0
AAPL,1001,OneDay,2023-08-10T00:00:00Z,179.0111,180.4689,177.3336,177.6631,28234428.0
AAPL,1001,OneDay,2023-08-11T00:00:00Z,177.1239,178.3321,176.395,177.4934,24975092.0
AAPL,1001,OneDay,2023-08-14T00:00:00Z,177.5233,179.4105,177.044,179.1609,21280627.0
AAPL,1001,OneDay,2023-08-15T00:00:00Z,178.8713,179.1808,176.7844,177.3636,18334956.0
AAPL,1001,OneDay,2023-08-16T00:00:00Z,176.7944,178.2522,176.3251,176.3251,20986822.0
AAPL,1001,OneDay,2023-08-17T00:00:00Z,176.9542,177.2238,173.2298,174.0086,28869045.0
AAPL,1001,OneDay,2023-08-18T00:00:00Z,172.1813,174.7075,172.0815,174.0186,25602785.0
AAPL,1001,OneDay,2023-08-21T00:00:00Z,174.6776,175.8558,173.4694,175.5762,20807115.0
AAPL,1001,OneDay,2023-08-22T00:00:00Z,176.7145,177.4035,175.9856,176.9442,21201297.0
AAPL,1001,OneDay,2023-08-23T00:00:00Z,178.2722,181.2677,178.0525,180.8683,26881905.0
AAPL,1001,OneDay,2023-08-24T00:00:00Z,180.3391,180.8084,175.766,176.1354,23622054.0
AAPL,1001,OneDay,2023-08-25T00:00:00Z,177.2737,178.8613,175.5563,178.2722,22763096.0
AAPL,1001,OneDay,2023-08-28T00:00:00Z,179.3905,180.2991,178.2922,179.9197,18935791.0
AAPL,1001,OneDay,2023-08-29T00:00:00Z,179.3805,184.6127,179.2308,183.9537,25678779.0
AAPL,1001,OneDay,2023-08-30T00:00:00Z,184.6626,187.4983,184.4928,187.3785,31735195.0
AAPL,1001,OneDay,2023-08-31T00:00:00Z,187.6581,188.8263,187.2088,187.718,24432742.0
AAPL,1001,OneDay,2023-09-01T00:00:00Z,188.9462,189.6052,187.9976,189.046,21252296.0
AAPL,1001,OneDay,2023-09-05T00:00:00Z,187.9077,189.685,187.3286,189.4155,23000047.0
AAPL,1001,OneDay,2023-09-06T00:00:00Z,188.377,188.4269,181.1878,182.6257,46348539.0
AAPL,1001,OneDay,2023-09-07T00:00:00Z,174.7675,177.9327,173.2997,177.5033,61311775.0
AAPL,1001,OneDay,2023-09-08T00:00:00Z,178.3621,179.9597,177.5333,177.9926,37268567.0
AAPL,1001,OneDay,2023-09-11T00:00:00Z,179.9197,179.9197,177.074,179.1009,32985512.0
AAPL,1001,OneDay,2023-09-12T00:00:00Z,179.3406,179.8099,174.5678,176.0555,50628177.0
AAPL,1001,OneDay,2023-09-13T00:00:00Z,176.2652,176.9941,173.719,173.9187,43864945.0
AAPL,1001,OneDay,2023-09-14T00:00:00Z,173.6092,175.8159,173.3296,175.4065,30653227.0
AAPL,1001,OneDay,2023-09-15T00:00:00Z,176.0755,176.0755,173.5593,174.6676,34384804.0
AAPL,1001,OneDay,2023-09-18T00:00:00Z,176.3251,179.1009,176.1753,177.6531,36384069.0
AAPL,1001,OneDay,2023-09-19T00:00:00Z,177.4734,179.3306,176.8643,178.8314,28638334.0
AAPL,1001,OneDay,2023-09-20T00:00:00Z,179.091,179.3905,175.2068,175.2168,31158219.0
AAPL,1001,OneDay,2023-09-21T00:00:00Z,174.3381,176.0156,173.6092,173.6691,31500368.0
AAPL,1001,OneDay,2023-09-22T00:00:00Z,174.1883,176.7944,173.7889,174.6077,28141976.0
AAPL,1001,OneDay,2023-09-25T00:00:00Z,174.3581,176.6746,173.9387,175.766,25438921.0
AAPL,1001,OneDay,2023-09-26T00:00:00Z,174.7475,174.7475,171.3925,171.8518,32214660.0
AAPL,1001,OneDay,2023-09-27T00:00:00Z,172.431,172.7505,168.7964,170.0845,35346465.0
AAPL,1001,OneDay,2023-09-28T00:00:00Z,168.9562,171.742,167.3885,170.3541,30101635.0
AAPL,1001,OneDay,2023-09-29T00:00:00Z,171.722,172.7904,170.0945,170.8833,23231669.0
AAPL,1001,OneDay,2023-10-02T00:00:00Z,170.8533,174.0186,170.7635,173.3596,24520101.0
AAPL,1001,OneDay,2023-10-03T00:00:00Z,172.3711,173.3496,170.5837,172.1314,25339189.0
AAPL,1001,OneDay,2023-10-04T00:00:00Z,170.9831,173.9287,170.8234,173.3396,25451916.0
AAPL,1001,OneDay,2023-10-05T00:00:00Z,173.5792,175.1768,172.431,174.6077,25532722.0
AAPL,1001,OneDay,2023-10-09T00:00:00Z,176.425,178.7714,175.5563,178.7115,22776416.0
AAPL,1001,OneDay,2023-10-10T00:00:00Z,178.0625,179.4504,177.6831,178.1424,21585820.0
AAPL,1001,OneDay,2023-10-12T00:00:00Z,179.6501,182.0565,178.7714,180.4889,28845781.0
AAPL,1001,OneDay,2023-10-13T00:00:00Z,181.1479,181.6272,177.8728,178.5618,23866835.0
AAPL,1001,OneDay,2023-10-16T00:00:00Z,176.7744,178.7914,176.2552,178.3221,25836962.0
AAPL,1001,OneDay,2023-10-17T00:00:00Z,176.395,178.1424,174.5378,176.8244,29416130.0
AAPL,1001,OneDay,2023-10-18T00:00:00Z,175.3666,177.2937,174.8374,175.4464,25674912.0
AAPL,1001,OneDay,2023-10-19T00:00:00Z,175.766,177.5633,174.9272,175.1569,25251730.0
AAPL,1001,OneDay,2023-10-20T00:00:00Z,174.8873,175.1369,172.381,172.6207,25231495.0
AAPL,1001,OneDay,2023-10-23T00:00:00Z,170.7735,173.729,169.745,172.7904,28083382.0
AAPL,1001,OneDay,2023-10-24T00:00:00Z,172.7405,173.3995,171.1928,173.1199,21471526.0
AAPL,1001,OneDay,2023-10-25T00:00:00Z,171.6322,172.7904,170.384,170.9232,24125738.0
AAPL,1001,OneDay,2023-10-26T00:00:00Z,170.0446,171.083,165.4714,166.5598,32557219.0
AAPL,1001,OneDay,2023-10-30T00:00:00Z,168.6666,170.8933,168.6167,169.9547,24627272.0
AAPL,1001,OneDay,2023-10-31T00:00:00Z,169.0061,170.6337,167.6482,170.5138,20117427.0
AAPL,1001,OneDay,2023-11-01T00:00:00Z,170.8434,173.9587,169.8648,173.719,25447809.0
AAPL,1001,OneDay,2023-11-02T00:00:00Z,175.2068,177.4534,175.2068,177.4235,31906706.0
AAPL,1001,OneDay,2023-11-03T00:00:00Z,174.1484,176.5248,173.1099,176.415,41889864.0
AAPL,1001,OneDay,2023-11-06T00:00:00Z,176.0156,179.1509,175.9457,178.9911,31547826.0
AAPL,1001,OneDay,2023-11-07T00:00:00Z,179.2707,182.1564,178.7115,181.6272,33705674.0
AAPL,1001,OneDay,2023-11-08T00:00:00Z,182.0266,183.1549,181.3176,182.6856,26760732.0
AAPL,1001,OneDay,2023-11-09T00:00:00Z,182.7654,183.8239,181.5473,182.1264,27945249.0
AAPL,1001,OneDay,2023-11-10T00:00:00Z,183.6541,186.2702,183.2547,186.1304,30549418.0
AAPL,1001,OneDay,2023-11-13T00:00:00Z,185.6611,185.741,183.9337,184.4529,21774322.0
AAPL,1001,OneDay,2023-11-14T00:00:00Z,187.1888,187.8179,186.0605,187.0191,26582285.0
AAPL,1001,OneDay,2023-11-15T00:00:00Z,187.738,189.2058,187.4983,187.7879,25121187.0
AAPL,1001,OneDay,2023-11-16T00:00:00Z,189.4155,190.6536,188.4369,189.5453,28490611.0
AAPL,1001,OneDay,2023-11-17T00:00:00Z,189.8248,190.0545,188.2871,189.4454,23626122.0
AAPL,1001,OneDay,2023-11-20T00:00:00Z,189.8049,191.6022,189.8049,191.1528,21865263.0
AAPL,1001,OneDay,2023-11-21T00:00:00Z,191.053,191.053,189.4654,190.374,19093070.0
AAPL,1001,OneDay,2023-11-22T00:00:00Z,191.2627,192.6306,190.5438,191.023,21927689.0
AAPL,1001,OneDay,2023-11-24T00:00:00Z,190.5837,190.5837,188.9661,189.6451,12517392.0
AAPL,1001,OneDay,2023-11-27T00:00:00Z,189.695,190.374,188.6167,189.4853,19153463.0
AAPL,1001,OneDay,2023-11-28T00:00:00Z,189.4254,190.7834,189.1159,190.0146,20411613.0
AAPL,1001,OneDay,2023-11-29T00:00:00Z,191.3026,191.7919,188.6865,189.056,20068089.0
AAPL,1001,OneDay,2023-11-30T00:00:00Z,189.6152,190.0245,187.9177,189.8348,19942640.0
AAPL,1001,OneDay,2023-12-05T00:00:00Z,190.2941,194.0984,190.2941,193.1798,35036485.0
AAPL,1001,OneDay,2023-12-06T00:00:00Z,194.378,194.388,191.8518,192.0914,19371093.0
AAPL,1001,OneDay,2023-12-07T00:00:00Z,193.4893,194.6875,193.3096,193.9686,22561632.0
AAPL,1001,OneDay,2023-12-08T00:00:00Z,193.8787,195.686,193.3795,195.4364,23471872.0
AAPL,1001,OneDay,2023-12-11T00:00:00Z,192.9302,193.1099,191.1429,192.9701,27115260.0
AAPL,1001,OneDay,2023-12-12T00:00:00Z,192.6206,194.348,191.4524,194.348,22195838.0
AAPL,1001,OneDay,2023-12-13T00:00:00Z,194.7375,197.683,194.6875,197.5033,31175252.0
AAPL,1001,OneDay,2023-12-14T00:00:00Z,197.8428,199.3106,195.8658,197.6531,33300736.0
AAPL,1001,OneDay,2023-12-18T00:00:00Z,196.0255,196.3151,194.1084,195.5862,25985296.0
AAPL,1001,OneDay,2023-12-19T00:00:00Z,196.0056,196.6446,195.6062,196.4748,17996295.0
AAPL,1001,OneDay,2023-12-20T00:00:00Z,196.5348,197.3735,194.7674,194.8872,22203293.0
AAPL,1001,OneDay,2023-12-21T00:00:00Z,195.8757,196.7744,193.2098,194.5777,23594760.0
AAPL,1001,OneDay,2023-12-22T00:00:00Z,194.8772,195.1069,192.6805,193.3296,18804113.0
AAPL,1001,OneDay,2023-12-26T00:00:00Z,193.4594,193.5892,192.5408,192.8004,15580442.0
AAPL,1001,OneDay,2023-12-27T00:00:00Z,192.2612,193.1998,190.8034,192.8902,24520959.0
AAPL,1001,OneDay,2023-12-28T00:00:00Z,193.9986,194.348,192.9402,193.3396,17867052.0
AAPL,1001,OneDay,2023-12-29T00:00:00Z,193.7589,194.0984,191.4424,192.391,20999121.0
AAPL,1001,OneDay,2024-01-02T00:00:00Z,187.4784,188.1274,183.6142,185.2717,39534987.0
AAPL,1001,OneDay,2024-01-03T00:00:00Z,183.9437,185.5712,183.1549,183.9537,28993798.0
AAPL,1001,OneDay,2024-01-04T00:00:00Z,181.8668,182.7954,180.6187,181.5972,35952089.0
AAPL,1001,OneDay,2024-01-08T00:00:00Z,181.727,185.3016,181.2278,185.2018,27229702.0
AAPL,1001,OneDay,2024-01-09T00:00:00Z,183.6341,184.8623,182.4559,184.7624,21565552.0
AAPL,1001,OneDay,2024-01-10T00:00:00Z,184.2233,186.1104,183.6441,185.8808,22836064.0
AAPL,1001,OneDay,2024-01-11T00:00:00Z,186.2203,186.7395,183.3546,185.3116,24480812.0
AAPL,1001,OneDay,2024-01-16T00:00:00Z,181.7969,183.9537,180.6586,183.3446,30977176.0
AAPL,1001,OneDay,2024-01-17T00:00:00Z,180.9082,182.6356,180.0296,182.3461,25132814.0
AAPL,1001,OneDay,2024-01-18T00:00:00Z,185.8508,188.8463,185.5612,188.3471,40393871.0
AAPL,1001,OneDay,2024-01-19T00:00:00Z,189.2956,191.6521,188.5567,191.2227,29946028.0
AAPL,1001,OneDay,2024-01-22T00:00:00Z,192.0814,195.0071,192.0116,193.4893,31178308.0
AAPL,1001,OneDay,2024-01-23T00:00:00Z,194.7874,195.4065,193.5293,194.8273,23179489.0
AAPL,1001,OneDay,2024-01-24T00:00:00Z,195.2068,196.0655,194.0585,194.2083,26721840.0
AAPL,1001,OneDay,2024-01-25T00:00:00Z,194.9571,195.9656,192.8303,193.8388,26326171.0
AAPL,1001,OneDay,2024-01-26T00:00:00Z,193.719,194.4579,191.6521,191.9516,21577661.0
AAPL,1001,OneDay,2024-01-29T00:00:00Z,191.7619,191.9017,189.2856,191.4724,23117720.0
AAPL,1001,OneDay,2024-01-30T00:00:00Z,190.5038,191.5023,187.1888,187.7579,30378423.0
AAPL,1001,OneDay,2024-01-31T00:00:00Z,186.6796,186.6796,184.423,184.423,26020075.0
AAPL,1001,OneDay,2024-02-01T00:00:00Z,183.6341,186.6097,183.6341,186.4599,27682655.0
AAPL,1001,OneDay,2024-02-02T00:00:00Z,179.051,186.8892,178.9711,185.711,52867815.0
AAPL,1001,OneDay,2024-02-05T00:00:00Z,187.1289,188.9561,185.5712,187.4484,35850641.0
AAPL,1001,OneDay,2024-02-06T00:00:00Z,187.049,188.9961,186.9791,188.9961,21817599.0
AAPL,1001,OneDay,2024-02-07T00:00:00Z,190.4339,190.6935,188.3271,189.1059,26729826.0
AAPL,1001,OneDay,2024-02-08T00:00:00Z,189.0959,189.2357,187.059,187.9976,21116027.0
AAPL,1001,OneDay,2024-02-09T00:00:00Z,188.5567,189.695,187.728,188.4868,22659001.0
AAPL,1001,OneDay,2024-02-12T00:00:00Z,188.1573,188.377,186.5098,186.8593,21357615.0
AAPL,1001,OneDay,2024-02-13T00:00:00Z,185.8608,185.9007,183.2347,184.7624,24555115.0
AAPL,1001,OneDay,2024-02-14T00:00:00Z,185.082,185.1718,182.1663,183.9437,26527928.0
AAPL,1001,OneDay,2024-02-15T00:00:00Z,183.2946,184.1134,181.1678,183.6142,31439171.0
AAPL,1001,OneDay,2024-02-16T00:00:00Z,183.4344,184.5528,181.3875,181.9067,23164291.0
AAPL,1001,OneDay,2024-02-20T00:00:00Z,181.4674,182.1364,179.74,181.3276,24017574.0
AAPL,1001,OneDay,2024-02-21T00:00:00Z,181.4075,182.5957,180.389,182.0266,19746997.0
AAPL,1001,OneDay,2024-02-22T00:00:00Z,183.3146,184.6626,182.1963,184.0236,24936690.0
AAPL,1001,OneDay,2024-02-23T00:00:00Z,184.363,184.6426,182.0365,182.366,20307905.0
AAPL,1001,OneDay,2024-02-26T00:00:00Z,181.9067,182.4659,180.379,180.8783,21132321.0
AAPL,1001,OneDay,2024-02-27T00:00:00Z,180.8383,183.6142,179.74,182.416,31219547.0
AAPL,1001,OneDay,2024-02-28T00:00:00Z,182.3061,182.7854,179.8598,181.058,26525158.0
AAPL,1001,OneDay,2024-02-29T00:00:00Z,181.068,182.2662,179.2607,180.409,35262232.0
AAPL,1001,OneDay,2024-03-01T00:00:00Z,179.3206,180.2193,177.1139,179.3905,41013639.0
AAPL,1001,OneDay,2024-03-04T00:00:00Z,175.3066,176.5747,173.5293,174.7774,44837862.0
AAPL,1001,OneDay,2024-03-05T00:00:00Z,170.4939,171.732,169.4055,169.8548,50892069.0
AAPL,1001,OneDay,2024-03-06T00:00:00Z,170.1244,170.4739,168.437,168.9662,37305491.0
AAPL,1001,OneDay,2024-03-07T00:00:00Z,168.8364,170.4639,168.2473,168.8663,39699794.0
AAPL,1001,OneDay,2024-03-08T00:00:00Z,168.6866,173.4295,168.6866,170.7036,45069811.0
AAPL,1001,OneDay,2024-03-11T00:00:00Z,173.1599,174.0685,171.7919,172.5108,32139083.0
AAPL,1001,OneDay,2024-03-12T00:00:00Z,172.9901,173.759,170.7635,172.9302,32388845.0
AAPL,1001,OneDay,2024-03-13T00:00:00Z,172.5508,172.9003,170.5039,170.8833,27318774.0
AAPL,1001,OneDay,2024-03-14T00:00:00Z,172.2612,174.0386,171.7919,172.8104,38231860.0
AAPL,1001,OneDay,2024-03-15T00:00:00Z,171.3126,172.3012,170.0446,172.2812,46032596.0
AAPL,1001,OneDay,2024-03-18T00:00:00Z,174.9672,177.4235,173.2597,173.4395,38099031.0
AAPL,1001,OneDay,2024-03-19T00:00:00Z,173.4894,176.3351,172.7804,175.6262,29114381.0
AAPL,1001,OneDay,2024-03-20T00:00:00Z,175.2867,178.2922,174.8374,178.2622,28272607.0
AAPL,1001,OneDay,2024-03-21T00:00:00Z,176.5648,177.2138,170.5837,171.2328,63055503.0
AAPL,1001,OneDay,2024-03-22T00:00:00Z,171.4724,172.7804,169.8049,172.0416,38105004.0
AAPL,1001,OneDay,2024-03-25T00:00:00Z,170.1544,171.6721,169.1958,170.6636,29718279.0
AAPL,1001,OneDay,2024-03-26T00:00:00Z,169.8049,171.1529,169.3855,169.5353,29336056.0
AAPL,1001,OneDay,2024-03-27T00:00:00Z,170.0446,173.3296,169.8548,172.9402,32463738.0
AAPL,1001,OneDay,2024-03-28T00:00:00Z,171.3027,171.9617,170.2642,171.3925,32319812.0
AAPL,1001,OneDay,2024-04-01T00:00:00Z,170.6936,170.9532,169.2258,169.745,23796898.0
AAPL,1001,OneDay,2024-04-02T00:00:00Z,168.6167,169.076,167.9976,168.7066,22591275.0
AAPL,1001,OneDay,2024-04-03T00:00:00Z,168.5368,170.414,168.3371,169.4554,25955485.0
AAPL,1001,OneDay,2024-04-04T00:00:00Z,170.434,171.6521,168.6067,168.6866,28667154.0
AAPL,1001,OneDay,2024-04-05T00:00:00Z,169.2458,170.1244,168.7165,169.3256,23386441.0
AAPL,1001,OneDay,2024-04-08T00:00:00Z,168.8464,168.8963,167.9876,168.2772,19323868.0
AAPL,1001,OneDay,2024-04-09T00:00:00Z,168.427,169.8049,168.1075,169.4155,25035306.0
AAPL,1001,OneDay,2024-04-10T00:00:00Z,168.5368,168.7765,166.8593,167.778,26722057.0
AAPL,1001,OneDay,2024-04-11T00:00:00Z,168.0276,175.1868,167.9078,174.7375,52855464.0
AAPL,1001,OneDay,2024-04-12T00:00:00Z,174.0885,178.0625,174.0186,176.2552,61416841.0
AAPL,1001,OneDay,2024-04-15T00:00:00Z,175.3466,176.3151,172.2413,172.4809,37975265.0
AAPL,1001,OneDay,2024-04-16T00:00:00Z,172.0116,173.4794,168.0176,169.1459,42964367.0
AAPL,1001,OneDay,2024-04-17T00:00:00Z,169.1958,170.3641,167.778,167.8379,27699513.0
AAPL,1001,OneDay,2024-04-18T00:00:00Z,167.9876,168.3671,166.3002,166.7894,23497246.0
AAPL,1001,OneDay,2024-04-19T00:00:00Z,165.6911,166.1304,163.8339,164.6427,36663983.0
AAPL,1001,OneDay,2024-04-22T00:00:00Z,165.4814,166.9891,164.5228,165.5513,24306048.0
AAPL,1001,OneDay,2024-04-23T00:00:00Z,164.8823,166.7894,164.6826,166.6796,24742317.0
AAPL,1001,OneDay,2024-04-24T00:00:00Z,166.1504,169.0161,166.1005,168.8164,25588581.0
AAPL,1001,OneDay,2024-04-26T00:00:00Z,169.6851,171.063,168.9362,169.0261,24145423.0
AAPL,1001,OneDay,2024-04-29T00:00:00Z,173.08,175.736,172.8803,173.1499,37137321.0
AAPL,1001,OneDay,2024-04-30T00:00:00Z,173.1399,174.7175,169.775,170.0645,28751189.0
AAPL,1001,OneDay,2024-05-01T00:00:00Z,169.6951,172.441,168.8464,169.1159,27968571.0
AAPL,1001,OneDay,2024-05-02T00:00:00Z,171.772,173.1399,170.6337,172.9003,37282523.0
AAPL,1001,OneDay,2024-05-03T00:00:00Z,186.41,186.6097,182.386,183.1249,89882570.0
AAPL,1001,OneDay,2024-05-06T00:00:00Z,182.0964,183.8239,180.1594,181.3176,45329792.0
AAPL,1001,OneDay,2024-05-07T00:00:00Z,183.2347,184.6027,181.048,182.1663,43578636.0
AAPL,1001,OneDay,2024-05-08T00:00:00Z,182.6456,182.7455,181.1978,182.4359,23925284.0
AAPL,1001,OneDay,2024-05-09T00:00:00Z,182.2063,184.363,181.8269,184.3531,27865072.0
AAPL,1001,OneDay,2024-05-13T00:00:00Z,184.9422,186.8094,184.3331,186.0705,38927421.0
AAPL,1001,OneDay,2024-05-14T00:00:00Z,187.4684,187.9976,186.0106,187.1688,24129550.0
AAPL,1001,OneDay,2024-05-15T00:00:00Z,187.688,190.354,187.1089,189.4354,37531902.0
AAPL,1001,OneDay,2024-05-16T00:00:00Z,190.2342,190.8034,189.3755,189.4055,25827874.0
AAPL,1001,OneDay,2024-05-20T00:00:00Z,188.9961,191.6122,188.7365,190.7534,22906490.0
AAPL,1001,OneDay,2024-05-21T00:00:00Z,190.7834,192.4209,190.6736,192.1214,23235259.0
AAPL,1001,OneDay,2024-05-22T00:00:00Z,191.8917,192.5308,189.9846,190.5937,18330694.0
AAPL,1001,OneDay,2024-05-23T00:00:00Z,190.6436,190.6436,186.3501,186.5697,26888891.0
AAPL,1001,OneDay,2024-05-28T00:00:00Z,191.3126,192.6706,188.8263,189.6551,28236214.0
AAPL,1001,OneDay,2024-05-29T00:00:00Z,189.4754,191.9417,189.4055,189.9946,27586769.0
AAPL,1001,OneDay,2024-05-30T00:00:00Z,190.4739,191.8817,190.3441,191.063,24951329.0
AAPL,1001,OneDay,2024-05-31T00:00:00Z,191.1928,192.2512,189.6251,191.8817,27779814.0
AAPL,1001,OneDay,2024-06-03T00:00:00Z,192.7405,194.6875,192.2712,193.709,28956217.0
AAPL,1001,OneDay,2024-06-04T00:00:00Z,194.6676,195.017,192.7504,194.0185,25152325.0
AAPL,1001,OneDay,2024-06-05T00:00:00Z,195.067,196.5947,194.5877,195.4364,31363561.0
AAPL,1001,OneDay,2024-06-06T00:00:00Z,195.5762,196.1853,193.8787,194.0884,22970507.0
AAPL,1001,OneDay,2024-06-07T00:00:00Z,194.6077,196.6346,193.8787,196.5048,30586547.0
AAPL,1001,OneDay,2024-06-10T00:00:00Z,196.8143,196.8143,191.8718,192.6007,59422998.0
AAPL,1001,OneDay,2024-06-11T00:00:00Z,193.5892,206.7394,193.5892,206.7394,104920938.0
AAPL,1001,OneDay,2024-06-12T00:00:00Z,207.039,219.8497,206.6096,212.7404,132487556.0
AAPL,1001,OneDay,2024-06-13T00:00:00Z,214.987,216.3849,211.3026,213.7888,63814959.0
AAPL,1001,OneDay,2024-06-14T00:00:00Z,213.4793,214.6775,211.003,212.1713,46615086.0
AAPL,1001,OneDay,2024-06-17T00:00:00Z,212.8902,218.5916,212.4009,216.1253,55211163.0
AAPL,1001,OneDay,2024-06-18T00:00:00Z,217.3435,218.2821,212.6805,213.9985,56027364.0
AAPL,1001,OneDay,2024-06-20T00:00:00Z,213.4693,213.8587,208.5567,209.2457,47802459.0
AAPL,1001,OneDay,2024-06-21T00:00:00Z,210.1243,211.5322,207.1588,207.5782,55751013.0
AAPL,1001,OneDay,2024-06-24T00:00:00Z,207.3385,212.351,206.3201,208.0874,43405470.0
AAPL,1001,OneDay,2024-06-25T00:00:00Z,208.4169,211.043,208.2971,208.996,27443343.0
AAPL,1001,OneDay,2024-06-26T00:00:00Z,211.2327,214.4978,210.324,213.04,35913347.0
AAPL,1001,OneDay,2024-06-27T00:00:00Z,214.4578,215.3465,212.0415,213.5492,28441378.0
AAPL,1001,OneDay,2024-06-28T00:00:00Z,215.4463,215.706,210.2142,210.2142,37181564.0
AAPL,1001,OneDay,2024-07-01T00:00:00Z,211.6321,217.1738,211.6321,216.4349,35396747.0
AAPL,1001,OneDay,2024-07-02T00:00:00Z,215.656,219.9995,214.7774,219.9696,31934526.0
AAPL,1001,OneDay,2024-07-03T00:00:00Z,219.9096,221.0979,218.7114,220.988,20838791.0
AAPL,1001,OneDay,2024-07-05T00:00:00Z,221.6271,226.1003,221.3774,226.0504,32534796.0
AAPL,1001,OneDay,2024-07-08T00:00:00Z,226.8692,227.4883,222.9251,227.3585,33501365.0
AAPL,1001,OneDay,2024-07-09T00:00:00Z,227.5781,229.0359,226.0205,228.347,28705418.0
AAPL,1001,OneDay,2024-07-10T00:00:00Z,228.9161,232.6705,228.9061,232.6405,35016457.0
AAPL,1001,OneDay,2024-07-11T00:00:00Z,230.8232,231.9316,225.4214,227.2985,35482351.0
AAPL,1001,OneDay,2024-07-12T00:00:00Z,228.6066,232.2811,228.337,229.8547,29572393.0
AAPL,1001,OneDay,2024-07-15T00:00:00Z,235.5262,236.6645,232.7304,233.8287,31458933.0
AAPL,1001,OneDay,2024-07-16T00:00:00Z,234.7074,235.8856,231.9815,234.328,23424692.0
AAPL,1001,OneDay,2024-07-17T00:00:00Z,229.1158,231.0429,226.32,228.5067,30180954.0
AAPL,1001,OneDay,2024-07-18T00:00:00Z,229.5651,230.0344,222.1363,223.9536,35599353.0
AAPL,1001,OneDay,2024-07-19T00:00:00Z,225.0619,226.4398,222.9451,224.0834,25213549.0
AAPL,1001,OneDay,2024-07-22T00:00:00Z,227.1088,227.4184,222.7554,223.6141,24397906.0
AAPL,1001,OneDay,2024-07-23T00:00:00Z,223.2746,226.5796,222.366,224.6226,24095103.0
AAPL,1001,OneDay,2024-07-24T00:00:00Z,223.7439,224.4129,216.8143,218.4319,30916148.0
AAPL,1001,OneDay,2024-07-25T00:00:00Z,218.9711,220.4888,214.2981,217.1738,28492735.0
AAPL,1001,OneDay,2024-07-26T00:00:00Z,218.0325,219.1508,215.686,217.5332,22226179.0
AAPL,1001,OneDay,2024-07-29T00:00:00Z,216.8942,218.9311,215.4264,217.9426,20813743.0
AAPL,1001,OneDay,2024-07-30T00:00:00Z,218.981,219.9696,215.7858,218.4618,21717405.0
AAPL,1001,OneDay,2024-07-31T00:00:00Z,220.7783,223.4643,220.349,221.9066,23017006.0
AAPL,1001,OneDay,2024-08-01T00:00:00Z,223.3645,223.9536,216.6945,217.8028,29691594.0
AAPL,1001,OneDay,2024-08-02T00:00:00Z,219.001,225.1817,217.4433,219.3006,51828956.0
AAPL,1001,OneDay,2024-08-05T00:00:00Z,197.8727,213.0799,197.8727,208.5966,58422925.0
AAPL,1001,OneDay,2024-08-06T00:00:00Z,205.052,209.665,200.7684,206.7694,36573444.0
AAPL,1001,OneDay,2024-08-07T00:00:00Z,207.1388,213.2996,207.1388,209.4454,30527216.0
AAPL,1001,OneDay,2024-08-08T00:00:00Z,212.0914,213.8587,208.5068,213.0999,23104120.0
AAPL,1001,OneDay,2024-08-09T00:00:00Z,211.8717,216.4349,211.682,215.9256,20559112.0
AAPL,1001,OneDay,2024-08-12T00:00:00Z,215.5562,219.1608,215.4863,217.2037,20333544.0
AAPL,1001,OneDay,2024-08-13T00:00:00Z,218.8812,221.5472,218.8812,220.9081,20084238.0
AAPL,1001,OneDay,2024-08-14T00:00:00Z,219.8897,222.6655,219.3305,221.5272,20248777.0
AAPL,1001,OneDay,2024-08-15T00:00:00Z,223.6041,224.992,222.4259,224.2331,21639257.0
AAPL,1001,OneDay,2024-08-16T00:00:00Z,223.7838,226.4598,223.3045,225.7309,18564521.0
AAPL,1001,OneDay,2024-08-19T00:00:00Z,224.9021,225.6011,222.6955,225.4413,19506251.0
AAPL,1001,OneDay,2024-08-20T00:00:00Z,225.3515,226.8093,225.3515,226.1003,15626390.0
AAPL,1001,OneDay,2024-08-21T00:00:00Z,225.9206,227.628,224.9121,226.0704,17106027.0
AAPL,1001,OneDay,2024-08-22T00:00:00Z,227.1687,227.9875,223.5741,223.9436,19188388.0
AAPL,1001,OneDay,2024-08-23T00:00:00Z,225.5811,227.8577,223.9835,226.5297,18711993.0
AAPL,1001,OneDay,2024-08-26T00:00:00Z,226.2501,226.7993,223.5542,226.7993,16134186.0
AAPL,1001,OneDay,2024-08-27T00:00:00Z,225.5711,228.4967,224.5527,227.678,17396892.0
AAPL,1001,OneDay,2024-08-28T00:00:00Z,227.7079,229.4952,225.3315,225.9705,19724948.0
AAPL,1001,OneDay,2024-08-29T00:00:00Z,229.5751,232.5507,228.5467,229.3854,29573958.0
AAPL,1001,OneDay,2024-08-30T00:00:00Z,229.665,230.0244,227.1388,228.6465,20533161.0
AAPL,1001,OneDay,2024-09-03T00:00:00Z,227.9176,228.6365,220.8482,222.336,25129094.0
AAPL,1001,OneDay,2024-09-04T00:00:00Z,220.978,221.2376,217.1738,220.7184,24392080.0
AAPL,1001,OneDay,2024-09-05T00:00:00Z,221.8867,225.1218,221.4873,221.7469,20735508.0
AAPL,1001,OneDay,2024-09-06T00:00:00Z,223.3545,224.8722,219.4403,220.4688,24701949.0
AAPL,1001,OneDay,2024-09-09T00:00:00Z,220.1892,220.8982,216.3949,220.5886,40086386.0
AAPL,1001,OneDay,2024-09-10T00:00:00Z,218.5217,221.1278,216.4149,219.9596,28418540.0
AAPL,1001,OneDay,2024-09-11T00:00:00Z,220.8183,222.7054,217.5732,222.5756,22405255.0
AAPL,1001,OneDay,2024-09-12T00:00:00Z,221.9166,223.1947,219.5202,222.336,20658809.0
AAPL,1001,OneDay,2024-09-13T00:00:00Z,222.2661,223.684,221.6071,222.0864,19944355.0
AAPL,1001,OneDay,2024-09-16T00:00:00Z,215.2966,216.8642,213.6091,215.9256,34002756.0
AAPL,1001,OneDay,2024-09-17T00:00:00Z,215.5462,216.5647,214.1783,216.325,24807663.0
AAPL,1001,OneDay,2024-09-18T00:00:00Z,217.5132,222.306,217.5132,220.2591,31914022.0
AAPL,1001,OneDay,2024-09-19T00:00:00Z,224.7524,229.4653,224.313,227.9775,34087747.0
AAPL,1001,OneDay,2024-09-20T00:00:00Z,229.5951,232.7204,227.7379,227.7379,56779140.0
AAPL,1001,OneDay,2024-09-23T00:00:00Z,226.5696,229.0859,225.4813,226.1403,26059306.0
AAPL,1001,OneDay,2024-09-24T00:00:00Z,228.2471,228.9561,225.4114,227.0489,16980381.0
AAPL,1001,OneDay,2024-09-25T00:00:00Z,224.5627,226.9291,223.684,225.8307,20115500.0
AAPL,1001,OneDay,2024-09-26T00:00:00Z,226.8792,228.1273,225.1118,227.3285,17046614.0
AAPL,1001,OneDay,2024-09-27T00:00:00Z,228.6865,229.1458,226.969,227.3784,16663749.0
AAPL,1001,OneDay,2024-09-30T00:00:00Z,229.4453,232.1612,229.4453,232.0614,22058269.0
AAPL,1001,OneDay,2024-10-01T00:00:00Z,228.4768,228.4768,223.4044,225.681,30223236.0
AAPL,1001,OneDay,2024-10-02T00:00:00Z,225.3315,227.009,222.6855,226.4298,18982790.0
AAPL,1001,OneDay,2024-10-03T00:00:00Z,225.0619,226.4398,222.995,225.3515,17933633.0
AAPL,1001,OneDay,2024-10-04T00:00:00Z,227.5282,227.5282,223.8337,226.34,18047083.0
AAPL,1001,OneDay,2024-10-07T00:00:00Z,224.343,225.3415,220.998,221.3275,18034188.0
AAPL,1001,OneDay,2024-10-08T00:00:00Z,223.9436,225.631,222.9251,225.3714,15281299.0
AAPL,1001,OneDay,2024-10-09T00:00:00Z,224.8023,229.3954,224.5027,229.1957,17198371.0
AAPL,1001,OneDay,2024-10-10T00:00:00Z,227.3884,229.1258,226.8292,228.7763,12573366.0
AAPL,1001,OneDay,2024-10-14T00:00:00Z,228.5567,231.3724,228.4668,231.013,17581631.0
AAPL,1001,OneDay,2024-10-15T00:00:00Z,232.6205,237.1138,232.0214,233.4593,31429269.0
AAPL,1001,OneDay,2024-10-16T00:00:00Z,231.2626,231.7319,229.5052,231.4323,17373432.0
AAPL,1001,OneDay,2024-10-17T00:00:00Z,233.3794,233.3794,230.1642,231.8217,22878173.0
AAPL,1001,OneDay,2024-10-21T00:00:00Z,234.298,236.4748,234.2082,236.1253,16709540.0
AAPL,1001,OneDay,2024-10-22T00:00:00Z,233.2895,235.8157,232.2511,235.5761,16535516.0
AAPL,1001,OneDay,2024-10-23T00:00:00Z,233.8287,234.7673,227.4184,230.2641,28023240.0
AAPL,1001,OneDay,2024-10-24T00:00:00Z,229.5951,230.4638,228.0674,230.2142,14331378.0
AAPL,1001,OneDay,2024-10-28T00:00:00Z,232.98,234.3579,232.2011,232.9899,14502826.0
AAPL,1001,OneDay,2024-10-29T00:00:00Z,233.0499,233.9685,232.0014,233.2995,15128111.0
AAPL,1001,OneDay,2024-10-30T00:00:00Z,231.7119,232.8402,229.2456,229.635,20221111.0
AAPL,1001,OneDay,2024-10-31T00:00:00Z,228.5965,229.4652,226.0504,226.29,22993820.0
AAPL,1001,OneDay,2024-11-01T00:00:00Z,220.7383,224.972,220.5886,222.6655,32920306.0
AAPL,1001,OneDay,2024-11-04T00:00:00Z,221.0778,222.4458,219.4403,221.7368,19648058.0
AAPL,1001,OneDay,2024-11-05T00:00:00Z,221.9166,223.5941,221.5971,223.1447,14948843.0
AAPL,1001,OneDay,2024-11-06T00:00:00Z,221.9266,225.7009,220.8682,222.2261,25289778.0
AAPL,1001,OneDay,2024-11-07T00:00:00Z,224.5826,227.5182,224.5826,227.2785,20409362.0
AAPL,1001,OneDay,2024-11-08T00:00:00Z,226.9091,228.287,226.0604,226.6894,17461779.0
AAPL,1001,OneDay,2024-11-11T00:00:00Z,224.8821,225.3115,221.1677,223.9435,21591465.0
AAPL,1001,OneDay,2024-11-12T00:00:00Z,224.4727,225.2116,223.0149,223.664,18602661.0
AAPL,1001,OneDay,2024-11-13T00:00:00Z,224.4827,226.3,222.4258,224.8921,18862008.0
AAPL,1001,OneDay,2024-11-14T00:00:00Z,225.2915,228.5167,224.7224,227.9475,20031247.0
AAPL,1001,OneDay,2024-11-15T00:00:00Z,225.8207,226.5396,223.9335,224.6425,19642828.0
AAPL,1001,OneDay,2024-11-18T00:00:00Z,224.9021,229.3854,224.9021,227.8876,18111820.0
AAPL,1001,OneDay,2024-11-19T00:00:00Z,227.1287,229.8047,226.7893,227.9575,16548456.0
AAPL,1001,OneDay,2024-11-21T00:00:00Z,229.1357,229.7748,225.4013,228.1971,20087091.0
AAPL,1001,OneDay,2024-11-22T00:00:00Z,228.0474,230.3539,228.0474,229.5052,17201127.0
AAPL,1001,OneDay,2024-11-25T00:00:00Z,231.4223,232.8901,229.3953,232.5506,22087481.0
AAPL,1001,OneDay,2024-11-26T00:00:00Z,233.5791,235.2066,233.2995,234.6974,21359939.0
AAPL,1001,OneDay,2024-11-27T00:00:00Z,234.5975,235.3264,233.4592,234.6275,14151540.0
AAPL,1001,OneDay,2024-12-02T00:00:00Z,236.954,240.4188,236.7942,239.2605,19651905.0
AAPL,1001,OneDay,2024-12-03T00:00:00Z,239.2605,242.3858,238.5716,242.246,17959368.0
AAPL,1001,OneDay,2024-12-04T00:00:00Z,242.7852,243.7038,240.948,242.5855,20840692.0
AAPL,1001,OneDay,2024-12-05T00:00:00Z,243.7038,244.1532,241.8367,242.5456,17940840.0
AAPL,1001,OneDay,2024-12-06T00:00:00Z,242.5755,244.253,241.7368,242.3858,17403451.0
AAPL,1001,OneDay,2024-12-09T00:00:00Z,241.5671,246.8591,241.5671,246.5396,20745712.0
AAPL,1001,OneDay,2024-12-10T00:00:00Z,246.7593,247.8277,244.9819,247.2286,16521666.0
AAPL,1001,OneDay,2024-12-11T00:00:00Z,247.5081,250.4238,245.9105,246.1002,20351098.0
AAPL,1001,OneDay,2024-12-12T00:00:00Z,246.4098,248.3569,245.3214,247.6379,14611932.0
AAPL,1001,OneDay,2024-12-13T00:00:00Z,247.7578,248.906,245.8706,247.6879,14255959.0
AAPL,1001,OneDay,2024-12-16T00:00:00Z,247.4382,250.9829,247.4382,250.5436,18084589.0
AAPL,1001,OneDay,2024-12-17T00:00:00Z,250.274,253.3993,249.4552,252.9899,19609869.0
AAPL,1001,OneDay,2024-12-18T00:00:00Z,252.5805,253.8885,247.4682,247.4782,23561235.0
AAPL,1001,OneDay,2024-12-19T00:00:00Z,247.5481,251.4622,246.7193,249.4752,21425385.0
AAPL,1001,OneDay,2024-12-20T00:00:00Z,247.2086,254.5875,245.9305,254.5875,31750237.0
AAPL,1001,OneDay,2024-12-24T00:00:00Z,254.927,257.7627,254.927,257.6928,10280210.0
AAPL,1001,OneDay,2024-12-26T00:00:00Z,257.7328,259.61,257.2535,258.7612,15141140.0
AAPL,1001,OneDay,2024-12-27T00:00:00Z,257.4931,258.2819,252.6804,255.2465,19699392.0
AAPL,1001,OneDay,2024-12-30T00:00:00Z,252.1412,253.1097,250.3838,251.8616,15425029.0
AAPL,1001,OneDay,2024-12-31T00:00:00Z,251.9714,252.8501,249.0658,249.9644,16709566.0
AAPL,1001,OneDay,2025-01-02T00:00:00Z,248.3469,248.6364,241.4672,243.2346,30824776.0
AAPL,1001,OneDay,2025-01-03T00:00:00Z,241.9764,243.7737,241.5271,243.1846,20375103.0
AAPL,1001,OneDay,2025-01-06T00:00:00Z,243.7338,246.939,243.7338,244.6524,18478269.0
AAPL,1001,OneDay,2025-01-07T00:00:00Z,242.7553,245.1517,240.9979,241.8766,18425452.0
AAPL,1001,OneDay,2025-01-08T00:00:00Z,241.3674,243.3144,239.6999,242.286,16799934.0
AAPL,1001,OneDay,2025-01-10T00:00:00Z,239.1607,239.6999,232.6704,236.4248,28755827.0
AAPL,1001,OneDay,2025-01-13T00:00:00Z,232.5306,234.308,229.4553,233.9884,23036960.0
AAPL,1001,OneDay,2025-01-14T00:00:00Z,234.0583,235.7158,232.1312,232.9899,17130143.0
AAPL,1001,OneDay,2025-01-15T00:00:00Z,234.6075,238.1722,234.6075,237.3334,17625556.0
AAPL,1001,OneDay,2025-01-16T00:00:00Z,237.0439,237.613,227.6779,227.8577,37985026.0
AAPL,1001,OneDay,2025-01-17T00:00:00Z,231.2925,231.7019,228.1372,229.635,29164278.0
AAPL,1001,OneDay,2025-01-21T00:00:00Z,223.6739,223.7239,219.0609,222.4358,48226644.0
AAPL,1001,OneDay,2025-01-22T00:00:00Z,220.1692,223.634,220.1692,223.5142,29597613.0
AAPL,1001,OneDay,2025-01-23T00:00:00Z,224.2031,226.6495,221.9665,223.2446,31153910.0
AAPL,1001,OneDay,2025-01-24T00:00:00Z,225.1218,225.1218,221.0778,222.4458,26571615.0
AAPL,1001,OneDay,2025-01-27T00:00:00Z,224.962,231.7718,224.4628,229.595,44990006.0
AAPL,1001,OneDay,2025-01-28T00:00:00Z,231.0628,239.7897,231.0628,238.0124,37949433.0
AAPL,1001,OneDay,2025-01-29T00:00:00Z,234.7773,239.4203,234.1682,239.4103,22128561.0
AAPL,1001,OneDay,2025-01-30T00:00:00Z,238.2421,240.3988,236.8641,237.2535,22343923.0
AAPL,1001,OneDay,2025-01-31T00:00:00Z,246.1901,246.6195,233.0998,235.5361,47235807.0
AAPL,1001,OneDay,2025-02-03T00:00:00Z,230.8631,231.4323,225.3714,227.5681,35478849.0
AAPL,1001,OneDay,2025-02-04T00:00:00Z,227.4782,232.7603,226.32,232.4607,21678612.0
AAPL,1001,OneDay,2025-02-05T00:00:00Z,228.6465,232.301,228.0673,232.261,19038208.0
AAPL,1001,OneDay,2025-02-06T00:00:00Z,231.0429,233.4293,230.0743,232.8801,15166700.0
AAPL,1001,OneDay,2025-02-07T00:00:00Z,232.0114,233.609,226.959,227.3584,20502692.0
AAPL,1001,OneDay,2025-02-10T00:00:00Z,229.655,230.2241,226.8592,227.2386,15303519.0
AAPL,1001,OneDay,2025-02-11T00:00:00Z,228.1372,234.8671,228.1372,232.2111,27144252.0
AAPL,1001,OneDay,2025-02-12T00:00:00Z,231.652,236.5346,230.3639,236.5047,20219624.0
AAPL,1001,OneDay,2025-02-13T00:00:00Z,237.643,241.9665,235.2466,241.2376,23794945.0
AAPL,1001,OneDay,2025-02-14T00:00:00Z,241.1177,244.942,241.1177,244.283,20555305.0
AAPL,1001,OneDay,2025-02-18T00:00:00Z,244.4927,244.7523,241.4872,244.0633,18132923.0
AAPL,1001,OneDay,2025-02-19T00:00:00Z,244.5526,245.601,242.8152,244.4228,15517310.0
AAPL,1001,OneDay,2025-02-20T00:00:00Z,245.0518,246.3698,243.9235,245.4812,16894845.0
AAPL,1001,OneDay,2025-02-21T00:00:00Z,246.0403,248.3069,244.8521,245.1816,23252559.0
AAPL,1001,OneDay,2025-02-24T00:00:00Z,245.0518,248.4367,244.4727,246.899,24706836.0
AAPL,1001,OneDay,2025-02-25T00:00:00Z,247.608,249.4852,244.5426,246.9689,23911509.0
AAPL,1001,OneDay,2025-02-26T00:00:00Z,244.5226,244.5226,238.7613,239.7698,23240076.0
AAPL,1001,OneDay,2025-02-27T00:00:00Z,239.2406,242.0863,236.8042,236.9041,18443756.0
AAPL,1001,OneDay,2025-02-28T00:00:00Z,236.3449,241.6969,234.288,241.2076,20998665.0
AAPL,1001,OneDay,2025-03-03T00:00:00Z,241.607,243.614,235.7558,237.8227,21832264.0
AAPL,1001,OneDay,2025-03-04T00:00:00Z,237.643,239.6699,234.3479,235.7258,25925036.0
AAPL,1001,OneDay,2025-03-05T00:00:00Z,234.6475,236.1252,228.8861,235.3264,22926689.0
AAPL,1001,OneDay,2025-03-06T00:00:00Z,233.3893,237.4832,232.97,234.8771,22120670.0
AAPL,1001,OneDay,2025-03-07T00:00:00Z,234.917,240.968,234.4078,238.7213,24749262.0
AAPL,1001,OneDay,2025-03-10T00:00:00Z,234.977,234.977,223.8936,226.7593,36895065.0
AAPL,1001,OneDay,2025-03-11T00:00:00Z,223.4043,225.4013,217.1637,220.7583,37630257.0
AAPL,1001,OneDay,2025-03-12T00:00:00Z,219.1507,221.3574,214.5876,216.9141,33501359.0
AAPL,1001,OneDay,2025-03-13T00:00:00Z,214.9271,216.4548,208.1473,209.2057,33226402.0
AAPL,1001,OneDay,2025-03-14T00:00:00Z,211.3225,213.5991,209.2756,213.2097,30693210.0
AAPL,1001,OneDay,2025-03-17T00:00:00Z,212.5007,214.8672,209.7149,213.7588,23723373.0
AAPL,1001,OneDay,2025-03-18T00:00:00Z,213.4992,214.7973,211.2426,212.4308,21024642.0
AAPL,1001,OneDay,2025-03-19T00:00:00Z,213.7688,218.4019,213.4293,214.9071,24954173.0
AAPL,1001,OneDay,2025-03-20T00:00:00Z,213.2796,217.1338,211.9016,213.9286,22692746.0
AAPL,1001,OneDay,2025-03-21T00:00:00Z,211.672,218.4917,211.2726,218.2121,27715533.0
AAPL,1001,OneDay,2025-03-24T00:00:00Z,220.1692,220.6285,218.2621,220.1492,20495910.0
AAPL,1001,OneDay,2025-03-25T00:00:00Z,220.6485,223.7538,219.7299,223.4443,17372002.0
AAPL,1001,OneDay,2025-03-26T00:00:00Z,223.4543,224.6325,220.1392,221.1577,17525001.0
AAPL,1001,OneDay,2025-03-27T00:00:00Z,221.0079,224.6425,220.2191,223.604,17491928.0
AAPL,1001,OneDay,2025-03-31T00:00:00Z,217.8327,223.7538,215.9455,221.4173,27925973.0
AAPL,1001,OneDay,2025-04-01T00:00:00Z,219.4503,223.1148,218.5716,222.8252,18422928.0
AAPL,1001,OneDay,2025-04-02T00:00:00Z,220.9181,224.8322,220.7983,223.654,16911209.0
AAPL,1001,OneDay,2025-04-03T00:00:00Z,205.012,207.0389,200.9481,202.5956,57317570.0
AAPL,1001,OneDay,2025-04-04T00:00:00Z,195.8358,199.5302,187.049,188.1174,60512035.0
AAPL,1001,OneDay,2025-04-07T00:00:00Z,177.024,193.7988,174.6576,181.5572,87941223.0
AAPL,1001,OneDay,2025-04-08T00:00:00Z,185.4114,189.9746,168.9561,173.1199,69377660.0
AAPL,1001,OneDay,2025-04-10T00:00:00Z,189.655,194.3979,182.7554,190.3041,60955761.0
AAPL,1001,OneDay,2025-04-11T00:00:00Z,187.0989,199.1707,186.5098,197.6231,46917910.0
AAPL,1001,OneDay,2025-04-14T00:00:00Z,211.0529,212.5207,200.8682,202.0464,59746891.0
AAPL,1001,OneDay,2025-04-15T00:00:00Z,201.8168,203.1647,199.5701,201.8068,26453072.0
AAPL,1001,OneDay,2025-04-16T00:00:00Z,198.7015,200.339,192.0914,193.9386,33079973.0
AAPL,1001,OneDay,2025-04-17T00:00:00Z,196.7843,198.5217,194.2382,196.6545,24800518.0
AAPL,1001,OneDay,2025-04-21T00:00:00Z,193.2796,193.4094,189.5252,192.99,22393408.0
AAPL,1001,OneDay,2025-04-22T00:00:00Z,196.5746,201.2776,195.7159,199.3804,28020404.0
AAPL,1001,OneDay,2025-04-23T00:00:00Z,205.7409,207.628,202.4858,204.2032,22972744.0
AAPL,1001,OneDay,2025-04-24T00:00:00Z,204.6425,208.4668,202.6955,208.0175,20302115.0
AAPL,1001,OneDay,2025-04-25T00:00:00Z,206.8592,209.0859,206.2401,208.996,19668298.0
AAPL,1001,OneDay,2025-04-28T00:00:00Z,209.4753,211.1527,207.1488,209.7548,18631265.0
AAPL,1001,OneDay,2025-04-29T00:00:00Z,208.3769,211.7419,208.0574,210.8931,16047126.0
AAPL,1001,OneDay,2025-04-30T00:00:00Z,208.7863,213.1897,206.3599,211.9615,20787172.0
AAPL,1001,OneDay,2025-05-01T00:00:00Z,209.645,214.0584,208.986,212.3809,26164869.0
AAPL,1001,OneDay,2025-05-02T00:00:00Z,205.4313,206.6695,201.8667,205.1717,53037329.0
AAPL,1001,OneDay,2025-05-05T00:00:00Z,203.025,203.5741,197.9126,198.4518,34438233.0
AAPL,1001,OneDay,2025-05-06T00:00:00Z,197.673,200.2791,197.0639,198.1722,23898685.0
AAPL,1001,OneDay,2025-05-07T00:00:00Z,198.8512,199.1208,192.9701,196.1553,33609714.0
AAPL,1001,OneDay,2025-05-08T00:00:00Z,197.5332,199.7099,194.3779,197.1138,25093013.0
AAPL,1001,OneDay,2025-05-09T00:00:00Z,198.362,200.2092,197.2636,198.2122,19280597.0
AAPL,1001,OneDay,2025-05-12T00:00:00Z,209.5052,210.8133,206.4798,210.4738,32268435.0
AAPL,1001,OneDay,2025-05-13T00:00:00Z,210.294,213.0599,208.8862,212.7503,25023052.0
AAPL,1001,OneDay,2025-05-14T00:00:00Z,212.0514,213.5991,210.2741,211.9615,24429825.0
AAPL,1001,OneDay,2025-05-15T00:00:00Z,210.9431,212.6405,209.2356,210.7134,21947224.0
AAPL,1001,OneDay,2025-05-16T00:00:00Z,211.9515,212.0214,209.4553,210.9431,18015721.0
AAPL,1001,OneDay,2025-05-19T00:00:00Z,207.8277,209.1458,203.9536,208.5966,22381567.0
AAPL,1001,OneDay,2025-05-20T00:00:00Z,207.7678,208.1473,204.7124,206.5397,20171618.0
AAPL,1001,OneDay,2025-05-21T00:00:00Z,204.7224,206.7194,200.4289,201.7868,31552211.0
AAPL,1001,OneDay,2025-05-22T00:00:00Z,200.6685,202.336,199.4803,200.988,23906497.0
AAPL,1001,OneDay,2025-05-23T00:00:00Z,193.6091,197.3535,193.6091,194.9471,41416387.0
AAPL,1001,OneDay,2025-05-27T00:00:00Z,198.2322,200.4289,197.1338,199.8098,29012460.0
AAPL,1001,OneDay,2025-05-28T00:00:00Z,200.7983,202.3959,199.6201,200.1393,21365884.0
AAPL,1001,OneDay,2025-05-29T00:00:00Z,202.9251,202.995,198.2322,199.6101,24940907.0
AAPL,1001,OneDay,2025-05-30T00:00:00Z,199.2107,201.637,196.4948,200.5387,23976708.0
AAPL,1001,OneDay,2025-06-02T00:00:00Z,201.1677,201.8068,199.8098,201.3874,18710506.0
AAPL,1001,OneDay,2025-06-03T00:00:00Z,202.0664,203.4443,200.6585,203.005,21746620.0
AAPL,1001,OneDay,2025-06-04T00:00:00Z,202.995,205.8807,202.306,202.7753,24070384.0
AAPL,1001,OneDay,2025-06-05T00:00:00Z,202.8652,204.4328,199.8397,200.0594,24949535.0
AAPL,1001,OneDay,2025-06-06T00:00:00Z,203.015,205.3415,201.7469,203.6141,24442737.0
AAPL,1001,OneDay,2025-06-09T00:00:00Z,203.9935,205.681,199.7199,201.3874,43001069.0
AAPL,1001,OneDay,2025-06-10T00:00:00Z,201.1378,204.0035,201.008,202.3759,29043732.0
AAPL,1001,OneDay,2025-06-11T00:00:00Z,202.8153,204.1533,198.1223,198.5217,33327746.0
AAPL,1001,OneDay,2025-06-12T00:00:00Z,198.9111,199.3505,197.0839,198.8013,23178336.0
AAPL,1001,OneDay,2025-06-13T00:00:00Z,199.1707,199.9296,195.4863,196.0355,29067288.0
AAPL,1001,OneDay,2025-06-16T00:00:00Z,196.8243,198.352,196.2851,198.0624,23222755.0
AAPL,1001,OneDay,2025-06-17T00:00:00Z,197.5332,198.0824,194.9271,195.2067,20293746.0
AAPL,1001,OneDay,2025-06-18T00:00:00Z,194.9271,197.2636,194.7873,196.3849,22866134.0
AAPL,1001,OneDay,2025-06-20T00:00:00Z,197.6031,201.3375,196.5547,200.4688,35601888.0
AAPL,1001,OneDay,2025-06-23T00:00:00Z,201.2077,201.9765,198.6615,201.1677,25859868.0
AAPL,1001,OneDay,2025-06-24T00:00:00Z,202.2961,203.1248,199.8997,200.0195,29624145.0
AAPL,1001,OneDay,2025-06-25T00:00:00Z,200.968,203.3145,200.319,201.2277,21210937.0
AAPL,1001,OneDay,2025-06-26T00:00:00Z,202.2262,202.2262,199.1508,200.8682,28038803.0
AAPL,1001,OneDay,2025-06-30T00:00:00Z,201.6071,207.0589,198.971,205.4014,45764416.0
AAPL,1001,OneDay,2025-07-01T00:00:00Z,206.5097,209.8547,205.8307,207.5082,46659850.0
AAPL,1001,OneDay,2025-07-02T00:00:00Z,208.976,212.99,207.8677,212.0814,41016835.0
AAPL,1001,OneDay,2025-07-07T00:00:00Z,212.5107,215.8457,208.4868,209.5352,27988913.0
AAPL,1001,OneDay,2025-07-08T00:00:00Z,209.5651,211.0928,208.1672,209.7748,22484693.0
AAPL,1001,OneDay,2025-07-09T00:00:00Z,209.3055,210.953,206.9091,210.7533,27232878.0
AAPL,1001,OneDay,2025-07-10T00:00:00Z,210.0544,213.1298,209.8647,211.8817,24802469.0
AAPL,1001,OneDay,2025-07-11T00:00:00Z,210.0644,211.8018,209.5452,210.7633,17998517.0
AAPL,1001,OneDay,2025-07-14T00:00:00Z,210.2341,210.5237,207.2286,208.3669,20783003.0
AAPL,1001,OneDay,2025-07-15T00:00:00Z,209.1058,211.5521,208.6565,208.7364,21696245.0
AAPL,1001,OneDay,2025-07-16T00:00:00Z,210.304,212.0614,208.327,209.8647,22693177.0
AAPL,1001,OneDay,2025-07-17T00:00:00Z,210.2241,211.4723,209.2756,209.665,23849376.0
AAPL,1001,OneDay,2025-07-18T00:00:00Z,210.4039,211.4523,209.3854,210.7134,20543477.0
AAPL,1001,OneDay,2025-07-21T00:00:00Z,211.652,215.4363,211.3824,212.1512,28472217.0
AAPL,1001,OneDay,2025-07-22T00:00:00Z,212.7304,214.308,211.9116,214.1183,24470949.0
AAPL,1001,OneDay,2025-07-23T00:00:00Z,214.6076,214.6874,212.0913,213.7688,24255043.0
AAPL,1001,OneDay,2025-07-24T00:00:00Z,213.659,215.3065,213.2097,213.4393,23206009.0
AAPL,1001,OneDay,2025-07-25T00:00:00Z,214.2181,214.8772,213.0799,213.659,18958620.0
AAPL,1001,OneDay,2025-07-28T00:00:00Z,213.619,214.5077,212.7404,213.6889,18855629.0
AAPL,1001,OneDay,2025-07-29T00:00:00Z,213.9086,214.4778,210.6934,210.983,36710926.0
AAPL,1001,OneDay,2025-07-30T00:00:00Z,211.003,212.0314,207.0389,207.7878,35635634.0
AAPL,1001,OneDay,2025-07-31T00:00:00Z,207.7279,214.2281,206.8592,210.0145,55262852.0
AAPL,1001,OneDay,2025-08-01T00:00:00Z,210.0145,214.7074,201.1977,202.0065,60280121.0
AAPL,1001,OneDay,2025-08-04T00:00:00Z,202.6755,207.5581,201.3874,203.1348,53093965.0
AAPL,1001,OneDay,2025-08-05T00:00:00Z,203.1248,205.022,201.8467,202.4458,34042323.0
AAPL,1001,OneDay,2025-08-06T00:00:00Z,202.4458,215.0469,202.2062,211.2326,73893554.0
AAPL,1001,OneDay,2025-08-07T00:00:00Z,211.0829,220.5586,211.0829,219.7598,65048521.0
AAPL,1001,OneDay,2025-08-08T00:00:00Z,219.7598,230.6235,218.9311,228.976,71086773.0
AAPL,1001,OneDay,2025-08-11T00:00:00Z,229.7548,230.0743,224.4228,226.2301,41356433.0
AAPL,1001,OneDay,2025-08-12T00:00:00Z,226.2301,230.4038,225.4113,229.2356,40047092.0
AAPL,1001,OneDay,2025-08-13T00:00:00Z,229.2356,234.5276,227.8876,232.98,50262983.0
AAPL,1001,OneDay,2025-08-14T00:00:00Z,232.9999,234.6475,230.5236,232.4008,38563857.0
AAPL,1001,OneDay,2025-08-15T00:00:00Z,232.4508,233.7887,229.0259,231.2925,25934021.0
AAPL,1001,OneDay,2025-08-18T00:00:00Z,231.612,232.7603,229.7648,230.4538,27164911.0
AAPL,1001,OneDay,2025-08-19T00:00:00Z,230.4338,232.4807,229.0059,230.1542,28501990.0
AAPL,1001,OneDay,2025-08-20T00:00:00Z,230.1542,230.6135,225.0619,225.5411,32475335.0
AAPL,1001,OneDay,2025-08-21T00:00:00Z,225.5411,226.0803,223.4543,224.6325,22396606.0
AAPL,1001,OneDay,2025-08-22T00:00:00Z,224.6325,228.7263,223.5142,227.4283,22285719.0
AAPL,1001,OneDay,2025-08-25T00:00:00Z,227.5881,228.946,225.8706,226.8292,22253325.0
AAPL,1001,OneDay,2025-08-26T00:00:00Z,226.8292,229.2855,224.3529,229.1557,43786058.0
AAPL,1001,OneDay,2025-08-27T00:00:00Z,229.1557,230.973,228.0574,230.7833,22666515.0
AAPL,1001,OneDay,2025-08-28T00:00:00Z,230.963,233.0399,228.986,231.9914,29922322.0
AAPL,1001,OneDay,2025-08-29T00:00:00Z,231.9914,232.95,230.8931,231.8017,20509674.0
AAPL,1001,OneDay,2025-09-02T00:00:00Z,231.592,238.931,226.8192,237.6729,32818316.0
AAPL,1001,OneDay,2025-09-03T00:00:00Z,237.6729,239.0009,233.9984,237.7728,50872942.0
AAPL,1001,OneDay,2025-09-04T00:00:00Z,237.7728,239.5301,236.3948,239.1607,34829123.0
AAPL,1001,OneDay,2025-09-05T00:00:00Z,239.1607,240.938,238.1422,239.2206,33218052.0
AAPL,1001,OneDay,2025-09-08T00:00:00Z,240.4388,240.968,235.9854,237.643,37910283.0
AAPL,1001,OneDay,2025-09-09T00:00:00Z,237.643,238.3818,232.7104,232.8302,49367550.0
AAPL,1001,OneDay,2025-09-10T00:00:00Z,232.8302,234.268,225.611,226.5097,62517956.0
AAPL,1001,OneDay,2025-09-11T00:00:00Z,226.5396,230.0843,226.1602,229.1757,37612545.0
AAPL,1001,OneDay,2025-09-12T00:00:00Z,229.1757,234.1282,227.1587,233.7288,32008936.0
AAPL,1001,OneDay,2025-09-15T00:00:00Z,233.649,237.8127,233.649,235.8656,32249135.0
AAPL,1001,OneDay,2025-09-16T00:00:00Z,235.8656,240.8382,235.6859,237.4932,46557155.0
AAPL,1001,OneDay,2025-09-17T00:00:00Z,237.4932,239.6599,236.954,238.7912,36395179.0
AAPL,1001,OneDay,2025-09-18T00:00:00Z,238.7912,240.6884,236.285,237.643,34254249.0
AAPL,1001,OneDay,2025-09-19T00:00:00Z,237.643,245.8706,237.4433,245.0319,62171017.0
AAPL,1001,OneDay,2025-09-22T00:00:00Z,246.6894,256.2251,243.9834,255.9755,76722719.0
AAPL,1001,OneDay,2025-09-23T00:00:00Z,255.9755,256.9839,253.2395,253.8586,44969789.0
AAPL,1001,OneDay,2025-09-24T00:00:00Z,253.8586,255.0368,250.6634,251.9215,32412498.0
AAPL,1001,OneDay,2025-09-25T00:00:00Z,251.9415,256.7641,250.8331,255.7756,41710637.0
AAPL,1001,OneDay,2025-09-26T00:00:00Z,255.8356,256.7543,253.2096,254.9669,23884100.0
AAPL,1001,OneDay,2025-09-29T00:00:00Z,255.5261,255.9355,252.6304,253.6988,28313655.0
AAPL,1001,OneDay,2025-09-30T00:00:00Z,253.619,255.5261,252.7203,253.6988,29101021.0
AAPL,1001,OneDay,2025-10-01T00:00:00Z,253.7088,258.3718,250.7233,254.8771,37087805.0
AAPL,1001,OneDay,2025-10-02T00:00:00Z,254.8771,257.7726,253.7887,257.0138,31800996.0
AAPL,1001,OneDay,2025-10-03T00:00:00Z,256.984,258.8311,252.7702,257.573,26596684.0
AAPL,1001,OneDay,2025-10-06T00:00:00Z,258.2021,259.0407,254.6674,256.1651,30727736.0
AAPL,1001,OneDay,2025-10-07T00:00:00Z,256.1651,256.974,255.0568,255.9155,24346400.0
AAPL,1001,OneDay,2025-10-08T00:00:00Z,255.9155,258.1022,255.0668,257.6429,27055030.0
AAPL,1001,OneDay,2025-10-09T00:00:00Z,257.613,257.9924,252.7503,253.5191,27653770.0
AAPL,1001,OneDay,2025-10-10T00:00:00Z,253.5391,255.9555,244.3029,244.912,32203293.0
AAPL,1001,OneDay,2025-10-13T00:00:00Z,247.8776,250.264,245.1916,246.8791,26877570.0
AAPL,1001,OneDay,2025-10-14T00:00:00Z,246.8791,248.4567,244.3828,247.1187,28535668.0
AAPL,1001,OneDay,2025-10-15T00:00:00Z,247.1287,251.4223,246.7593,248.8561,25848303.0
AAPL,1001,OneDay,2025-10-16T00:00:00Z,248.8561,250.1941,244.7523,246.8391,28824659.0
AAPL,1001,OneDay,2025-10-17T00:00:00Z,246.7293,252.9899,243.634,251.8915,25351434.0
AAPL,1001,OneDay,2025-10-20T00:00:00Z,252.1512,263.9435,250.7533,262.0362,63544855.0
AAPL,1001,OneDay,2025-10-21T00:00:00Z,262.0362,264.8321,260.2291,262.4658,34235769.0
AAPL,1001,OneDay,2025-10-22T00:00:00Z,262.4558,263.0049,255.0867,258.1322,32118754.0
AAPL,1001,OneDay,2025-10-23T00:00:00Z,258.1322,260.1992,257.1636,258.911,26706096.0
AAPL,1001,OneDay,2025-10-24T00:00:00Z,258.911,263.7139,258.7214,262.4757,21910125.0
AAPL,1001,OneDay,2025-10-27T00:00:00Z,264.6424,268.5965,263.8037,268.2969,33418259.0
AAPL,1001,OneDay,2025-10-28T00:00:00Z,268.2969,269.4153,267.4183,268.2371,31284402.0
AAPL,1001,OneDay,2025-10-29T00:00:00Z,268.2371,270.963,266.7094,269.4652,36781134.0
AAPL,1001,OneDay,2025-10-30T00:00:00Z,269.4652,283.7836,261.7866,281.7666,48358541.0
AAPL,1001,OneDay,2025-11-03T00:00:00Z,270.6134,270.983,265.8506,268.0372,38903762.0
AAPL,1001,OneDay,2025-11-04T00:00:00Z,268.0272,271.0428,265.0019,270.0742,38903762.0
AAPL,1001,OneDay,2025-11-05T00:00:00Z,270.0742,271.1227,266.5095,269.9146,38903762.0
AAPL,1001,OneDay,2025-11-06T00:00:00Z,269.9046,272.96,267.4882,269.7646,4308501.0
AAPL,1001,OneDay,2025-11-07T00:00:00Z,269.7646,271.8116,266.4198,268.0473,4308501.0
AAPL,1001,OneDay,2025-11-10T00:00:00Z,268.5965,273.2593,267.2783,268.7962,32428633.0
AAPL,1001,OneDay,2025-11-11T00:00:00Z,268.7962,275.4063,268.1172,274.867,3157244.0
AAPL,1001,OneDay,2025-11-12T00:00:00Z,274.867,276.7143,271.4822,273.0597,2837391.0
AAPL,1001,OneDay,2025-11-13T00:00:00Z,273.0597,276.2449,271.6719,272.6004,1748545.0
AAPL,1001,OneDay,2025-11-14T00:00:00Z,272.6004,275.5259,269.1857,271.9515,1748545.0
AAPL,1001,OneDay,2025-11-17T00:00:00Z,271.6519,272.4407,265.3314,267.0987,35989527.0
AAPL,1001,OneDay,2025-11-18T00:00:00Z,267.0987,270.2939,264.942,266.4797,35989527.0
AAPL,1001,OneDay,2025-11-19T00:00:00Z,266.4797,271.7516,264.1832,268.0972,35989527.0
AAPL,1001,OneDay,2025-11-20T00:00:00Z,268.1072,274.9967,264.8321,264.8521,2381606.0
AAPL,1001,OneDay,2025-11-24T00:00:00Z,270.6933,276.5445,269.9246,275.536,51224247.0
AAPL,1001,OneDay,2025-11-25T00:00:00Z,275.556,279.8495,273.3293,276.2849,51224247.0
AAPL,1001,OneDay,2025-11-26T00:00:00Z,276.2849,279.1007,276.0852,277.3333,51224247.0
AAPL,1001,OneDay,2025-11-27T00:00:00Z,277.3333,277.563,277.3333,277.4333,125383.0
AAPL,1001,OneDay,2025-11-28T00:00:00Z,277.4831,278.5715,275.566,278.4118,10013534.0
AAPL,1001,OneDay,2025-12-01T00:00:00Z,277.2734,282.9748,275.6558,282.7351,35006654.0
AAPL,1001,OneDay,2025-12-02T00:00:00Z,282.7351,286.949,281.557,285.5909,5357358.0
AAPL,1001,OneDay,2025-12-03T00:00:00Z,285.5909,288.1671,283.1946,283.8735,5357358.0
AAPL,1001,OneDay,2025-12-04T00:00:00Z,283.8336,284.2229,278.1722,279.8795,1066651.0
AAPL,1001,OneDay,2025-12-05T00:00:00Z,279.8296,280.9279,277.6329,278.4118,1066651.0
AAPL,1001,OneDay,2025-12-08T00:00:00Z,278.1421,279.1906,275.7556,277.0737,28744195.0
AAPL,1001,OneDay,2025-12-09T00:00:00Z,277.0737,279.5899,276.0353,276.5845,28744195.0
AAPL,1001,OneDay,2025-12-10T00:00:00Z,276.4647,279.3203,275.586,278.3618,28744195.0
AAPL,1001,OneDay,2025-12-11T00:00:00Z,278.3618,279.6599,273.3993,278.2718,28744195.0
AAPL,1001,OneDay,2025-12-15T00:00:00Z,277.4132,279.56,272.4508,274.2879,39795037.0
AAPL,1001,OneDay,2025-12-16T00:00:00Z,274.2379,274.977,271.3923,273.1497,39795037.0
AAPL,1001,OneDay,2025-12-17T00:00:00Z,273.1497,275.6859,270.7731,271.9315,9918737.0
AAPL,1001,OneDay,2025-12-18T00:00:00Z,272.0112,273.2894,266.5795,271.1926,1400649.0
AAPL,1001,OneDay,2025-12-19T00:00:00Z,271.1426,273.4093,269.495,273.3993,1400649.0
AAPL,1001,OneDay,2025-12-22T00:00:00Z,273.2694,273.7287,270.0942,270.2638,27862275.0
AAPL,1001,OneDay,2025-12-23T00:00:00Z,270.2638,272.0212,269.1557,271.7219,27862275.0
AAPL,1001,OneDay,2025-12-24T00:00:00Z,271.6919,275.0067,270.893,273.4293,27862275.0
AAPL,1001,OneDay,2025-12-26T00:00:00Z,273.3893,274.9171,272.5304,272.7104,16062791.0
AAPL,1001,OneDay,2025-12-29T00:00:00Z,272.6004,273.9385,271.2623,273.1697,19195075.0
AAPL,1001,OneDay,2025-12-30T00:00:00Z,273.1896,273.589,271.8715,272.4905,19195075.0
AAPL,1001,OneDay,2025-12-31T00:00:00Z,272.4905,273.2394,271.3523,271.6119,19195075.0
AAPL,1001,OneDay,2026-01-02T00:00:00Z,272.1511,277.3733,268.6964,270.5835,29013291.0
AAPL,1001,OneDay,2026-01-05T00:00:00Z,270.204,270.883,265.7506,266.8491,36621302.0
AAPL,1001,OneDay,2026-01-06T00:00:00Z,266.8591,267.4582,261.7666,262.0962,4591086.0
AAPL,1001,OneDay,2026-01-07T00:00:00Z,262.0962,263.1747,259.4303,260.1591,4591086.0
AAPL,1001,OneDay,2026-01-08T00:00:00Z,260.1591,260.3089,255.3164,259.2106,2411779.0
AAPL,1001,OneDay,2026-01-09T00:00:00Z,259.2306,260.2491,255.8356,258.961,2411779.0
AAPL,1001,OneDay,2026-01-12T00:00:00Z,257.2435,260.898,256.4248,259.3304,37142242.0
AAPL,1001,OneDay,2026-01-13T00:00:00Z,259.2206,261.3773,257.7329,260.5685,37142242.0
AAPL,1001,OneDay,2026-01-14T00:00:00Z,260.5685,261.3473,256.4847,259.2306,37142242.0
AAPL,1001,OneDay,2026-01-15T00:00:00Z,259.2206,260.6085,256.6644,257.6229,2588185.0
AAPL,1001,OneDay,2026-01-16T00:00:00Z,257.8026,258.4618,254.6274,255.1067,2588185.0
AAPL,1001,OneDay,2026-01-20T00:00:00Z,252.4707,254.3678,243.0548,246.5196,60724792.0
AAPL,1001,OneDay,2026-01-21T00:00:00Z,246.5196,251.1227,244.3229,247.4482,60724792.0
AAPL,1001,OneDay,2026-01-22T00:00:00Z,247.4482,250.6035,247.3484,247.7478,60724792.0
AAPL,1001,OneDay,2026-01-23T00:00:00Z,247.7777,249.4253,244.3129,247.6379,60724792.0
AAPL,1001,OneDay,2026-01-26T00:00:00Z,247.3683,256.1352,247.2286,255.1267,44651845.0
AAPL,1001,OneDay,2026-01-27T00:00:00Z,255.1267,261.537,255.1267,257.1237,44651845.0
AAPL,1001,OneDay,2026-01-28T00:00:00Z,257.1636,258.9509,254.1382,257.004,44651845.0
AAPL,1001,OneDay,2026-01-29T00:00:00Z,256.974,267.8775,254.0184,260.4588,14749313.0
AAPL,1001,OneDay,2026-01-30T00:00:00Z,260.4588,265.6509,251.8616,259.2803,14749313.0
AAPL,1001,OneDay,2026-02-02T00:00:00Z,258.6015,270.0742,254.5575,268.3468,56905138.0
AAPL,1001,OneDay,2026-02-03T00:00:00Z,268.3468,271.4523,266.8491,268.9161,56905138.0
AAPL,1001,OneDay,2026-02-04T00:00:00Z,268.9161,278.4915,268.0972,274.4875,14765497.0
AAPL,1001,OneDay,2026-02-05T00:00:00Z,274.4975,277.8326,272.8401,276.0152,14765497.0
AAPL,1001,OneDay,2026-02-09T00:00:00Z,276.884,277.9625,271.3024,273.8885,34494297.0
AAPL,1001,OneDay,2026-02-10T00:00:00Z,273.8885,274.947,272.5505,273.7386,34494297.0
AAPL,1001,OneDay,2026-02-11T00:00:00Z,273.7386,279.7296,272.4905,275.536,11337310.0
AAPL,1001,OneDay,2026-02-12T00:00:00Z,275.486,276.2549,259.7896,261.607,19944757.0
AAPL,1001,OneDay,2026-02-13T00:00:00Z,261.607,263.6339,255.0668,255.2166,19944757.0
AAPL,1001,OneDay,2026-02-17T00:00:00Z,255.2665,265.8206,253.3094,264.4128,46602987.0
AAPL,1001,OneDay,2026-02-18T00:00:00Z,264.4028,266.3898,262.0563,263.2544,46602987.0
AAPL,1001,OneDay,2026-02-19T00:00:00Z,263.2544,264.0633,258.9311,259.9595,46602987.0
AAPL,1001,OneDay,2026-02-20T00:00:00Z,259.8995,264.3428,257.7726,264.1032,46602987.0
AAPL,1001,OneDay,2026-02-23T00:00:00Z,262.7,269.4099,262.19,266.7,28570800.0
AAPL,1001,OneDay,2026-02-24T00:00:00Z,266.6101,274.8401,266.21,271.47,7115312.0
AAPL,1001,OneDay,2026-02-25T00:00:00Z,271.47,274.9199,270.5,274.0,7115312.0
AAPL,1001,OneDay,2026-02-26T00:00:00Z,274.0,276.0601,270.78,273.1799,7115312.0
AAPL,1001,OneDay,2026-02-27T00:00:00Z,272.75,273.25,263.0601,264.21,1277654.0
AAPL,1001,OneDay,2026-03-02T00:00:00Z,262.5,266.5,259.19,264.8999,33852907.0
AAPL,1001,OneDay,2026-03-03T00:00:00Z,264.8999,265.52,260.1201,263.6001,33852907.0
AAPL,1001,OneDay,2026-03-04T00:00:00Z,263.6001,266.03,261.4099,262.7,33852907.0
AAPL,1001,OneDay,2026-03-05T00:00:00Z,262.7,263.45,257.24,259.3501,8579892.0
AAPL,1001,OneDay,2026-03-06T00:00:00Z,259.3501,260.99,254.39,257.49,8579892.0
AAPL,1001,OneDay,2026-03-09T00:00:00Z,253.91,261.1101,252.34,259.3501,28600327.0
AAPL,1001,OneDay,2026-03-10T00:00:00Z,259.3501,262.48,256.9299,260.8999,21791029.0
AAPL,1001,OneDay,2026-03-11T00:00:00Z,260.8999,262.1101,259.54,260.1101,22906150.0
AAPL,1001,OneDay,2026-03-12T00:00:00Z,260.1101,260.75,254.18,256.1101,31321582.0
AAPL,1001,OneDay,2026-03-13T00:00:00Z,256.1301,256.75,249.87,249.91,19486193.0
AAPL,1001,OneDay,2026-03-16T00:00:00Z,250.85,253.88,250.05,252.65,23941752.0
AAPL,1001,OneDay,2026-03-17T00:00:00Z,252.65,255.12,251.17,253.93,23029890.0
AAPL,1001,OneDay,2026-03-18T00:00:00Z,253.93,255.65,249.0,249.4,28574659.0
AAPL,1001,OneDay,2026-03-19T00:00:00Z,249.4,251.8,247.66,249.14,26739553.0
AAPL,1001,OneDay,2026-03-20T00:00:00Z,249.14,249.9,246.08,247.86,26839224.0
AAPL,1001,OneDay,2026-03-23T00:00:00Z,246.75,254.66,245.16,251.46,29909237.0
AAPL,1001,OneDay,2026-03-24T00:00:00Z,251.46,255.15,249.55,253.3,34868073.0
AAPL,1001,OneDay,2026-03-25T00:00:00Z,253.3,254.93,251.61,252.77,23547846.0
AAPL,1001,OneDay,2026-03-26T00:00:00Z,252.77,256.96,251.01,253.7,31442122.0
AAPL,1001,OneDay,2026-03-27T00:00:00Z,253.61,255.46,248.09,248.78,23188057.0
AAPL,1001,OneDay,2026-03-30T00:00:00Z,247.22,250.15,245.51,246.13,29731414.0
AAPL,1001,OneDay,2026-03-31T00:00:00Z,246.08,255.41,245.08,253.23,40140672.0
AAPL,1001,OneDay,2026-04-01T00:00:00Z,253.25,256.1301,253.03,255.25,28941803.0
AAPL,1001,OneDay,2026-04-02T00:00:00Z,255.18,256.1101,250.65,255.37,25252844.0
AAPL,1001,OneDay,2026-04-03T00:00:00Z,255.4,255.43,255.13,255.4,127920.0
AAPL,1001,OneDay,2026-04-06T00:00:00Z,254.9,262.1499,254.79,258.6001,23731847.0
AAPL,1001,OneDay,2026-04-07T00:00:00Z,258.6001,258.7,245.71,252.92,47835746.0
AAPL,1001,OneDay,2026-04-08T00:00:00Z,252.92,260.11,252.92,258.71,30808921.0
AAPL,1001,OneDay,2026-04-09T00:00:00Z,258.71,261.0,256.0701,259.97,23499692.0
AAPL,1001,OneDay,2026-04-10T00:00:00Z,259.97,262.1401,258.3999,260.45,14341631.0
AAPL,1001,OneDay,2026-04-13T00:00:00Z,258.1,260.04,256.6899,259.27,27880754.0
AAPL,1001,OneDay,2026-04-14T00:00:00Z,259.1699,261.8999,257.1899,258.6101,39389131.0
AAPL,1001,OneDay,2026-04-15T00:00:00Z,258.6201,266.54,257.8301,266.45,37035527.0
AAPL,1001,OneDay,2026-04-16T00:00:00Z,266.46,268.73,261.26,263.6499,33631900.0
AAPL,1001,OneDay,2026-04-17T00:00:00Z,263.6499,272.29,263.5,270.23,28885959.0
AAPL,1001,OneDay,2026-04-20T00:00:00Z,269.61,274.25,267.6699,270.75,27638882.0
AAPL,1001,OneDay,2026-04-21T00:00:00Z,270.75,272.7,265.41,267.18,37744657.0
AAPL,1001,OneDay,2026-04-22T00:00:00Z,267.18,273.72,266.85,272.35,31829617.0
AAPL,1001,OneDay,2026-04-23T00:00:00Z,272.35,275.72,271.02,271.8,24614084.0
AAPL,1001,OneDay,2026-04-24T00:00:00Z,271.8,273.4,269.65,270.99,17441107.0
AAPL,1001,OneDay,2026-04-27T00:00:00Z,270.5,271.16,265.1,267.45,31863741.0
AAPL,1001,OneDay,2026-04-28T00:00:00Z,267.45,273.17,266.81,269.9,30687788.0
AAPL,1001,OneDay,2026-04-29T00:00:00Z,269.9,271.03,267.05,269.75,23072511.0
AAPL,1001,OneDay,2026-04-30T00:00:00Z,269.75,275.88,267.77,270.15,69576541.0
AAPL,1001,OneDay,2026-05-01T00:00:00Z,270.13,287.19,268.11,280.2,51379883.0
AAPL,1001,OneDay,2026-05-04T00:00:00Z,279.52,280.13,274.87,276.42,36509116.0
AAPL,1001,OneDay,2026-05-05T00:00:00Z,276.42,284.51,275.2,283.19,37603298.0
AAPL,1001,OneDay,2026-05-06T00:00:00Z,283.11,287.88,280.8,287.42,45106368.0
AAPL,1001,OneDay,2026-05-07T00:00:00Z,287.42,292.09,285.79,286.88,33156948.0
AAPL,1001,OneDay,2026-05-08T00:00:00Z,286.85,294.74,286.71,293.3,27560500.0
AAPL,1001,OneDay,2026-05-11T00:00:00Z,292.38,294.16,290.22,292.58,30614257.0
AAPL,1001,OneDay,2026-05-12T00:00:00Z,292.58,295.2,291.16,294.37,37918463.0
AAPL,1001,OneDay,2026-05-13T00:00:00Z,294.36,300.9,293.05,298.73,39921685.0
AAPL,1001,OneDay,2026-05-14T00:00:00Z,298.73,301.0,295.45,297.86,27955165.0
AAPL,1001,OneDay,2026-05-15T00:00:00Z,298.02,303.18,293.88,300.35,24634043.0
AAPL,1001,OneDay,2026-05-18T00:00:00Z,299.43,301.07,294.9,297.45,24374545.0
AAPL,1001,OneDay,2026-05-19T00:00:00Z,297.45,300.46,294.86,298.55,33176456.0
AAPL,1001,OneDay,2026-05-20T00:00:00Z,298.55,302.79,297.0,301.55,29317445.0
AAPL,1001,OneDay,2026-05-21T00:00:00Z,301.55,305.53,300.01,304.43,34706927.0
AAPL,1001,OneDay,2026-05-22T00:00:00Z,304.42,311.37,304.39,309.32,19676172.0
AAPL,1001,OneDay,2026-05-26T00:00:00Z,310.5,311.8,307.67,308.5,34636358.0
AAPL,1001,OneDay,2026-05-27T00:00:00Z,308.5,313.23,307.21,310.58,31826134.0
AAPL,1001,OneDay,2026-05-28T00:00:00Z,310.72,312.65,309.01,312.2,37104807.0
AAPL,1001,OneDay,2026-05-29T00:00:00Z,312.2,314.99,309.52,311.93,21110305.0
AAPL,1001,OneDay,2026-06-01T00:00:00Z,310.05,311.56,305.07,306.47,35807769.0
AAPL,1001,OneDay,2026-06-02T00:00:00Z,306.62,315.43,304.86,314.86,34760070.0
AAPL,1001,OneDay,2026-06-03T00:00:00Z,314.86,316.88,308.85,311.29,36159942.0
AAPL,1001,OneDay,2026-06-04T00:00:00Z,311.29,314.7,309.66,311.11,36125964.0
AAPL,1001,OneDay,2026-06-05T00:00:00Z,311.11,315.13,307.16,307.92,28952269.0
AAPL,1001,OneDay,2026-06-08T00:00:00Z,307.97,317.3,300.37,300.53,55898451.0
AAPL,1001,OneDay,2026-06-09T00:00:00Z,300.53,302.14,287.85,291.01,51101513.0
AAPL,1001,OneDay,2026-06-10T00:00:00Z,291.04,294.73,287.38,291.81,36909009.0
AAPL,1001,OneDay,2026-06-11T00:00:00Z,291.81,296.96,289.6,295.65,32247136.0
AAPL,1001,OneDay,2026-06-12T00:00:00Z,295.65,297.0,289.62,291.22,19930104.0
AAPL,1001,OneDay,2026-06-15T00:00:00Z,292.0,297.76,291.0,296.03,34769261.0
AAPL,1001,OneDay,2026-06-16T00:00:00Z,296.03,300.44,294.0,298.75,29466702.0
AAPL,1001,OneDay,2026-06-17T00:00:00Z,298.75,301.81,294.37,295.73,32176771.0
AAPL,1001,OneDay,2026-06-18T00:00:00Z,295.76,300.56,295.63,297.59,62010197.0
AAPL,1001,OneDay,2026-06-19T00:00:00Z,297.66,298.21,297.0,297.1,340248.0
AAPL,1001,OneDay,2026-06-22T00:00:00Z,295.66,302.41,294.04,296.5,34127327.0
AAPL,1001,OneDay,2026-06-23T00:00:00Z,296.5,301.6,293.75,294.99,39377344.0
AAPL,1001,OneDay,2026-06-24T00:00:00Z,294.99,299.67,292.06,293.15,40537631.0
AAPL,1001,OneDay,2026-06-25T00:00:00Z,293.2,293.65,273.77,275.27,73005369.0
AAPL,1001,OneDay,2026-06-26T00:00:00Z,275.3,285.92,273.25,284.16,55931238.0
AAPL,1001,OneDay,2026-06-29T00:00:00Z,283.96,287.82,279.86,281.32,46117241.0
AAPL,1001,OneDay,2026-06-30T00:00:00Z,281.32,289.87,280.0,289.1,54690553.0
AAPL,1001,OneDay,2026-07-01T00:00:00Z,288.97,296.56,288.29,293.91,36487882.0
AAPL,1001,OneDay,2026-07-02T00:00:00Z,293.91,309.41,293.48,307.93,53487035.0
AAPL,1001,OneDay,2026-07-03T00:00:00Z,307.93,308.25,307.8,308.0,149566.0
AAPL,1001,OneDay,2026-07-06T00:00:00Z,306.25,314.18,305.08,312.61,38568188.0
AAPL,1001,OneDay,2026-07-07T00:00:00Z,312.61,315.69,310.2,311.0,30635744.0
AAPL,1001,OneDay,2026-07-08T00:00:00Z,311.0,314.8,307.06,313.09,31163114.0
AAPL,1001,OneDay,2026-07-09T00:00:00Z,313.21,316.5,308.17,315.4,31659283.0
AAPL,1001,OneDay,2026-07-10T00:00:00Z,315.4,316.89,312.23,315.2,15967221.0
AAPL,1001,OneDay,2026-07-13T00:00:00Z,313.75,323.4,313.19,317.08,31853322.0
AAPL,1001,OneDay,2026-07-14T00:00:00Z,317.08,317.79,312.02,314.77,27755073.0
AAPL,1001,OneDay,2026-07-15T00:00:00Z,314.77,328.67,314.34,327.47,44043000.0
AAPL,1001,OneDay,2026-07-16T00:00:00Z,327.49,334.6,326.33,332.63,45315949.0
AAPL,1001,OneDay,2026-07-17T00:00:00Z,332.63,339.1,329.0,333.88,35834045.0
AAPL,1001,OneDay,2026-07-20T00:00:00Z,334.66,335.31,323.67,326.85,38230569.0
AAPL,1001,OneDay,2026-07-21T00:00:00Z,326.85,329.54,321.8,325.2,30105257.0
AAPL,1001,OneDay,2026-07-22T00:00:00Z,325.28,328.94,323.35,325.75,28408264.0
AAPL,1001,OneDay,2026-07-23T00:00:00Z,325.75,326.06,319.33,320.54,29443539.0
AAPL,1001,OneDay,2026-07-24T00:00:00Z,320.5,334.33,319.67,332.85,25332341.0
AAPL,1001,OneDay,2026-07-27T00:00:00Z,336.83,339.53,332.79,336.28,35299495.0
AAPL,1001,OneDay,2026-07-28T00:00:00Z,336.28,341.22,335.6,339.78,37926373.0
AAPL,1001,OneDay,2026-07-29T00:00:00Z,339.78,344.54,337.06,338.97,42114428.0
AAPL,1001,OneDay,2026-07-30T00:00:00Z,338.97,340.57,317.64,318.08,48510699.0
AAPL,1001,OneDay,2026-07-31T00:00:00Z,318.08,320.59,300.0,309.88,75381088.0
AAPL,1001,OneDay,2026-08-03T00:00:00Z,308.31,312.71,302.55,303.5,53121635.0
AAPL,1001,OneDay,2026-08-04T00:00:00Z,303.5,311.5,301.31,311.0,52903525.0
AAPL,1001,OneDay,2026-08-05T00:00:00Z,311.0,313.16,305.05,311.45,35981133.0
AAPL,1001,OneDay,2026-08-06T00:00:00Z,311.45,316.23,309.23,311.66,35011114.0
AAPL,1001,OneDay,2026-08-07T00:00:00Z,311.66,314.78,310.57,313.5,18371280.0
AAPL,1001,OneDay,2026-08-10T00:00:00Z,312.94,313.74,304.63,307.4,33130467.0
AAPL,1001,OneDay,2026-08-11T00:00:00Z,307.4,309.46,302.83,304.95,28746342.0
AAPL,1001,OneDay,2026-08-12T00:00:00Z,304.95,305.6,300.57,301.98,28267182.0
AAPL,1001,OneDay,2026-08-13T00:00:00Z,301.98,305.99,301.31,304.76,30705171.0
AAPL,1001,OneDay,2026-08-14T00:00:00Z,304.76,307.43,304.3,305.85,14223834.0
AAPL,1001,OneDay,2026-08-17T00:00:00Z,305.3,307.56,302.93,305.27,29357764.0
AAPL,1001,OneDay,2026-08-18T00:00:00Z,305.27,311.47,304.77,309.66,39782388.0
AAPL,1001,OneDay,2026-08-19T00:00:00Z,309.66,319.24,307.55,316.36,36033295.0
AAPL,1001,OneDay,2026-08-20T00:00:00Z,316.36,320.09,314.62,314.67,14062934.0
GOOGL,6434,OneDay,2022-07-22T00:00:00Z,110.8002,112.1989,106.7838,107.7629,
GOOGL,6434,OneDay,2022-07-25T00:00:00Z,108.2625,109.7112,106.2043,107.4432,
GOOGL,6434,OneDay,2022-07-26T00:00:00Z,106.2843,107.0835,103.9763,104.8655,
GOOGL,6434,OneDay,2022-07-27T00:00:00Z,109.0717,113.7675,107.9128,112.9383,
GOOGL,6434,OneDay,2022-07-28T00:00:00Z,112.159,114.1771,111.3497,114.0473,
GOOGL,6434,OneDay,2022-07-29T00:00:00Z,113.0582,116.585,113.0182,116.2852,
GOOGL,6434,OneDay,2022-08-01T00:00:00Z,115.1063,116.595,114.2671,114.6567,
GOOGL,6434,OneDay,2022-08-02T00:00:00Z,113.6876,116.2353,113.6177,115.0863,
GOOGL,6434,OneDay,2022-08-03T00:00:00Z,115.5759,118.5033,115.3761,117.9138,
GOOGL,6434,OneDay,2022-08-04T00:00:00Z,117.4442,118.6531,116.7848,118.1036,
GOOGL,6434,OneDay,2022-08-05T00:00:00Z,115.9256,117.9737,115.9056,117.3743,
GOOGL,6434,OneDay,2022-08-08T00:00:00Z,118.2435,120.0219,116.7748,117.2044,
GOOGL,6434,OneDay,2022-08-09T00:00:00Z,116.8947,117.2044,115.5959,116.4751,
GOOGL,6434,OneDay,2022-08-10T00:00:00Z,118.783,120.8012,118.3034,119.4924,
GOOGL,6434,OneDay,2022-08-11T00:00:00Z,121.2807,121.3707,118.4533,118.6731,
GOOGL,6434,OneDay,2022-08-12T00:00:00Z,120.1118,121.5305,119.3625,121.4806,
GOOGL,6434,OneDay,2022-08-15T00:00:00Z,120.9211,122.1699,120.5015,121.9202,
GOOGL,6434,OneDay,2022-08-16T00:00:00Z,121.4306,122.3198,120.5214,121.6604,
GOOGL,6434,OneDay,2022-08-17T00:00:00Z,119.9619,121.1509,119.2726,119.2925,
GOOGL,6434,OneDay,2022-08-18T00:00:00Z,119.3525,120.7013,118.6132,119.9719,
GOOGL,6434,OneDay,2022-08-19T00:00:00Z,118.8929,119.0028,116.6749,117.1245,
GOOGL,6434,OneDay,2022-08-22T00:00:00Z,114.8965,115.506,113.7475,114.1172,
GOOGL,6434,OneDay,2022-08-23T00:00:00Z,113.3579,114.8865,113.3579,113.7176,
GOOGL,6434,OneDay,2022-08-24T00:00:00Z,113.4178,114.6567,112.7884,113.4478,
GOOGL,6434,OneDay,2022-08-25T00:00:00Z,114.0972,116.595,113.9973,116.525,
GOOGL,6434,OneDay,2022-08-26T00:00:00Z,114.5468,114.9964,110.2207,110.2207,
GOOGL,6434,OneDay,2022-08-29T00:00:00Z,109.6213,110.8402,108.7021,109.1816,
GOOGL,6434,OneDay,2022-08-30T00:00:00Z,110.0009,110.3506,107.703,108.8519,
GOOGL,6434,OneDay,2022-08-31T00:00:00Z,110.5404,110.7103,108.1026,108.1026,
GOOGL,6434,OneDay,2022-09-01T00:00:00Z,108.2125,110.3106,107.2634,109.7012,
GOOGL,6434,OneDay,2022-09-02T00:00:00Z,110.4105,110.6303,107.1635,107.733,
GOOGL,6434,OneDay,2022-09-06T00:00:00Z,107.2034,107.8828,105.6948,106.604,
GOOGL,6434,OneDay,2022-09-07T00:00:00Z,106.9736,109.871,106.7838,109.3515,
GOOGL,6434,OneDay,2022-09-08T00:00:00Z,107.9228,109.4814,107.0636,108.2325,
GOOGL,6434,OneDay,2022-09-09T00:00:00Z,109.0118,110.8801,109.0118,110.5804,
GOOGL,6434,OneDay,2022-09-12T00:00:00Z,111.1164,111.7774,109.9648,110.6837,
GOOGL,6434,OneDay,2022-09-13T00:00:00Z,107.5385,108.0776,103.9339,104.0737,
GOOGL,6434,OneDay,2022-09-14T00:00:00Z,104.3532,105.1021,103.5145,104.8525,
GOOGL,6434,OneDay,2022-09-15T00:00:00Z,103.844,105.0921,102.1965,102.7856,
GOOGL,6434,OneDay,2022-09-16T00:00:00Z,101.847,102.9553,100.7786,102.7556,
GOOGL,6434,OneDay,2022-09-19T00:00:00Z,101.6773,103.165,101.4176,102.8854,
GOOGL,6434,OneDay,2022-09-20T00:00:00Z,101.9668,102.2065,100.3692,100.9384,
GOOGL,6434,OneDay,2022-09-21T00:00:00Z,101.3977,102.6458,99.1511,99.1511,
GOOGL,6434,OneDay,2022-09-22T00:00:00Z,98.6518,101.0482,98.6518,99.9199,
GOOGL,6434,OneDay,2022-09-23T00:00:00Z,99.2809,99.3308,97.3238,98.5719,
GOOGL,6434,OneDay,2022-09-26T00:00:00Z,98.0827,99.7102,97.6533,97.9828,
GOOGL,6434,OneDay,2022-09-27T00:00:00Z,99.3008,99.83,96.7247,97.3937,
GOOGL,6434,OneDay,2022-09-28T00:00:00Z,97.4037,100.539,96.9544,99.88,
GOOGL,6434,OneDay,2022-09-29T00:00:00Z,98.3622,98.3622,95.8161,97.3138,
GOOGL,6434,OneDay,2022-09-30T00:00:00Z,96.8645,98.7417,95.4266,95.5165,
GOOGL,6434,OneDay,2022-10-03T00:00:00Z,96.5649,99.1311,96.3752,98.3922,
GOOGL,6434,OneDay,2022-10-04T00:00:00Z,100.3493,101.6673,100.3393,101.4975,
GOOGL,6434,OneDay,2022-10-05T00:00:00Z,99.6603,101.7671,98.6618,101.1381,
GOOGL,6434,OneDay,2022-10-06T00:00:00Z,100.4791,102.7556,100.4791,101.188,
GOOGL,6434,OneDay,2022-10-07T00:00:00Z,99.6104,100.3692,98.1526,98.542,
GOOGL,6434,OneDay,2022-10-10T00:00:00Z,98.7217,98.7217,96.8645,97.6233,
GOOGL,6434,OneDay,2022-10-11T00:00:00Z,97.2339,99.0911,96.1655,96.9743,
GOOGL,6434,OneDay,2022-10-12T00:00:00Z,97.1441,98.5919,96.5749,97.4137,
GOOGL,6434,OneDay,2022-10-13T00:00:00Z,94.8475,99.6203,94.2484,98.8515,
GOOGL,6434,OneDay,2022-10-14T00:00:00Z,99.8001,100.509,96.2254,96.3453,
GOOGL,6434,OneDay,2022-10-17T00:00:00Z,98.7816,100.7686,98.7816,99.84,
GOOGL,6434,OneDay,2022-10-18T00:00:00Z,103.1051,103.2848,99.83,100.5889,
GOOGL,6434,OneDay,2022-10-19T00:00:00Z,99.8101,100.8385,98.7616,99.5305,
GOOGL,6434,OneDay,2022-10-20T00:00:00Z,99.86,102.1565,99.2509,99.7801,
GOOGL,6434,OneDay,2022-10-21T00:00:00Z,97.7032,101.0782,97.5734,101.0083,
GOOGL,6434,OneDay,2022-10-24T00:00:00Z,101.6773,102.5859,99.83,102.4261,
GOOGL,6434,OneDay,2022-10-25T00:00:00Z,102.7257,104.6528,102.5559,104.3832,
GOOGL,6434,OneDay,2022-10-26T00:00:00Z,96.2754,98.1526,94.558,94.7177,
GOOGL,6434,OneDay,2022-10-27T00:00:00Z,94.4182,95.2469,91.6523,92.0917,
GOOGL,6434,OneDay,2022-10-28T00:00:00Z,92.1915,96.3952,92.0018,96.1156,
GOOGL,6434,OneDay,2022-10-31T00:00:00Z,95.3068,95.846,93.839,94.3583,
GOOGL,6434,OneDay,2022-11-01T00:00:00Z,95.4766,95.876,90.2344,90.3643,
GOOGL,6434,OneDay,2022-11-02T00:00:00Z,90.7936,91.0133,86.7497,86.7697,
GOOGL,6434,OneDay,2022-11-03T00:00:00Z,86.2205,86.3802,83.2949,83.3548,
GOOGL,6434,OneDay,2022-11-04T00:00:00Z,85.4017,86.5001,83.5944,86.4801,
GOOGL,6434,OneDay,2022-11-07T00:00:00Z,87.1491,88.7567,86.7097,88.3473,
GOOGL,6434,OneDay,2022-11-08T00:00:00Z,88.8166,90.1745,87.4586,88.7467,
GOOGL,6434,OneDay,2022-11-09T00:00:00Z,88.3772,89.2959,87.1691,87.199,
GOOGL,6434,OneDay,2022-11-10T00:00:00Z,92.1516,94.2384,91.4726,93.7691,
GOOGL,6434,OneDay,2022-11-11T00:00:00Z,94.4881,96.7746,93.7791,96.1955,
GOOGL,6434,OneDay,2022-11-14T00:00:00Z,94.8675,96.6348,94.3782,95.5065,
GOOGL,6434,OneDay,2022-11-15T00:00:00Z,98.1326,99.9698,96.5749,98.3123,
GOOGL,6434,OneDay,2022-11-16T00:00:00Z,97.6433,99.4706,97.4935,98.6618,
GOOGL,6434,OneDay,2022-11-17T00:00:00Z,96.7447,99.1211,96.6448,98.2424,
GOOGL,6434,OneDay,2022-11-18T00:00:00Z,98.7117,98.7117,96.2254,97.2839,
GOOGL,6434,OneDay,2022-11-21T00:00:00Z,97.0941,98.2424,95.217,95.4566,
GOOGL,6434,OneDay,2022-11-22T00:00:00Z,95.7562,97.0542,93.9189,96.8645,
GOOGL,6434,OneDay,2022-11-23T00:00:00Z,97.0342,98.6019,96.9943,98.2824,
GOOGL,6434,OneDay,2022-11-25T00:00:00Z,97.853,98.492,97.2539,97.3138,
GOOGL,6434,OneDay,2022-11-28T00:00:00Z,96.7347,97.4137,95.4666,95.9459,
GOOGL,6434,OneDay,2022-11-29T00:00:00Z,95.6164,95.9658,93.9688,95.0372,
GOOGL,6434,OneDay,2022-11-30T00:00:00Z,94.7676,100.8585,94.2884,100.8585,
GOOGL,6434,OneDay,2022-12-01T00:00:00Z,100.8685,102.0866,100.0896,100.8585,
GOOGL,6434,OneDay,2022-12-02T00:00:00Z,98.7517,100.6089,98.7517,100.2594,
GOOGL,6434,OneDay,2022-12-05T00:00:00Z,99.3508,101.2179,98.8515,99.3508,
GOOGL,6434,OneDay,2022-12-06T00:00:00Z,99.2309,99.6004,96.2754,96.8245,
GOOGL,6434,OneDay,2022-12-07T00:00:00Z,96.0058,96.7347,94.5779,94.7676,
GOOGL,6434,OneDay,2022-12-08T00:00:00Z,95.1071,95.4266,93.3198,93.5694,
GOOGL,6434,OneDay,2022-12-09T00:00:00Z,93.6293,94.1086,92.6109,92.6109,
GOOGL,6434,OneDay,2022-12-12T00:00:00Z,92.511,93.4197,91.4726,93.1001,
GOOGL,6434,OneDay,2022-12-13T00:00:00Z,97.6733,99.3707,94.8775,95.4266,
GOOGL,6434,OneDay,2022-12-14T00:00:00Z,95.0971,96.7247,93.4696,94.8974,
GOOGL,6434,OneDay,2022-12-15T00:00:00Z,93.1101,93.4696,89.875,90.6538,
GOOGL,6434,OneDay,2022-12-16T00:00:00Z,90.4841,91.183,89.3757,90.0747,
GOOGL,6434,OneDay,2022-12-19T00:00:00Z,90.0747,90.4042,88.0777,88.2874,
GOOGL,6434,OneDay,2022-12-20T00:00:00Z,88.0877,89.0362,87.3088,88.8865,
GOOGL,6434,OneDay,2022-12-21T00:00:00Z,88.8865,90.0747,88.1875,89.4456,
GOOGL,6434,OneDay,2022-12-22T00:00:00Z,88.0078,88.3772,86.1905,87.6284,
GOOGL,6434,OneDay,2022-12-23T00:00:00Z,86.9893,89.3957,86.9893,89.0263,
GOOGL,6434,OneDay,2022-12-27T00:00:00Z,88.6269,88.7766,86.8795,87.2589,
GOOGL,6434,OneDay,2022-12-28T00:00:00Z,86.9394,87.888,85.8111,85.891,
GOOGL,6434,OneDay,2022-12-29T00:00:00Z,86.5899,88.7067,86.57,88.2774,
GOOGL,6434,OneDay,2022-12-30T00:00:00Z,86.6498,88.1476,86.4401,88.1476,
GOOGL,6434,OneDay,2023-01-03T00:00:00Z,89.5055,90.8935,88.3872,88.9763,
GOOGL,6434,OneDay,2023-01-04T00:00:00Z,90.3742,90.4741,87.1391,87.9679,
GOOGL,6434,OneDay,2023-01-05T00:00:00Z,87.229,87.4087,85.7811,86.0907,
GOOGL,6434,OneDay,2023-01-06T00:00:00Z,86.7197,87.5485,84.7327,87.2589,
GOOGL,6434,OneDay,2023-01-09T00:00:00Z,88.4072,89.9049,87.7282,87.888,
GOOGL,6434,OneDay,2023-01-10T00:00:00Z,85.881,88.527,85.7712,88.2374,
GOOGL,6434,OneDay,2023-01-11T00:00:00Z,89.1161,91.4426,88.8665,91.4127,
GOOGL,6434,OneDay,2023-01-12T00:00:00Z,91.6224,91.7122,89.6154,90.9534,
GOOGL,6434,OneDay,2023-01-13T00:00:00Z,90.6139,92.0317,89.9848,91.9319,
GOOGL,6434,OneDay,2023-01-17T00:00:00Z,91.9619,91.9619,89.9249,91.1131,
GOOGL,6434,OneDay,2023-01-18T00:00:00Z,92.1016,92.6508,90.504,90.9234,
GOOGL,6434,OneDay,2023-01-19T00:00:00Z,90.5939,93.4496,90.5939,92.9304,
GOOGL,6434,OneDay,2023-01-20T00:00:00Z,94.9673,98.1426,94.9574,97.873,
GOOGL,6434,OneDay,2023-01-23T00:00:00Z,97.9529,99.88,97.3737,99.6803,
GOOGL,6434,OneDay,2023-01-24T00:00:00Z,98.0727,99.4506,97.0642,97.5634,
GOOGL,6434,OneDay,2023-01-25T00:00:00Z,95.197,96.0058,93.6194,95.0372,
GOOGL,6434,OneDay,2023-01-26T00:00:00Z,96.545,97.4037,95.2269,97.4037,
GOOGL,6434,OneDay,2023-01-27T00:00:00Z,97.164,100.1595,97.164,99.1511,
GOOGL,6434,OneDay,2023-01-30T00:00:00Z,97.3338,98.1226,96.2454,96.7946,
GOOGL,6434,OneDay,2023-01-31T00:00:00Z,96.9044,98.7117,96.6648,98.7017,
GOOGL,6434,OneDay,2023-02-01T00:00:00Z,98.7017,101.0182,97.4636,100.2694,
GOOGL,6434,OneDay,2023-02-02T00:00:00Z,105.6812,107.6483,105.4516,107.5784,
GOOGL,6434,OneDay,2023-02-03T00:00:00Z,102.7257,107.6183,102.4461,104.6128,
GOOGL,6434,OneDay,2023-02-06T00:00:00Z,102.2564,104.1835,101.7272,102.7956,
GOOGL,6434,OneDay,2023-02-07T00:00:00Z,103.175,108.0077,102.9553,107.5784,
GOOGL,6434,OneDay,2023-02-08T00:00:00Z,102.0068,102.9653,97.883,99.2609,
GOOGL,6434,OneDay,2023-02-09T00:00:00Z,99.7502,99.7502,93.4896,94.8775,
GOOGL,6434,OneDay,2023-02-10T00:00:00Z,95.197,96.5949,94.1086,94.3982,
GOOGL,6434,OneDay,2023-02-13T00:00:00Z,94.6179,95.0372,93.6992,94.4581,
GOOGL,6434,OneDay,2023-02-14T00:00:00Z,94.3383,94.6977,92.1216,94.508,
GOOGL,6434,OneDay,2023-02-15T00:00:00Z,94.2884,96.9544,94.0188,96.7846,
GOOGL,6434,OneDay,2023-02-16T00:00:00Z,95.5864,97.5235,94.6079,95.3667,
GOOGL,6434,OneDay,2023-02-17T00:00:00Z,94.6678,95.3767,93.0702,94.1586,
GOOGL,6434,OneDay,2023-02-21T00:00:00Z,92.5809,92.9404,91.5824,91.6623,
GOOGL,6434,OneDay,2023-02-22T00:00:00Z,91.6323,91.9619,90.4841,91.5225,
GOOGL,6434,OneDay,2023-02-23T00:00:00Z,91.7222,91.7222,89.6254,90.7337,
GOOGL,6434,OneDay,2023-02-24T00:00:00Z,89.2759,89.7352,88.4371,89.0263,
GOOGL,6434,OneDay,2023-02-27T00:00:00Z,89.835,90.0248,89.206,89.7452,
GOOGL,6434,OneDay,2023-02-28T00:00:00Z,89.5055,91.0832,89.216,89.9449,
GOOGL,6434,OneDay,2023-03-01T00:00:00Z,89.9249,90.8835,89.5355,90.2344,
GOOGL,6434,OneDay,2023-03-02T00:00:00Z,89.5655,92.1216,89.5355,91.862,
GOOGL,6434,OneDay,2023-03-03T00:00:00Z,92.4611,93.5694,92.3513,93.5295,
GOOGL,6434,OneDay,2023-03-06T00:00:00Z,93.869,95.8161,93.869,94.9973,
GOOGL,6434,OneDay,2023-03-07T00:00:00Z,94.9673,95.5065,93.3897,93.7392,
GOOGL,6434,OneDay,2023-03-08T00:00:00Z,94.1885,95.8061,93.869,94.0887,
GOOGL,6434,OneDay,2023-03-09T00:00:00Z,93.9189,95.3468,91.7622,92.1715,
GOOGL,6434,OneDay,2023-03-10T00:00:00Z,92.0118,92.6308,90.2644,90.4641,
GOOGL,6434,OneDay,2023-03-13T00:00:00Z,89.9049,92.4212,89.2859,90.9534,
GOOGL,6434,OneDay,2023-03-14T00:00:00Z,92.4311,94.2085,92.3013,93.849,
GOOGL,6434,OneDay,2023-03-15T00:00:00Z,92.8605,96.7746,92.4911,96.0257,
GOOGL,6434,OneDay,2023-03-16T00:00:00Z,96.2055,101.0182,95.3667,100.1496,
GOOGL,6434,OneDay,2023-03-17T00:00:00Z,99.9598,102.6758,99.9598,101.4077,
GOOGL,6434,OneDay,2023-03-20T00:00:00Z,100.3792,101.5974,99.7302,101.0682,
GOOGL,6434,OneDay,2023-03-21T00:00:00Z,101.0881,104.9224,101.0881,104.6628,
GOOGL,6434,OneDay,2023-03-22T00:00:00Z,103.7941,106.4201,103.195,103.205,
GOOGL,6434,OneDay,2023-03-23T00:00:00Z,105.0122,106.1306,104.3033,105.3018,
GOOGL,6434,OneDay,2023-03-24T00:00:00Z,104.9424,105.2918,103.6743,105.2918,
GOOGL,6434,OneDay,2023-03-27T00:00:00Z,104.3033,104.5929,101.7771,102.2464,
GOOGL,6434,OneDay,2023-03-28T00:00:00Z,102.0068,102.0667,99.5904,100.8185,
GOOGL,6434,OneDay,2023-03-29T00:00:00Z,102.0667,102.1565,100.499,101.178,
GOOGL,6434,OneDay,2023-03-30T00:00:00Z,100.529,100.9983,99.6303,100.6488,
GOOGL,6434,OneDay,2023-03-31T00:00:00Z,101.0083,103.7242,100.8984,103.5245,
GOOGL,6434,OneDay,2023-04-03T00:00:00Z,102.4561,104.3532,101.9668,104.2534,
GOOGL,6434,OneDay,2023-04-04T00:00:00Z,104.1535,105.4116,103.8939,104.5629,
GOOGL,6434,OneDay,2023-04-05T00:00:00Z,105.6014,105.9109,103.5045,104.3333,
GOOGL,6434,OneDay,2023-04-06T00:00:00Z,104.8625,108.9763,104.1535,108.2174,
GOOGL,6434,OneDay,2023-04-10T00:00:00Z,106.7896,107.3887,104.9523,106.2604,
GOOGL,6434,OneDay,2023-04-11T00:00:00Z,106.0207,106.54,104.533,105.202,
GOOGL,6434,OneDay,2023-04-12T00:00:00Z,106.2104,106.5699,104.1835,104.4631,
GOOGL,6434,OneDay,2023-04-13T00:00:00Z,105.861,107.3188,105.7711,107.2589,
GOOGL,6434,OneDay,2023-04-14T00:00:00Z,106.8095,108.7666,106.7596,108.7067,
GOOGL,6434,OneDay,2023-04-17T00:00:00Z,104.5629,105.9808,104.503,105.7811,
GOOGL,6434,OneDay,2023-04-18T00:00:00Z,106.0107,106.3003,103.9139,104.3333,
GOOGL,6434,OneDay,2023-04-19T00:00:00Z,103.2749,104.8125,102.9054,104.0537,
GOOGL,6434,OneDay,2023-04-20T00:00:00Z,103.7941,106.0806,103.7941,105.1221,
GOOGL,6434,OneDay,2023-04-21T00:00:00Z,105.2719,105.811,104.6328,105.2818,
GOOGL,6434,OneDay,2023-04-24T00:00:00Z,105.3118,106.4601,104.5529,105.811,
GOOGL,6434,OneDay,2023-04-25T00:00:00Z,105.6413,106.52,103.6942,103.7142,
GOOGL,6434,OneDay,2023-04-26T00:00:00Z,103.9838,106.1605,102.4761,103.5145,
GOOGL,6434,OneDay,2023-04-27T00:00:00Z,104.3832,108.1975,103.3847,107.4086,
GOOGL,6434,OneDay,2023-04-28T00:00:00Z,106.8295,107.159,104.9324,107.1091,
GOOGL,6434,OneDay,2023-05-01T00:00:00Z,106.7796,107.818,106.6598,106.9893,
GOOGL,6434,OneDay,2023-05-02T00:00:00Z,106.8794,107.0192,103.5544,105.1221,
GOOGL,6434,OneDay,2023-05-03T00:00:00Z,105.172,107.3088,104.8125,105.2219,
GOOGL,6434,OneDay,2023-05-04T00:00:00Z,105.2719,105.4017,103.8041,104.4331,
GOOGL,6434,OneDay,2023-05-05T00:00:00Z,104.5929,105.7112,103.9638,105.3418,
GOOGL,6434,OneDay,2023-05-08T00:00:00Z,105.1421,107.7881,105.1421,107.5884,
GOOGL,6434,OneDay,2023-05-09T00:00:00Z,108.1475,109.9748,107.0192,107.169,
GOOGL,6434,OneDay,2023-05-10T00:00:00Z,107.818,112.7506,107.818,111.5924,
GOOGL,6434,OneDay,2023-05-11T00:00:00Z,115.4466,117.7331,114.2484,116.3951,
GOOGL,6434,OneDay,2023-05-12T00:00:00Z,116.3552,117.5834,115.9358,117.3437,
GOOGL,6434,OneDay,2023-05-15T00:00:00Z,116.3852,118.2923,116.1455,116.2853,
GOOGL,6434,OneDay,2023-05-16T00:00:00Z,116.3352,120.5689,116.3053,119.3108,
GOOGL,6434,OneDay,2023-05-17T00:00:00Z,119.4206,121.4775,118.7117,120.5888,
GOOGL,6434,OneDay,2023-05-18T00:00:00Z,121.0082,123.1051,120.6587,122.6458,
GOOGL,6434,OneDay,2023-05-19T00:00:00Z,123.0651,125.7611,121.9668,122.5759,
GOOGL,6434,OneDay,2023-05-22T00:00:00Z,123.3846,126.1904,123.3846,124.8524,16479251.0
GOOGL,6434,OneDay,2023-05-23T00:00:00Z,123.5145,124.4331,122.0267,122.4061,15917995.0
GOOGL,6434,OneDay,2023-05-24T00:00:00Z,120.9084,121.7172,119.6802,120.6887,15676988.0
GOOGL,6434,OneDay,2023-05-25T00:00:00Z,124.7226,125.1021,121.797,123.2648,18552284.0
GOOGL,6434,OneDay,2023-05-26T00:00:00Z,122.8654,125.0521,122.2763,124.4131,17603820.0
GOOGL,6434,OneDay,2023-05-30T00:00:00Z,124.7825,125.1919,121.827,123.5244,16997275.0
GOOGL,6434,OneDay,2023-05-31T00:00:00Z,122.5958,123.8739,122.3163,122.6857,12304024.0
GOOGL,6434,OneDay,2023-06-01T00:00:00Z,123.0252,124.2134,122.456,123.5244,13923728.0
GOOGL,6434,OneDay,2023-06-02T00:00:00Z,123.9338,125.9508,123.5644,124.3332,12202263.0
GOOGL,6434,OneDay,2023-06-05T00:00:00Z,124.1435,127.2289,124.0936,125.8509,13241601.0
GOOGL,6434,OneDay,2023-06-06T00:00:00Z,125.5414,128.0876,125.1819,127.129,14084049.0
GOOGL,6434,OneDay,2023-06-07T00:00:00Z,127.0392,128.8265,121.9468,122.3562,20888325.0
GOOGL,6434,OneDay,2023-06-08T00:00:00Z,121.837,123.0252,121.3577,122.0067,13751939.0
GOOGL,6434,OneDay,2023-06-09T00:00:00Z,121.9768,123.5644,121.7271,122.0367,11697687.0
GOOGL,6434,OneDay,2023-06-12T00:00:00Z,122.6557,123.8539,121.4975,123.4645,13119462.0
GOOGL,6434,OneDay,2023-06-13T00:00:00Z,124.7825,124.9024,122.9952,123.7142,9891485.0
GOOGL,6434,OneDay,2023-06-14T00:00:00Z,123.1949,123.8539,121.2978,123.4945,14506912.0
GOOGL,6434,OneDay,2023-06-15T00:00:00Z,123.175,125.2618,122.2164,124.9024,13734203.0
GOOGL,6434,OneDay,2023-06-16T00:00:00Z,125.6313,125.6313,123.0951,123.2848,13243359.0
GOOGL,6434,OneDay,2023-06-20T00:00:00Z,122.6957,124.3732,121.9568,122.9653,10675543.0
GOOGL,6434,OneDay,2023-06-21T00:00:00Z,122.1265,122.4461,119.9298,120.3891,13346702.0
GOOGL,6434,OneDay,2023-06-22T00:00:00Z,119.3108,123.0452,118.6518,122.9753,12626752.0
GOOGL,6434,OneDay,2023-06-23T00:00:00Z,121.6972,122.5958,120.8884,122.1066,10663688.0
GOOGL,6434,OneDay,2023-06-26T00:00:00Z,120.6188,121.797,118.0826,118.1725,16073922.0
GOOGL,6434,OneDay,2023-06-27T00:00:00Z,116.3352,118.8914,115.9259,118.1425,18862397.0
GOOGL,6434,OneDay,2023-06-28T00:00:00Z,116.7446,120.2094,116.6847,119.9698,13201635.0
GOOGL,6434,OneDay,2023-06-29T00:00:00Z,119.3108,119.8799,118.1226,118.8714,10250465.0
GOOGL,6434,OneDay,2023-07-03T00:00:00Z,118.9313,119.9997,118.6318,119.7002,6894926.0
GOOGL,6434,OneDay,2023-07-05T00:00:00Z,119.4306,122.4161,119.3906,121.5774,12598070.0
GOOGL,6434,OneDay,2023-07-06T00:00:00Z,119.3507,120.1096,118.2224,119.9199,11353749.0
GOOGL,6434,OneDay,2023-07-07T00:00:00Z,119.83,120.8584,119.2209,119.2908,8961835.0
GOOGL,6434,OneDay,2023-07-10T00:00:00Z,117.9927,118.0926,115.9658,116.2254,16630830.0
GOOGL,6434,OneDay,2023-07-11T00:00:00Z,115.3467,117.5235,115.1969,116.9543,10814950.0
GOOGL,6434,OneDay,2023-07-12T00:00:00Z,118.7716,120.1395,118.2324,118.7217,14494475.0
GOOGL,6434,OneDay,2023-07-13T00:00:00Z,120.9184,124.6328,120.2793,124.3432,22068225.0
GOOGL,6434,OneDay,2023-07-14T00:00:00Z,124.6328,126.5798,124.473,125.152,15382250.0
GOOGL,6434,OneDay,2023-07-17T00:00:00Z,125.4416,126.8994,124.0037,124.4231,11650604.0
GOOGL,6434,OneDay,2023-07-18T00:00:00Z,124.2533,124.3732,122.7855,123.5744,11408493.0
GOOGL,6434,OneDay,2023-07-19T00:00:00Z,124.4231,124.9822,121.6572,121.9468,16049052.0
GOOGL,6434,OneDay,2023-07-20T00:00:00Z,121.4276,123.8939,118.0527,119.0711,17154990.0
GOOGL,6434,OneDay,2023-07-24T00:00:00Z,121.7471,122.7955,120.8385,121.3577,14824941.0
GOOGL,6434,OneDay,2023-07-25T00:00:00Z,121.7671,122.9553,120.8285,122.0367,20776643.0
GOOGL,6434,OneDay,2023-07-26T00:00:00Z,129.9847,130.7536,128.1575,129.166,31037534.0
GOOGL,6434,OneDay,2023-07-27T00:00:00Z,131.5823,133.0302,128.6168,129.2958,22206657.0
GOOGL,6434,OneDay,2023-07-28T00:00:00Z,130.4241,133.5094,130.4041,132.3412,16001009.0
GOOGL,6434,OneDay,2023-07-31T00:00:00Z,132.501,133.2998,131.6023,132.5109,12293583.0
GOOGL,6434,OneDay,2023-08-01T00:00:00Z,130.7536,132.4111,130.504,131.3227,10556816.0
GOOGL,6434,OneDay,2023-08-02T00:00:00Z,128.9862,129.8849,127.3786,128.1774,12383084.0
GOOGL,6434,OneDay,2023-08-03T00:00:00Z,128.0476,129.1859,127.2588,128.1874,8553803.0
GOOGL,6434,OneDay,2023-08-04T00:00:00Z,129.156,131.2828,127.7281,127.9278,11736923.0
GOOGL,6434,OneDay,2023-08-07T00:00:00Z,128.9663,131.4026,128.8165,131.3227,10916793.0
GOOGL,6434,OneDay,2023-08-08T00:00:00Z,130.3342,131.3028,129.3457,131.2129,10420822.0
GOOGL,6434,OneDay,2023-08-09T00:00:00Z,131.7621,131.772,128.8165,129.4755,10253533.0
GOOGL,6434,OneDay,2023-08-10T00:00:00Z,130.8235,131.832,129.2458,129.5055,10157519.0
GOOGL,6434,OneDay,2023-08-11T00:00:00Z,128.2573,129.7251,127.9777,129.3357,8130832.0
GOOGL,6434,OneDay,2023-08-14T00:00:00Z,129.2059,131.153,128.8065,131.133,8517654.0
GOOGL,6434,OneDay,2023-08-15T00:00:00Z,131.0431,131.1829,129.0961,129.6952,8769151.0
GOOGL,6434,OneDay,2023-08-16T00:00:00Z,128.8664,130.0846,127.6682,128.3771,10667790.0
GOOGL,6434,OneDay,2023-08-17T00:00:00Z,129.7151,131.782,129.0861,129.8549,16401196.0
GOOGL,6434,OneDay,2023-08-18T00:00:00Z,128.2773,129.0162,126.1904,127.0791,14872593.0
GOOGL,6434,OneDay,2023-08-21T00:00:00Z,127.2089,128.5269,126.3801,128.1575,9427090.0
GOOGL,6434,OneDay,2023-08-22T00:00:00Z,128.5169,130.0746,128.1175,128.8564,9885649.0
GOOGL,6434,OneDay,2023-08-23T00:00:00Z,130.0946,133.1999,129.7151,132.1814,13564535.0
GOOGL,6434,OneDay,2023-08-24T00:00:00Z,133.6492,133.9687,129.4256,129.6952,12459942.0
GOOGL,6434,OneDay,2023-08-25T00:00:00Z,129.1859,130.5439,127.0691,129.7151,12491746.0
GOOGL,6434,OneDay,2023-08-28T00:00:00Z,131.143,132.3212,129.9448,130.8634,9547516.0
GOOGL,6434,OneDay,2023-08-29T00:00:00Z,132.2813,136.3552,132.1215,134.3681,22780573.0
GOOGL,6434,OneDay,2023-08-30T00:00:00Z,134.6377,136.0656,133.8789,135.6862,13245931.0
GOOGL,6434,OneDay,2023-08-31T00:00:00Z,135.9657,137.0441,135.5863,136.0157,12817378.0
GOOGL,6434,OneDay,2023-09-01T00:00:00Z,136.8544,136.9543,134.6577,135.2868,10398057.0
GOOGL,6434,OneDay,2023-09-05T00:00:00Z,135.3866,136.2054,134.3881,135.5264,8902252.0
GOOGL,6434,OneDay,2023-09-06T00:00:00Z,135.816,136.2953,133.4595,134.2483,10042140.0
GOOGL,6434,OneDay,2023-09-07T00:00:00Z,133.3896,135.3666,132.7705,135.117,9107230.0
GOOGL,6434,OneDay,2023-09-08T00:00:00Z,134.6677,136.445,134.6677,136.2254,10714959.0
GOOGL,6434,OneDay,2023-09-11T00:00:00Z,136.7146,137.2538,135.5763,136.7546,9566836.0
GOOGL,6434,OneDay,2023-09-12T00:00:00Z,136.2753,136.6547,134.9772,135.0871,8176413.0
GOOGL,6434,OneDay,2023-09-13T00:00:00Z,134.6377,136.6847,133.9488,136.485,9440360.0
GOOGL,6434,OneDay,2023-09-14T00:00:00Z,137.6133,138.482,136.0456,137.9228,10964765.0
GOOGL,6434,OneDay,2023-09-15T00:00:00Z,137.9528,138.2523,136.2753,137.2438,11015582.0
GOOGL,6434,OneDay,2023-09-18T00:00:00Z,136.8245,138.9413,136.8245,137.9528,11317456.0
GOOGL,6434,OneDay,2023-09-19T00:00:00Z,137.2239,138.1824,136.4151,137.8529,8770115.0
GOOGL,6434,OneDay,2023-09-20T00:00:00Z,137.6133,137.6532,133.4196,133.5194,13668360.0
GOOGL,6434,OneDay,2023-09-21T00:00:00Z,130.7436,132.0117,129.8749,130.2643,15859484.0
GOOGL,6434,OneDay,2023-09-22T00:00:00Z,130.3142,131.812,129.4156,130.1345,9963086.0
GOOGL,6434,OneDay,2023-09-25T00:00:00Z,129.6053,130.9633,128.8065,130.9233,9433300.0
GOOGL,6434,OneDay,2023-09-26T00:00:00Z,129.9947,129.9947,127.0192,128.447,12867086.0
GOOGL,6434,OneDay,2023-09-27T00:00:00Z,128.5469,130.6937,128.4371,130.3841,10589695.0
GOOGL,6434,OneDay,2023-09-28T00:00:00Z,129.8449,133.0901,129.6353,132.0516,11212368.0
GOOGL,6434,OneDay,2023-09-29T00:00:00Z,133.3097,133.819,130.1645,130.6138,13516012.0
GOOGL,6434,OneDay,2023-10-02T00:00:00Z,131.3127,134.1984,131.2029,133.9687,11512231.0
GOOGL,6434,OneDay,2023-10-03T00:00:00Z,133.809,134.0386,131.6422,132.1315,11871231.0
GOOGL,6434,OneDay,2023-10-04T00:00:00Z,132.8504,135.3567,132.3312,135.0471,12446454.0
GOOGL,6434,OneDay,2023-10-05T00:00:00Z,135.2468,135.2468,133.2498,134.7775,10069000.0
GOOGL,6434,OneDay,2023-10-09T00:00:00Z,136.5049,138.7216,135.3966,138.1724,9469684.0
GOOGL,6434,OneDay,2023-10-10T00:00:00Z,138.3522,139.5004,137.124,137.8929,12786416.0
GOOGL,6434,OneDay,2023-10-12T00:00:00Z,140.449,140.9982,138.0426,138.7715,11591923.0
GOOGL,6434,OneDay,2023-10-13T00:00:00Z,138.9912,139.7201,136.4151,137.0641,10228125.0
GOOGL,6434,OneDay,2023-10-16T00:00:00Z,138.0127,139.4106,137.793,138.9413,9379258.0
GOOGL,6434,OneDay,2023-10-17T00:00:00Z,138.3022,139.6802,136.9742,139.4905,9691974.0
GOOGL,6434,OneDay,2023-10-18T00:00:00Z,139.6302,140.489,137.1639,137.7231,10654541.0
GOOGL,6434,OneDay,2023-10-19T00:00:00Z,138.3821,139.4405,137.1739,137.5633,10144379.0
GOOGL,6434,OneDay,2023-10-20T00:00:00Z,136.7845,137.6532,134.8774,135.3467,10199258.0
GOOGL,6434,OneDay,2023-10-23T00:00:00Z,135.0072,137.4435,133.779,136.3951,12436786.0
GOOGL,6434,OneDay,2023-10-24T00:00:00Z,137.3636,139.131,137.2139,138.6417,16669750.0
GOOGL,6434,OneDay,2023-10-25T00:00:00Z,127.0591,127.6682,124.8824,125.3617,40706053.0
GOOGL,6434,OneDay,2023-10-26T00:00:00Z,122.5259,124.1235,121.0881,121.9967,27965887.0
GOOGL,6434,OneDay,2023-10-30T00:00:00Z,123.1051,125.2019,122.5659,124.2434,12619018.0
GOOGL,6434,OneDay,2023-10-31T00:00:00Z,125.132,125.132,122.486,123.8539,11276990.0
GOOGL,6434,OneDay,2023-11-01T00:00:00Z,123.6443,126.2903,123.5145,126.1705,12518954.0
GOOGL,6434,OneDay,2023-11-02T00:00:00Z,128.6667,128.7466,126.7396,127.2988,11636088.0
GOOGL,6434,OneDay,2023-11-03T00:00:00Z,127.9877,129.3157,127.6682,128.9064,11578955.0
GOOGL,6434,OneDay,2023-11-06T00:00:00Z,129.0461,130.1245,128.467,130.1145,8392933.0
GOOGL,6434,OneDay,2023-11-07T00:00:00Z,130.5439,131.7022,129.6752,130.7935,10248890.0
GOOGL,6434,OneDay,2023-11-08T00:00:00Z,130.8734,132.0017,130.5838,131.6822,11334976.0
GOOGL,6434,OneDay,2023-11-09T00:00:00Z,132.0616,132.3512,129.8749,130.0147,10195242.0
GOOGL,6434,OneDay,2023-11-10T00:00:00Z,129.5654,132.5908,129.2259,132.4011,10366203.0
GOOGL,6434,OneDay,2023-11-13T00:00:00Z,131.8719,132.3811,131.0531,131.8719,8988356.0
GOOGL,6434,OneDay,2023-11-14T00:00:00Z,134.0786,135.4865,133.13,133.2998,14537812.0
GOOGL,6434,OneDay,2023-11-15T00:00:00Z,134.4081,134.5978,133.3696,134.4181,9504180.0
GOOGL,6434,OneDay,2023-11-16T00:00:00Z,135.0172,136.9942,134.1085,136.7645,13288485.0
GOOGL,6434,OneDay,2023-11-17T00:00:00Z,135.4765,135.8459,133.4495,135.0771,16700054.0
GOOGL,6434,OneDay,2023-11-20T00:00:00Z,133.829,136.445,133.7491,136.0157,11114087.0
GOOGL,6434,OneDay,2023-11-21T00:00:00Z,136.1854,136.9642,135.7561,136.7945,10628629.0
GOOGL,6434,OneDay,2023-11-22T00:00:00Z,137.4236,139.1609,137.3437,138.3322,8523439.0
GOOGL,6434,OneDay,2023-11-24T00:00:00Z,137.7231,137.8929,135.806,136.4251,5688277.0
GOOGL,6434,OneDay,2023-11-27T00:00:00Z,136.0057,138.2024,135.9058,136.2254,10233187.0
GOOGL,6434,OneDay,2023-11-28T00:00:00Z,135.9058,137.0242,135.2169,136.9543,8259351.0
GOOGL,6434,OneDay,2023-11-29T00:00:00Z,137.5034,138.0626,134.6477,134.7875,12178284.0
GOOGL,6434,OneDay,2023-11-30T00:00:00Z,134.8075,135.3067,131.0831,132.2613,17202070.0
GOOGL,6434,OneDay,2023-12-05T00:00:00Z,128.7566,131.9318,128.0576,130.7835,13574707.0
GOOGL,6434,OneDay,2023-12-06T00:00:00Z,131.5324,131.6223,129.6752,129.825,10751962.0
GOOGL,6434,OneDay,2023-12-07T00:00:00Z,134.6178,138.3422,134.498,136.7945,29312712.0
GOOGL,6434,OneDay,2023-12-08T00:00:00Z,134.0386,136.1854,133.8489,134.7675,15751011.0
GOOGL,6434,OneDay,2023-12-11T00:00:00Z,131.6822,133.12,131.1929,133.1001,13869323.0
GOOGL,6434,OneDay,2023-12-12T00:00:00Z,131.9318,132.7905,131.0931,132.3013,12819203.0
GOOGL,6434,OneDay,2023-12-13T00:00:00Z,132.9802,133.2898,131.3826,132.3212,13630589.0
GOOGL,6434,OneDay,2023-12-14T00:00:00Z,132.8504,133.4995,129.5055,131.6922,18898159.0
GOOGL,6434,OneDay,2023-12-18T00:00:00Z,132.501,136.9343,132.2813,135.6063,16177007.0
GOOGL,6434,OneDay,2023-12-19T00:00:00Z,136.6947,137.2438,135.9058,136.3651,11632043.0
GOOGL,6434,OneDay,2023-12-20T00:00:00Z,138.3422,141.4375,137.8829,138.2124,25111303.0
GOOGL,6434,OneDay,2023-12-21T00:00:00Z,139.4206,140.469,138.9712,140.2693,14064454.0
GOOGL,6434,OneDay,2023-12-22T00:00:00Z,140.8085,141.7471,140.5189,141.3177,12342853.0
GOOGL,6434,OneDay,2023-12-26T00:00:00Z,141.4974,142.436,140.9782,141.3377,9564651.0
GOOGL,6434,OneDay,2023-12-27T00:00:00Z,141.3876,141.8369,139.6702,140.1594,10106254.0
GOOGL,6434,OneDay,2023-12-28T00:00:00Z,140.4989,140.9083,139.5304,140.0296,8237937.0
GOOGL,6434,OneDay,2023-12-29T00:00:00Z,139.8,140.1395,138.5718,139.5104,7916826.0
GOOGL,6434,OneDay,2024-01-02T00:00:00Z,138.5319,139.2109,136.2753,137.9028,11037258.0
GOOGL,6434,OneDay,2024-01-03T00:00:00Z,137.0242,139.4106,136.9043,138.6817,10593905.0
GOOGL,6434,OneDay,2024-01-04T00:00:00Z,138.1824,138.9413,136.1654,136.1654,11371753.0
GOOGL,6434,OneDay,2024-01-08T00:00:00Z,136.3751,138.7615,136.0556,138.6317,9219551.0
GOOGL,6434,OneDay,2024-01-09T00:00:00Z,138.2024,141.2578,137.9328,140.6887,12561278.0
GOOGL,6434,OneDay,2024-01-10T00:00:00Z,141.1779,142.7755,140.7985,142.0666,10452495.0
GOOGL,6434,OneDay,2024-01-11T00:00:00Z,143.2149,144.9822,140.4191,141.817,13366159.0
GOOGL,6434,OneDay,2024-01-16T00:00:00Z,141.797,144.0836,141.2378,142.2763,9525801.0
GOOGL,6434,OneDay,2024-01-17T00:00:00Z,141.3976,141.5773,138.6817,141.2478,10287883.0
GOOGL,6434,OneDay,2024-01-18T00:00:00Z,142.3462,143.9837,141.777,143.1849,12641366.0
GOOGL,6434,OneDay,2024-01-19T00:00:00Z,144.2533,146.2104,144.1934,146.1205,14250472.0
GOOGL,6434,OneDay,2024-01-22T00:00:00Z,147.3486,148.1474,145.6312,145.6612,14477552.0
GOOGL,6434,OneDay,2024-01-23T00:00:00Z,145.4215,146.9592,145.3317,146.7995,10105409.0
GOOGL,6434,OneDay,2024-01-24T00:00:00Z,148.427,149.6152,147.8779,148.467,11367485.0
GOOGL,6434,OneDay,2024-01-25T00:00:00Z,149.4954,152.8005,149.3656,151.6821,14734203.0
GOOGL,6434,OneDay,2024-01-26T00:00:00Z,151.3826,152.3012,151.0331,152.0116,10627635.0
GOOGL,6434,OneDay,2024-01-29T00:00:00Z,151.7321,153.5393,151.1929,153.2997,11578074.0
GOOGL,6434,OneDay,2024-01-30T00:00:00Z,152.451,153.3696,150.9632,151.1529,15315892.0
GOOGL,6434,OneDay,2024-01-31T00:00:00Z,142.8854,143.6342,139.6602,139.8998,38243493.0
GOOGL,6434,OneDay,2024-02-01T00:00:00Z,141.9867,142.8354,140.5788,140.9383,18700088.0
GOOGL,6434,OneDay,2024-02-02T00:00:00Z,139.2109,142.2763,136.3552,142.1764,33625130.0
GOOGL,6434,OneDay,2024-02-05T00:00:00Z,142.7256,145.2418,142.7256,143.4146,20016840.0
GOOGL,6434,OneDay,2024-02-06T00:00:00Z,144.9423,145.102,142.9752,143.9438,14129052.0
GOOGL,6434,OneDay,2024-02-07T00:00:00Z,144.6827,145.3916,143.7041,145.3017,12232503.0
GOOGL,6434,OneDay,2024-02-08T00:00:00Z,145.6612,146.0905,144.8923,145.7211,10470870.0
GOOGL,6434,OneDay,2024-02-09T00:00:00Z,146.5099,149.2059,145.9607,148.7366,13524977.0
GOOGL,6434,OneDay,2024-02-12T00:00:00Z,148.3571,149.106,147.1789,147.3786,9548447.0
GOOGL,6434,OneDay,2024-02-13T00:00:00Z,144.6028,146.45,143.4745,144.9123,13366830.0
GOOGL,6434,OneDay,2024-02-14T00:00:00Z,146.0306,146.2902,143.8839,145.771,10821549.0
GOOGL,6434,OneDay,2024-02-15T00:00:00Z,143.0351,143.2947,140.2393,142.5758,21866848.0
GOOGL,6434,OneDay,2024-02-16T00:00:00Z,142.8754,142.9552,139.9298,140.2393,15489712.0
GOOGL,6434,OneDay,2024-02-20T00:00:00Z,139.5504,141.8569,139.5504,140.9383,11659944.0
GOOGL,6434,OneDay,2024-02-21T00:00:00Z,141.0881,142.466,140.459,142.3062,11021608.0
GOOGL,6434,OneDay,2024-02-22T00:00:00Z,143.9937,144.4031,142.5858,143.784,13216940.0
GOOGL,6434,OneDay,2024-02-23T00:00:00Z,143.7341,144.443,143.2149,143.8639,9246551.0
GOOGL,6434,OneDay,2024-02-26T00:00:00Z,141.9168,142.1564,137.1839,137.3037,29552678.0
GOOGL,6434,OneDay,2024-02-27T00:00:00Z,137.7031,139.0311,136.8844,138.7116,18185301.0
GOOGL,6434,OneDay,2024-02-28T00:00:00Z,137.7331,137.7331,135.2069,136.0556,19599284.0
GOOGL,6434,OneDay,2024-02-29T00:00:00Z,137.134,138.6417,136.1954,138.1824,16603435.0
GOOGL,6434,OneDay,2024-03-01T00:00:00Z,138.1525,138.492,136.7146,136.9343,16020781.0
GOOGL,6434,OneDay,2024-03-04T00:00:00Z,135.3666,135.3666,131.7022,133.14,31194788.0
GOOGL,6434,OneDay,2024-03-05T00:00:00Z,131.782,133.0302,130.474,132.461,20700458.0
GOOGL,6434,OneDay,2024-03-06T00:00:00Z,133.15,133.3597,130.6537,131.2229,18182111.0
GOOGL,6434,OneDay,2024-03-07T00:00:00Z,132.3512,134.7276,131.4126,134.2883,20285643.0
GOOGL,6434,OneDay,2024-03-08T00:00:00Z,133.799,137.8629,133.799,135.2668,21026652.0
GOOGL,6434,OneDay,2024-03-11T00:00:00Z,136.5748,138.8714,136.3851,137.4835,17600878.0
GOOGL,6434,OneDay,2024-03-12T00:00:00Z,137.2738,139.1609,137.154,138.2723,12766093.0
GOOGL,6434,OneDay,2024-03-13T00:00:00Z,139.1909,140.8584,138.8215,139.6103,11092920.0
GOOGL,6434,OneDay,2024-03-14T00:00:00Z,141.148,143.3546,140.2493,142.9552,20634364.0
GOOGL,6434,OneDay,2024-03-15T00:00:00Z,142.4959,142.9253,139.81,141.0182,15293525.0
GOOGL,6434,OneDay,2024-03-18T00:00:00Z,149.0261,151.8918,146.9592,147.4685,35288824.0
GOOGL,6434,OneDay,2024-03-19T00:00:00Z,148.2573,148.5269,145.8609,146.7196,11301649.0
GOOGL,6434,OneDay,2024-03-20T00:00:00Z,148.2673,148.6167,146.5099,148.417,9742658.0
GOOGL,6434,OneDay,2024-03-21T00:00:00Z,149.5953,150.1145,146.6797,147.4884,12243336.0
GOOGL,6434,OneDay,2024-03-22T00:00:00Z,148.8564,151.3426,148.7765,150.6137,14172421.0
GOOGL,6434,OneDay,2024-03-25T00:00:00Z,149.4555,150.1345,147.5983,149.8349,8880290.0
GOOGL,6434,OneDay,2024-03-26T00:00:00Z,150.0746,152.0216,149.755,150.5039,9781902.0
GOOGL,6434,OneDay,2024-03-27T00:00:00Z,150.8734,151.3926,148.6866,150.6537,11121894.0
GOOGL,6434,OneDay,2024-03-28T00:00:00Z,150.8434,151.1829,149.9447,150.6437,8831022.0
GOOGL,6434,OneDay,2024-04-01T00:00:00Z,150.5638,155.4365,150.5139,155.2268,16673164.0
GOOGL,6434,OneDay,2024-04-02T00:00:00Z,153.0201,154.458,151.9218,154.408,11375577.0
GOOGL,6434,OneDay,2024-04-03T00:00:00Z,153.5294,154.8174,152.5009,154.8174,11539099.0
GOOGL,6434,OneDay,2024-04-04T00:00:00Z,153.2398,154.5378,150.2443,150.2842,16423705.0
GOOGL,6434,OneDay,2024-04-05T00:00:00Z,149.8149,153.1899,149.3856,152.3012,12320483.0
GOOGL,6434,OneDay,2024-04-08T00:00:00Z,152.4909,155.0271,152.3911,154.6377,9767370.0
GOOGL,6434,OneDay,2024-04-09T00:00:00Z,156.0556,158.3022,154.9672,156.3651,17824233.0
GOOGL,6434,OneDay,2024-04-10T00:00:00Z,155.8559,156.2952,154.458,155.9957,11072911.0
GOOGL,6434,OneDay,2024-04-11T00:00:00Z,156.6247,159.3606,156.2253,159.1409,13838038.0
GOOGL,6434,OneDay,2024-04-12T00:00:00Z,157.9527,159.9597,156.9043,157.5034,12194886.0
GOOGL,6434,OneDay,2024-04-15T00:00:00Z,158.1924,158.9912,154.3481,154.5678,12182778.0
GOOGL,6434,OneDay,2024-04-16T00:00:00Z,153.789,155.4065,153.2198,154.2183,10142789.0
GOOGL,6434,OneDay,2024-04-17T00:00:00Z,155.3167,156.8344,154.3481,155.2568,10592674.0
GOOGL,6434,OneDay,2024-04-18T00:00:00Z,155.1469,156.6846,154.3781,155.796,9704629.0
GOOGL,6434,OneDay,2024-04-19T00:00:00Z,155.4065,155.796,152.0815,153.769,13406651.0
GOOGL,6434,OneDay,2024-04-22T00:00:00Z,154.4779,157.4035,153.8189,156.0356,11560770.0
GOOGL,6434,OneDay,2024-04-23T00:00:00Z,156.4749,158.6517,156.0456,158.0825,9802189.0
GOOGL,6434,OneDay,2024-04-24T00:00:00Z,157.084,159.3107,157.0041,158.9712,10949894.0
GOOGL,6434,OneDay,2024-04-26T00:00:00Z,174.0386,174.0386,169.4854,171.722,36752202.0
GOOGL,6434,OneDay,2024-04-29T00:00:00Z,168.437,169.2358,164.9622,165.771,20979236.0
GOOGL,6434,OneDay,2024-04-30T00:00:00Z,165.761,167.7979,162.3561,162.5558,15841796.0
GOOGL,6434,OneDay,2024-05-01T00:00:00Z,163.6142,166.8394,162.8454,163.6142,16522626.0
GOOGL,6434,OneDay,2024-05-02T00:00:00Z,164.8024,166.45,163.6342,166.45,11393377.0
GOOGL,6434,OneDay,2024-05-03T00:00:00Z,167.5283,167.5283,162.8054,166.9792,18066705.0
GOOGL,6434,OneDay,2024-05-06T00:00:00Z,167.059,167.8578,165.8109,167.8578,10717141.0
GOOGL,6434,OneDay,2024-05-07T00:00:00Z,168.2373,171.4924,168.2373,171.053,14576263.0
GOOGL,6434,OneDay,2024-05-08T00:00:00Z,168.6966,169.8848,168.4969,169.1159,7887835.0
GOOGL,6434,OneDay,2024-05-09T00:00:00Z,169.4654,170.3341,167.9277,169.715,7692032.0
GOOGL,6434,OneDay,2024-05-13T00:00:00Z,164.5828,168.9762,163.9936,168.9362,15492529.0
GOOGL,6434,OneDay,2024-05-14T00:00:00Z,169.1359,170.9332,168.5468,170.0246,13253357.0
GOOGL,6434,OneDay,2024-05-15T00:00:00Z,170.6736,172.381,170.2542,172.2413,12371319.0
GOOGL,6434,OneDay,2024-05-16T00:00:00Z,173.0101,174.8473,172.431,173.8788,12006189.0
GOOGL,6434,OneDay,2024-05-20T00:00:00Z,175.9756,178.4819,175.8558,176.6247,9944437.0
GOOGL,6434,OneDay,2024-05-21T00:00:00Z,176.435,177.8728,175.5363,177.6132,7878242.0
GOOGL,6434,OneDay,2024-05-22T00:00:00Z,176.4549,176.8443,174.9372,176.0655,8906980.0
GOOGL,6434,OneDay,2024-05-23T00:00:00Z,177.7729,177.9327,172.7305,173.3396,9530565.0
GOOGL,6434,OneDay,2024-05-28T00:00:00Z,174.6476,176.9442,174.5278,176.0455,10455848.0
GOOGL,6434,OneDay,2024-05-29T00:00:00Z,175.0371,176.5648,174.4679,175.5563,8212452.0
GOOGL,6434,OneDay,2024-05-30T00:00:00Z,174.8673,174.8673,171.5323,171.9617,9881817.0
GOOGL,6434,OneDay,2024-05-31T00:00:00Z,171.9417,172.7405,169.1759,172.2413,11500074.0
GOOGL,6434,OneDay,2024-06-03T00:00:00Z,172.7904,174.2383,170.9033,172.9003,9130457.0
GOOGL,6434,OneDay,2024-06-04T00:00:00Z,172.8304,173.5693,171.6222,173.5093,7108000.0
GOOGL,6434,OneDay,2024-06-05T00:00:00Z,174.8873,176.375,173.6791,175.0071,10640476.0
GOOGL,6434,OneDay,2024-06-06T00:00:00Z,175.9357,176.8743,175.4864,176.375,8772337.0
GOOGL,6434,OneDay,2024-06-07T00:00:00Z,176.5248,177.5732,174.0386,174.1184,8794049.0
GOOGL,6434,OneDay,2024-06-10T00:00:00Z,174.7675,176.7345,172.5009,174.7475,10637146.0
GOOGL,6434,OneDay,2024-06-11T00:00:00Z,175.9557,176.5348,173.5093,176.435,8810729.0
GOOGL,6434,OneDay,2024-06-12T00:00:00Z,177.9726,180.1194,175.8359,177.4934,14934656.0
GOOGL,6434,OneDay,2024-06-13T00:00:00Z,175.7959,176.4549,174.6776,174.7974,12535067.0
GOOGL,6434,OneDay,2024-06-14T00:00:00Z,174.1684,176.7844,173.9687,176.5148,8793979.0
GOOGL,6434,OneDay,2024-06-17T00:00:00Z,175.1469,178.0825,174.5678,176.9642,8387265.0
GOOGL,6434,OneDay,2024-06-18T00:00:00Z,176.7744,177.0341,173.8389,174.7874,14929407.0
GOOGL,6434,OneDay,2024-06-20T00:00:00Z,175.097,176.9841,174.7275,176.0256,9027940.0
GOOGL,6434,OneDay,2024-06-21T00:00:00Z,176.5548,180.5588,176.4649,179.1109,17644662.0
GOOGL,6434,OneDay,2024-06-24T00:00:00Z,179.8598,180.5388,178.402,179.081,9477881.0
GOOGL,6434,OneDay,2024-06-25T00:00:00Z,179.71,183.9636,179.5003,183.9636,11119706.0
GOOGL,6434,OneDay,2024-06-26T00:00:00Z,182.6257,184.2133,182.2063,183.6142,9086182.0
GOOGL,6434,OneDay,2024-06-27T00:00:00Z,184.373,185.751,184.0835,185.0121,9206421.0
GOOGL,6434,OneDay,2024-06-28T00:00:00Z,184.2233,184.8423,181.6871,181.8169,11965976.0
GOOGL,6434,OneDay,2024-07-01T00:00:00Z,182.8952,183.5842,181.038,182.7355,7833719.0
GOOGL,6434,OneDay,2024-07-02T00:00:00Z,181.9866,185.2817,181.2877,184.9222,7114161.0
GOOGL,6434,OneDay,2024-07-03T00:00:00Z,184.2632,185.7809,183.734,185.5113,4660209.0
GOOGL,6434,OneDay,2024-07-05T00:00:00Z,185.691,190.5537,185.691,190.2642,10686374.0
GOOGL,6434,OneDay,2024-07-08T00:00:00Z,189.1359,189.8847,187.4983,188.6466,9369566.0
GOOGL,6434,OneDay,2024-07-09T00:00:00Z,190.374,191.0031,188.4369,188.6965,8069663.0
GOOGL,6434,OneDay,2024-07-10T00:00:00Z,189.026,191.4524,189.026,190.9731,7309403.0
GOOGL,6434,OneDay,2024-07-11T00:00:00Z,189.4254,190.5338,184.8224,185.2916,12428770.0
GOOGL,6434,OneDay,2024-07-12T00:00:00Z,184.7425,186.8194,184.2133,184.5028,11423829.0
GOOGL,6434,OneDay,2024-07-15T00:00:00Z,185.1718,187.9477,184.9422,186.0605,7780191.0
GOOGL,6434,OneDay,2024-07-16T00:00:00Z,187.1389,188.377,183.0949,183.5243,9234845.0
GOOGL,6434,OneDay,2024-07-17T00:00:00Z,182.8653,183.1648,179.6501,180.7684,10004485.0
GOOGL,6434,OneDay,2024-07-18T00:00:00Z,181.8468,182.1564,176.1953,177.4634,13803442.0
GOOGL,6434,OneDay,2024-07-19T00:00:00Z,178.3021,179.9996,176.8843,177.4934,8478466.0
GOOGL,6434,OneDay,2024-07-22T00:00:00Z,180.2293,182.416,179.9597,181.4774,11658078.0
GOOGL,6434,OneDay,2024-07-23T00:00:00Z,181.9267,183.3246,181.2677,181.5173,19170745.0
GOOGL,6434,OneDay,2024-07-24T00:00:00Z,173.1998,175.9157,171.5822,172.4509,27294389.0
GOOGL,6434,OneDay,2024-07-25T00:00:00Z,172.8104,173.1299,167.0391,167.0391,24922607.0
GOOGL,6434,OneDay,2024-07-26T00:00:00Z,166.1404,167.8179,163.8339,166.7195,22666279.0
GOOGL,6434,OneDay,2024-07-29T00:00:00Z,168.7665,170.1644,167.748,169.3456,9741857.0
GOOGL,6434,OneDay,2024-07-30T00:00:00Z,170.1244,170.9632,168.1774,170.0246,8779262.0
GOOGL,6434,OneDay,2024-07-31T00:00:00Z,172.9702,173.9287,169.755,171.4325,10815326.0
GOOGL,6434,OneDay,2024-08-01T00:00:00Z,170.3141,173.769,168.6167,170.414,11931879.0
GOOGL,6434,OneDay,2024-08-02T00:00:00Z,166.2503,168.2572,164.413,166.3601,15023813.0
GOOGL,6434,OneDay,2024-08-05T00:00:00Z,156.9942,164.1734,155.3167,158.8813,27344732.0
GOOGL,6434,OneDay,2024-08-06T00:00:00Z,158.9712,160.3192,156.1854,158.1824,21507235.0
GOOGL,6434,OneDay,2024-08-07T00:00:00Z,161.4874,162.7156,158.2323,158.5518,12699790.0
GOOGL,6434,OneDay,2024-08-08T00:00:00Z,160.7585,163.4245,159.9697,161.9867,11401834.0
GOOGL,6434,OneDay,2024-08-09T00:00:00Z,159.8798,163.5144,158.8314,163.4644,15852348.0
GOOGL,6434,OneDay,2024-08-12T00:00:00Z,164.443,164.6327,161.5972,162.0066,8063028.0
GOOGL,6434,OneDay,2024-08-13T00:00:00Z,163.2048,164.4629,162.7156,163.9337,8900534.0
GOOGL,6434,OneDay,2024-08-14T00:00:00Z,162.1165,162.9352,157.4635,160.1195,22401663.0
GOOGL,6434,OneDay,2024-08-15T00:00:00Z,160.1694,161.3876,159.4005,161.0281,15273875.0
GOOGL,6434,OneDay,2024-08-16T00:00:00Z,161.2877,164.7825,160.8983,162.7355,13126038.0
GOOGL,6434,OneDay,2024-08-19T00:00:00Z,165.0021,166.41,164.0436,166.4,10427490.0
GOOGL,6434,OneDay,2024-08-20T00:00:00Z,166.8494,168.3671,166.6796,166.8593,8789565.0
GOOGL,6434,OneDay,2024-08-21T00:00:00Z,164.7026,166.5897,164.433,165.6112,9318692.0
GOOGL,6434,OneDay,2024-08-22T00:00:00Z,167.2587,167.2587,163.075,163.4644,9795330.0
GOOGL,6434,OneDay,2024-08-23T00:00:00Z,164.8024,165.9207,163.6042,165.3316,6797926.0
GOOGL,6434,OneDay,2024-08-26T00:00:00Z,166.5897,167.2787,164.2033,165.9108,6273883.0
GOOGL,6434,OneDay,2024-08-27T00:00:00Z,165.9607,166.1903,164.2133,164.403,6066934.0
GOOGL,6434,OneDay,2024-08-28T00:00:00Z,165.1219,165.3216,161.2777,162.5858,8589585.0
GOOGL,6434,OneDay,2024-08-29T00:00:00Z,164.0835,165.6911,160.0096,161.6671,10517389.0
GOOGL,6434,OneDay,2024-08-30T00:00:00Z,162.6557,163.3346,161.4475,163.1549,8077628.0
GOOGL,6434,OneDay,2024-09-03T00:00:00Z,161.3077,161.3975,156.2453,157.1339,14239687.0
GOOGL,6434,OneDay,2024-09-04T00:00:00Z,156.7445,158.7216,155.756,156.3751,9911415.0
GOOGL,6434,OneDay,2024-09-05T00:00:00Z,155.9158,159.1809,155.9158,156.7945,8738484.0
GOOGL,6434,OneDay,2024-09-06T00:00:00Z,157.2238,157.5833,150.3841,150.6936,16177471.0
GOOGL,6434,OneDay,2024-09-09T00:00:00Z,152.1015,153.1599,146.9992,148.4869,20077868.0
GOOGL,6434,OneDay,2024-09-10T00:00:00Z,150.2942,150.9932,148.1075,148.5668,13786244.0
GOOGL,6434,OneDay,2024-09-11T00:00:00Z,149.6352,151.2428,147.2987,151.1929,15102824.0
GOOGL,6434,OneDay,2024-09-12T00:00:00Z,153.8289,154.5678,152.421,154.438,14375399.0
GOOGL,6434,OneDay,2024-09-13T00:00:00Z,155.4665,158.1225,154.9772,157.2038,13680807.0
GOOGL,6434,OneDay,2024-09-16T00:00:00Z,157.2737,157.9927,156.3551,157.8129,8940971.0
GOOGL,6434,OneDay,2024-09-17T00:00:00Z,158.3821,160.2992,158.1225,159.091,10207576.0
GOOGL,6434,OneDay,2024-09-18T00:00:00Z,159.4205,160.2493,158.3621,159.5204,11682136.0
GOOGL,6434,OneDay,2024-09-19T00:00:00Z,162.9752,163.105,161.088,161.9567,11484701.0
GOOGL,6434,OneDay,2024-09-20T00:00:00Z,163.2348,163.4345,161.8169,163.3846,11429356.0
GOOGL,6434,OneDay,2024-09-23T00:00:00Z,164.7425,165.2018,161.4375,161.6072,10542369.0
GOOGL,6434,OneDay,2024-09-24T00:00:00Z,162.6057,162.9552,160.459,162.0266,9222773.0
GOOGL,6434,OneDay,2024-09-25T00:00:00Z,161.3376,162.5458,161.0581,161.1978,9909883.0
GOOGL,6434,OneDay,2024-09-26T00:00:00Z,163.734,163.754,162.0366,162.5558,9766366.0
GOOGL,6434,OneDay,2024-09-27T00:00:00Z,162.5858,165.4415,162.3761,163.6142,9482554.0
GOOGL,6434,OneDay,2024-09-30T00:00:00Z,163.1749,165.8009,163.1749,165.761,7338612.0
GOOGL,6434,OneDay,2024-10-01T00:00:00Z,167.4884,168.8164,164.3631,166.7695,14234997.0
GOOGL,6434,OneDay,2024-10-02T00:00:00Z,166.1903,167.2088,164.4829,165.5713,9718423.0
GOOGL,6434,OneDay,2024-10-03T00:00:00Z,164.1834,166.3801,163.6841,165.6212,8007086.0
GOOGL,6434,OneDay,2024-10-04T00:00:00Z,167.6981,167.8778,165.2318,166.8394,8413039.0
GOOGL,6434,OneDay,2024-10-07T00:00:00Z,167.4784,168.1774,162.5059,162.6257,10434124.0
GOOGL,6434,OneDay,2024-10-08T00:00:00Z,163.6142,164.4729,162.6157,164.1135,9824282.0
GOOGL,6434,OneDay,2024-10-09T00:00:00Z,163.2048,164.5628,159.5004,161.6771,17592449.0
GOOGL,6434,OneDay,2024-10-10T00:00:00Z,160.5688,162.8154,160.1394,161.727,7646661.0
GOOGL,6434,OneDay,2024-10-14T00:00:00Z,163.3146,165.9706,163.3146,164.7225,8120965.0
GOOGL,6434,OneDay,2024-10-15T00:00:00Z,165.691,167.4085,164.383,165.1019,10331761.0
GOOGL,6434,OneDay,2024-10-16T00:00:00Z,164.2033,165.5413,163.4943,164.9222,7545074.0
GOOGL,6434,OneDay,2024-10-17T00:00:00Z,165.701,166.0305,162.5158,162.7055,16221853.0
GOOGL,6434,OneDay,2024-10-21T00:00:00Z,162.8653,164.2332,162.376,163.8538,6863551.0
GOOGL,6434,OneDay,2024-10-22T00:00:00Z,162.7654,165.5113,162.7654,165.0021,7629173.0
GOOGL,6434,OneDay,2024-10-23T00:00:00Z,164.8523,165.5313,161.6771,162.5258,8478516.0
GOOGL,6434,OneDay,2024-10-24T00:00:00Z,162.4958,163.075,160.7684,162.4559,11130732.0
GOOGL,6434,OneDay,2024-10-28T00:00:00Z,168.0275,168.407,163.734,166.4299,15865107.0
GOOGL,6434,OneDay,2024-10-29T00:00:00Z,167.5483,170.1144,166.8493,169.1758,16473793.0
GOOGL,6434,OneDay,2024-10-30T00:00:00Z,180.9381,181.697,173.8088,174.1583,39267442.0
GOOGL,6434,OneDay,2024-10-31T00:00:00Z,173.7789,176.5048,170.8932,170.9931,21764405.0
GOOGL,6434,OneDay,2024-11-01T00:00:00Z,169.5752,172.0615,168.6266,171.043,15440709.0
GOOGL,6434,OneDay,2024-11-04T00:00:00Z,170.3141,170.3241,167.7579,169.036,10175287.0
GOOGL,6434,OneDay,2024-11-05T00:00:00Z,169.4354,170.2642,168.5867,169.4853,8952112.0
GOOGL,6434,OneDay,2024-11-06T00:00:00Z,174.2781,176.6046,173.7789,176.1953,14829875.0
GOOGL,6434,OneDay,2024-11-07T00:00:00Z,177.4234,180.7983,176.9242,180.5188,13070396.0
GOOGL,6434,OneDay,2024-11-08T00:00:00Z,180.349,180.4888,177.8128,178.0225,10001510.0
GOOGL,6434,OneDay,2024-11-11T00:00:00Z,178.362,180.2691,178.2522,180.1493,8131653.0
GOOGL,6434,OneDay,2024-11-12T00:00:00Z,179.3106,182.2062,179.1408,181.3475,10043592.0
GOOGL,6434,OneDay,2024-11-13T00:00:00Z,180.3291,180.339,178.3021,178.6915,8975995.0
GOOGL,6434,OneDay,2024-11-14T00:00:00Z,178.0625,178.4818,174.0685,175.4264,13145232.0
GOOGL,6434,OneDay,2024-11-15T00:00:00Z,173.4793,173.8388,170.9631,172.3211,11883904.0
GOOGL,6434,OneDay,2024-11-18T00:00:00Z,173.2996,175.1668,172.6406,174.9971,8224901.0
GOOGL,6434,OneDay,2024-11-19T00:00:00Z,173.8488,178.5917,173.6691,177.8628,11066312.0
GOOGL,6434,OneDay,2024-11-21T00:00:00Z,173.709,173.709,163.4544,167.3885,35522809.0
GOOGL,6434,OneDay,2024-11-22T00:00:00Z,165.1319,166.1903,163.6841,164.4928,18862057.0
GOOGL,6434,OneDay,2024-11-25T00:00:00Z,165.4314,168.357,165.3715,167.3885,12281258.0
GOOGL,6434,OneDay,2024-11-26T00:00:00Z,167.8578,169.5552,167.4384,168.9062,10149609.0
GOOGL,6434,OneDay,2024-11-27T00:00:00Z,168.7764,169.2157,167.7679,168.9761,6914928.0
GOOGL,6434,OneDay,2024-12-02T00:00:00Z,168.6566,171.8118,168.357,171.1429,9531038.0
GOOGL,6434,OneDay,2024-12-03T00:00:00Z,171.1229,172.361,170.5937,171.053,8334289.0
GOOGL,6434,OneDay,2024-12-04T00:00:00Z,170.9432,174.6176,170.9432,174.0984,11679732.0
GOOGL,6434,OneDay,2024-12-05T00:00:00Z,175.3965,175.7459,172.0715,172.381,10316386.0
GOOGL,6434,OneDay,2024-12-06T00:00:00Z,171.702,174.8173,171.6022,174.4479,9655949.0
GOOGL,6434,OneDay,2024-12-09T00:00:00Z,173.9786,175.9956,173.3995,175.1369,11876417.0
GOOGL,6434,OneDay,2024-12-10T00:00:00Z,181.9067,186.0205,180.8283,184.8922,30712797.0
GOOGL,6434,OneDay,2024-12-11T00:00:00Z,185.032,195.2267,184.6026,195.2267,35692586.0
GOOGL,6434,OneDay,2024-12-12T00:00:00Z,193.9686,194.8672,191.4623,191.672,15790377.0
GOOGL,6434,OneDay,2024-12-13T00:00:00Z,191.0629,192.4109,189.3655,189.4653,11680460.0
GOOGL,6434,OneDay,2024-12-16T00:00:00Z,193.2596,198.6815,192.5307,196.2252,19460369.0
GOOGL,6434,OneDay,2024-12-17T00:00:00Z,196.8343,201.0579,194.8073,195.1069,19452770.0
GOOGL,6434,OneDay,2024-12-18T00:00:00Z,195.7758,196.6545,187.4583,187.9975,15649074.0
GOOGL,6434,OneDay,2024-12-19T00:00:00Z,191.1428,192.6805,188.1074,188.1174,14122887.0
GOOGL,6434,OneDay,2024-12-20T00:00:00Z,185.4813,192.5906,184.9222,191.2427,21408515.0
GOOGL,6434,OneDay,2024-12-24T00:00:00Z,194.5177,195.7159,193.4893,195.7159,4949630.0
GOOGL,6434,OneDay,2024-12-26T00:00:00Z,194.8772,196.4149,194.0584,195.2367,6543438.0
GOOGL,6434,OneDay,2024-12-27T00:00:00Z,194.7773,194.7773,190.364,192.361,9607392.0
GOOGL,6434,OneDay,2024-12-30T00:00:00Z,188.8363,192.2412,188.8363,190.9431,7239630.0
GOOGL,6434,OneDay,2024-12-31T00:00:00Z,190.7634,191.652,188.2472,189.0759,8428546.0
GOOGL,6434,OneDay,2025-01-02T00:00:00Z,190.3141,191.682,187.2087,188.8762,10927793.0
GOOGL,6434,OneDay,2025-01-03T00:00:00Z,191.013,192.8902,189.7349,191.6121,9482324.0
GOOGL,6434,OneDay,2025-01-06T00:00:00Z,194.0984,197.8727,194.0984,196.6146,14088692.0
GOOGL,6434,OneDay,2025-01-07T00:00:00Z,197.1039,200.6685,194.3081,195.2466,14120303.0
GOOGL,6434,OneDay,2025-01-08T00:00:00Z,192.7105,195.9855,192.0914,193.669,12933314.0
GOOGL,6434,OneDay,2025-01-10T00:00:00Z,193.9785,196.1752,190.0145,191.7519,13849529.0
GOOGL,6434,OneDay,2025-01-13T00:00:00Z,190.1842,190.8832,187.0989,190.6436,10414913.0
GOOGL,6434,OneDay,2025-01-14T00:00:00Z,191.2427,191.672,188.0275,189.2956,8215903.0
GOOGL,6434,OneDay,2025-01-15T00:00:00Z,192.7404,196.0454,191.5921,195.3265,9796397.0
GOOGL,6434,OneDay,2025-01-16T00:00:00Z,194.1782,195.1767,192.5507,192.5507,8317092.0
GOOGL,6434,OneDay,2025-01-17T00:00:00Z,195.8857,196.9241,193.4793,195.656,11240395.0
GOOGL,6434,OneDay,2025-01-21T00:00:00Z,199.021,201.8967,197.5632,197.693,14121163.0
GOOGL,6434,OneDay,2025-01-22T00:00:00Z,198.9211,200.1593,197.2337,198.0225,11726736.0
GOOGL,6434,OneDay,2025-01-23T00:00:00Z,198.0924,199.9795,194.9171,197.6131,12725671.0
GOOGL,6434,OneDay,2025-01-24T00:00:00Z,198.3719,200.5886,198.0225,199.8797,12798062.0
GOOGL,6434,OneDay,2025-01-27T00:00:00Z,192.331,196.5547,190.4439,191.3325,19867989.0
GOOGL,6434,OneDay,2025-01-28T00:00:00Z,191.7918,195.1767,190.3839,195.0569,11905127.0
GOOGL,6434,OneDay,2025-01-29T00:00:00Z,195.2766,196.4648,193.1298,195.0669,8972097.0
GOOGL,6434,OneDay,2025-01-30T00:00:00Z,198.5916,201.0679,197.3635,200.6885,12957895.0
GOOGL,6434,OneDay,2025-01-31T00:00:00Z,201.7369,205.1518,201.677,203.8337,15794416.0
GOOGL,6434,OneDay,2025-02-03T00:00:00Z,200.6885,203.4144,200.0295,200.8482,13011020.0
GOOGL,6434,OneDay,2025-02-04T00:00:00Z,202.8153,206.6595,202.5057,206.0005,19173626.0
GOOGL,6434,OneDay,2025-02-05T00:00:00Z,190.0245,192.3909,187.7579,191.1528,41468089.0
GOOGL,6434,OneDay,2025-02-06T00:00:00Z,189.675,191.8018,188.4568,191.2826,14906287.0
GOOGL,6434,OneDay,2025-02-07T00:00:00Z,190.4538,190.8532,182.9651,185.0619,26663524.0
GOOGL,6434,OneDay,2025-02-10T00:00:00Z,186.7294,187.8877,185.6011,186.1803,11094788.0
GOOGL,6434,OneDay,2025-02-11T00:00:00Z,184.7225,186.6396,184.0135,185.002,9767738.0
GOOGL,6434,OneDay,2025-02-12T00:00:00Z,182.5857,184.8123,181.5872,183.3645,10444029.0
GOOGL,6434,OneDay,2025-02-13T00:00:00Z,183.5143,185.9806,182.8353,185.8707,10385364.0
GOOGL,6434,OneDay,2025-02-14T00:00:00Z,184.8123,186.0804,184.0335,184.9222,11358675.0
GOOGL,6434,OneDay,2025-02-18T00:00:00Z,185.6511,185.6511,181.5173,183.4643,16656009.0
GOOGL,6434,OneDay,2025-02-19T00:00:00Z,183.9436,185.1618,183.2846,185.022,11025776.0
GOOGL,6434,OneDay,2025-02-20T00:00:00Z,184.5028,184.992,182.4359,184.2232,11644534.0
GOOGL,6434,OneDay,2025-02-21T00:00:00Z,184.7125,184.9321,178.8213,179.3605,17322259.0
GOOGL,6434,OneDay,2025-02-24T00:00:00Z,181.3375,182.8053,178.6216,178.9711,13898937.0
GOOGL,6434,OneDay,2025-02-25T00:00:00Z,177.6331,178.4219,174.4279,175.1369,22435234.0
GOOGL,6434,OneDay,2025-02-26T00:00:00Z,174.1883,175.8058,171.3226,172.4609,18066025.0
GOOGL,6434,OneDay,2025-02-27T00:00:00Z,173.5393,174.2382,167.688,168.1873,18418006.0
GOOGL,6434,OneDay,2025-02-28T00:00:00Z,167.7979,170.0545,166.5398,170.0545,16154901.0
GOOGL,6434,OneDay,2025-03-03T00:00:00Z,171.5423,173.07,165.6811,166.6995,17635721.0
GOOGL,6434,OneDay,2025-03-04T00:00:00Z,166.2103,173.02,165.8508,170.6636,24825489.0
GOOGL,6434,OneDay,2025-03-05T00:00:00Z,170.2442,173.4893,168.8163,172.7405,15455864.0
GOOGL,6434,OneDay,2025-03-06T00:00:00Z,170.384,174.5278,170.2941,172.0415,15599273.0
GOOGL,6434,OneDay,2025-03-07T00:00:00Z,170.8832,174.6775,170.0145,173.6191,14942198.0
GOOGL,6434,OneDay,2025-03-10T00:00:00Z,167.5483,168.1873,163.4344,165.4714,23008004.0
GOOGL,6434,OneDay,2025-03-11T00:00:00Z,164.9821,166.4499,161.1479,163.754,17448483.0
GOOGL,6434,OneDay,2025-03-12T00:00:00Z,165.9606,167.3785,163.2847,166.9991,14702599.0
GOOGL,6434,OneDay,2025-03-13T00:00:00Z,165.1119,165.741,161.8568,162.5058,13870289.0
GOOGL,6434,OneDay,2025-03-14T00:00:00Z,163.0151,165.6311,162.1963,165.4614,15368385.0
GOOGL,6434,OneDay,2025-03-17T00:00:00Z,165.1419,166.0106,163.4244,163.9936,14291280.0
GOOGL,6434,OneDay,2025-03-18T00:00:00Z,163.1948,163.9437,156.5048,160.3591,21505965.0
GOOGL,6434,OneDay,2025-03-19T00:00:00Z,161.3775,165.6012,160.7585,163.6042,15824536.0
GOOGL,6434,OneDay,2025-03-20T00:00:00Z,161.2777,164.6226,160.7185,162.4759,13280526.0
GOOGL,6434,OneDay,2025-03-21T00:00:00Z,160.7185,163.9337,160.6786,163.8039,16438129.0
GOOGL,6434,OneDay,2025-03-24T00:00:00Z,166.39,167.6281,164.8922,167.3486,14009655.0
GOOGL,6434,OneDay,2025-03-25T00:00:00Z,168.4269,170.354,168.0974,170.354,12168796.0
GOOGL,6434,OneDay,2025-03-26T00:00:00Z,168.5268,169.2757,164.5827,164.7724,14811665.0
GOOGL,6434,OneDay,2025-03-27T00:00:00Z,164.6526,165.1219,161.7669,161.9866,13241673.0
GOOGL,6434,OneDay,2025-03-31T00:00:00Z,153.2997,155.1669,150.434,154.3381,24599025.0
GOOGL,6434,OneDay,2025-04-01T00:00:00Z,153.5293,157.8528,153.5293,156.8343,17607664.0
GOOGL,6434,OneDay,2025-04-02T00:00:00Z,154.6976,158.1524,154.4779,156.7944,13668536.0
GOOGL,6434,OneDay,2025-04-03T00:00:00Z,151.093,152.5408,150.1943,150.414,24612448.0
GOOGL,6434,OneDay,2025-04-04T00:00:00Z,148.9662,150.8034,145.1918,145.3716,33167388.0
GOOGL,6434,OneDay,2025-04-07T00:00:00Z,142.2762,152.4509,140.429,146.3401,42086058.0
GOOGL,6434,OneDay,2025-04-08T00:00:00Z,150.7435,151.9916,142.8154,144.5528,28215805.0
GOOGL,6434,OneDay,2025-04-10T00:00:00Z,156.3451,157.4035,149.735,152.4409,25708562.0
GOOGL,6434,OneDay,2025-04-11T00:00:00Z,153.1699,157.2837,153.1499,156.7045,18459945.0
GOOGL,6434,OneDay,2025-04-14T00:00:00Z,159.3905,161.4574,157.3336,158.7515,16026931.0
GOOGL,6434,OneDay,2025-04-15T00:00:00Z,158.6916,159.3705,154.9672,156.0855,14687703.0
GOOGL,6434,OneDay,2025-04-16T00:00:00Z,153.1299,155.6262,151.2927,152.9702,13433568.0
GOOGL,6434,OneDay,2025-04-17T00:00:00Z,153.9986,154.398,148.3271,151.0231,17331809.0
GOOGL,6434,OneDay,2025-04-21T00:00:00Z,148.2972,148.4569,145.8808,147.6082,12438312.0
GOOGL,6434,OneDay,2025-04-22T00:00:00Z,149.0261,151.9517,148.3171,151.4824,13404248.0
GOOGL,6434,OneDay,2025-04-23T00:00:00Z,155.5463,157.2837,153.5792,155.2567,13612522.0
GOOGL,6434,OneDay,2025-04-24T00:00:00Z,156.2153,159.3406,155.5862,159.071,18809643.0
GOOGL,6434,OneDay,2025-04-25T00:00:00Z,164.8423,165.7709,160.7984,161.7669,31476055.0
GOOGL,6434,OneDay,2025-04-28T00:00:00Z,162.0166,162.8054,158.3621,160.369,17777252.0
GOOGL,6434,OneDay,2025-04-29T00:00:00Z,159.7699,160.4789,157.2937,159.9097,15680815.0
GOOGL,6434,OneDay,2025-04-30T00:00:00Z,157.3636,159.0111,155.1669,158.5018,15981046.0
GOOGL,6434,OneDay,2025-05-01T00:00:00Z,160.5887,161.697,158.6916,160.8683,14510485.0
GOOGL,6434,OneDay,2025-05-02T00:00:00Z,162.5857,164.7125,161.6271,163.8738,13857770.0
GOOGL,6434,OneDay,2025-05-05T00:00:00Z,162.7555,165.1319,162.6656,163.9337,10437657.0
GOOGL,6434,OneDay,2025-05-06T00:00:00Z,161.6671,164.5328,160.9781,162.9252,8536782.0
GOOGL,6434,OneDay,2025-05-07T00:00:00Z,163.8238,164.7025,147.6681,151.1529,80717299.0
GOOGL,6434,OneDay,2025-05-08T00:00:00Z,153.8888,155.6761,152.7205,153.9986,30011817.0
GOOGL,6434,OneDay,2025-05-09T00:00:00Z,154.0685,154.7974,151.9717,152.5708,19369348.0
GOOGL,6434,OneDay,2025-05-12T00:00:00Z,157.6931,158.8413,156.0256,158.1424,24162266.0
GOOGL,6434,OneDay,2025-05-13T00:00:00Z,157.8828,160.3191,155.9557,159.2307,23303872.0
GOOGL,6434,OneDay,2025-05-14T00:00:00Z,159.9297,166.7295,159.3606,165.082,26393530.0
GOOGL,6434,OneDay,2025-05-15T00:00:00Z,165.7609,165.7709,162.1264,163.6341,17805716.0
GOOGL,6434,OneDay,2025-05-16T00:00:00Z,166.8493,168.9961,165.3715,165.9706,20650095.0
GOOGL,6434,OneDay,2025-05-19T00:00:00Z,164.8423,166.38,163.9736,166.36,15712059.0
GOOGL,6434,OneDay,2025-05-20T00:00:00Z,166.2802,168.1673,162.6556,163.6142,27004700.0
GOOGL,6434,OneDay,2025-05-21T00:00:00Z,163.5942,172.8703,163.5742,168.4169,41752821.0
GOOGL,6434,OneDay,2025-05-22T00:00:00Z,172.0715,176.4748,170.4739,170.5737,41462882.0
GOOGL,6434,OneDay,2025-05-23T00:00:00Z,169.076,169.695,167.6681,168.1074,18068498.0
GOOGL,6434,OneDay,2025-05-27T00:00:00Z,170.5438,172.8103,169.9247,172.5907,18830780.0
GOOGL,6434,OneDay,2025-05-28T00:00:00Z,173.0899,174.9671,171.6521,172.1014,14642833.0
GOOGL,6434,OneDay,2025-05-29T00:00:00Z,173.3995,173.8488,170.384,171.5722,14001659.0
GOOGL,6434,OneDay,2025-05-30T00:00:00Z,170.9731,171.9317,167.1988,171.4324,18146423.0
GOOGL,6434,OneDay,2025-06-02T00:00:00Z,167.8178,169.6052,167.1588,168.8064,16595585.0
GOOGL,6434,OneDay,2025-06-03T00:00:00Z,167.4784,168.2073,165.052,165.9107,22560105.0
GOOGL,6434,OneDay,2025-06-04T00:00:00Z,166.5897,167.9576,166.1204,167.8578,14504183.0
GOOGL,6434,OneDay,2025-06-05T00:00:00Z,169.4953,170.6636,167.5083,167.8678,17992486.0
GOOGL,6434,OneDay,2025-06-06T00:00:00Z,170.8733,174.1883,170.7335,173.4494,19893831.0
GOOGL,6434,OneDay,2025-06-09T00:00:00Z,174.5278,176.1953,174.1084,175.7959,15490512.0
GOOGL,6434,OneDay,2025-06-10T00:00:00Z,176.1653,180.8183,174.6576,178.3321,34241681.0
GOOGL,6434,OneDay,2025-06-11T00:00:00Z,179.7399,180.0794,176.4948,177.0939,13784658.0
GOOGL,6434,OneDay,2025-06-12T00:00:00Z,175.7559,176.4449,174.4579,175.4164,11234440.0
GOOGL,6434,OneDay,2025-06-13T00:00:00Z,172.7504,176.8543,172.7504,174.368,14448649.0
GOOGL,6434,OneDay,2025-06-16T00:00:00Z,174.4978,176.6346,174.388,176.4848,12970797.0
GOOGL,6434,OneDay,2025-06-17T00:00:00Z,175.3865,177.0939,174.3181,175.676,14088964.0
GOOGL,6434,OneDay,2025-06-18T00:00:00Z,176.0655,176.2851,172.9402,173.04,14019057.0
GOOGL,6434,OneDay,2025-06-20T00:00:00Z,173.4394,174.0685,165.2617,166.39,29455072.0
GOOGL,6434,OneDay,2025-06-23T00:00:00Z,165.8009,167.059,161.9367,164.9222,30451067.0
GOOGL,6434,OneDay,2025-06-24T00:00:00Z,166.4199,167.9477,165.8907,166.5597,21645933.0
GOOGL,6434,OneDay,2025-06-25T00:00:00Z,167.6781,172.1014,167.6781,170.4838,19353851.0
GOOGL,6434,OneDay,2025-06-26T00:00:00Z,172.4509,173.4094,169.6751,173.1798,16556356.0
GOOGL,6434,OneDay,2025-06-30T00:00:00Z,180.5188,180.8882,174.3381,175.9756,31480538.0
GOOGL,6434,OneDay,2025-07-01T00:00:00Z,175.2966,175.7659,173.2697,175.5462,17026062.0
GOOGL,6434,OneDay,2025-07-02T00:00:00Z,174.8772,178.5817,174.7974,178.2821,15524460.0
GOOGL,6434,OneDay,2025-07-07T00:00:00Z,178.4718,178.9511,175.4264,176.4449,16851300.0
GOOGL,6434,OneDay,2025-07-08T00:00:00Z,177.1938,177.3236,172.5907,174.1184,23100457.0
GOOGL,6434,OneDay,2025-07-09T00:00:00Z,174.7674,179.0909,172.5507,176.3151,25933961.0
GOOGL,6434,OneDay,2025-07-10T00:00:00Z,175.2367,178.1423,174.398,177.2836,16221677.0
GOOGL,6434,OneDay,2025-07-11T00:00:00Z,176.5148,181.1378,176.2352,179.8897,18373710.0
GOOGL,6434,OneDay,2025-07-14T00:00:00Z,180.4888,183.1348,179.4004,181.3176,18686889.0
GOOGL,6434,OneDay,2025-07-15T00:00:00Z,182.366,183.9336,181.3375,181.707,17107933.0
GOOGL,6434,OneDay,2025-07-16T00:00:00Z,183.3246,184.0435,181.7569,182.6356,18918049.0
GOOGL,6434,OneDay,2025-07-17T00:00:00Z,182.1563,183.7739,180.2292,183.2746,17864848.0
GOOGL,6434,OneDay,2025-07-18T00:00:00Z,184.992,185.9406,183.4344,184.7824,16213278.0
GOOGL,6434,OneDay,2025-07-21T00:00:00Z,185.9806,189.9845,185.9806,189.8747,23350310.0
GOOGL,6434,OneDay,2025-07-22T00:00:00Z,191.023,191.3525,187.1887,191.0529,23657582.0
GOOGL,6434,OneDay,2025-07-23T00:00:00Z,191.3924,192.0215,188.9062,189.9147,25084461.0
GOOGL,6434,OneDay,2025-07-24T00:00:00Z,196.5048,197.5731,190.7334,191.8218,44759543.0
GOOGL,6434,OneDay,2025-07-25T00:00:00Z,192.0315,194.0285,190.983,192.9601,21509786.0
GOOGL,6434,OneDay,2025-07-28T00:00:00Z,192.6505,193.679,190.5637,192.2611,19721544.0
GOOGL,6434,OneDay,2025-07-29T00:00:00Z,192.8802,195.6061,191.8018,195.0469,28238082.0
GOOGL,6434,OneDay,2025-07-30T00:00:00Z,195.0469,197.2836,194.3979,195.1468,23087841.0
GOOGL,6434,OneDay,2025-07-31T00:00:00Z,195.1468,196.4349,190.8033,190.9631,36076682.0
GOOGL,6434,OneDay,2025-08-01T00:00:00Z,190.9631,191.1628,186.7294,188.8163,19953773.0
GOOGL,6434,OneDay,2025-08-04T00:00:00Z,188.8662,194.9671,188.8263,193.9686,21124888.0
GOOGL,6434,OneDay,2025-08-05T00:00:00Z,193.9686,197.5432,193.5891,193.7788,22780383.0
GOOGL,6434,OneDay,2025-08-06T00:00:00Z,193.8388,196.2851,193.1099,195.8557,15031247.0
GOOGL,6434,OneDay,2025-08-07T00:00:00Z,195.8557,197.4334,194.0385,196.2951,17971560.0
GOOGL,6434,OneDay,2025-08-08T00:00:00Z,196.2052,202.2761,195.8158,201.0879,23040472.0
GOOGL,6434,OneDay,2025-08-11T00:00:00Z,201.2976,201.9366,198.7813,200.3989,17508734.0
GOOGL,6434,OneDay,2025-08-12T00:00:00Z,200.3989,204.1732,200.1493,202.8752,20328541.0
GOOGL,6434,OneDay,2025-08-13T00:00:00Z,202.9451,204.1533,197.2337,200.7484,19215296.0
GOOGL,6434,OneDay,2025-08-14T00:00:00Z,200.7084,204.1233,199.9196,202.2961,16717603.0
GOOGL,6434,OneDay,2025-08-15T00:00:00Z,202.2961,206.1103,201.0479,203.634,18808762.0
GOOGL,6434,OneDay,2025-08-18T00:00:00Z,203.9635,204.9521,202.1862,202.8452,13688338.0
GOOGL,6434,OneDay,2025-08-19T00:00:00Z,202.8452,203.3545,199.66,201.4973,16560751.0
GOOGL,6434,OneDay,2025-08-20T00:00:00Z,201.4973,201.5372,196.2951,198.9111,21245576.0
GOOGL,6434,OneDay,2025-08-21T00:00:00Z,198.9111,202.0964,197.8028,199.4004,14518511.0
GOOGL,6434,OneDay,2025-08-22T00:00:00Z,199.4004,208.1872,199.2307,205.7908,27241268.0
GOOGL,6434,OneDay,2025-08-25T00:00:00Z,205.8607,210.1842,204.972,207.658,21157430.0
GOOGL,6434,OneDay,2025-08-26T00:00:00Z,207.658,208.2271,205.4613,206.8292,21827167.0
GOOGL,6434,OneDay,2025-08-27T00:00:00Z,206.8292,208.5866,205.1218,206.969,17225991.0
GOOGL,6434,OneDay,2025-08-28T00:00:00Z,206.969,211.8617,206.4398,211.2226,25023002.0
GOOGL,6434,OneDay,2025-08-29T00:00:00Z,211.2226,214.308,207.6979,212.6106,21472009.0
GOOGL,6434,OneDay,2025-09-02T00:00:00Z,212.4508,229.2755,205.8707,228.7064,30449964.0
GOOGL,6434,OneDay,2025-09-03T00:00:00Z,228.7064,231.3025,222.0664,231.0928,73672661.0
GOOGL,6434,OneDay,2025-09-04T00:00:00Z,231.0928,232.2011,225.7808,231.7218,37696176.0
GOOGL,6434,OneDay,2025-09-05T00:00:00Z,231.7218,235.3963,230.7034,234.6674,26949064.0
GOOGL,6434,OneDay,2025-09-08T00:00:00Z,235.2466,237.6929,233.3194,233.649,23445993.0
GOOGL,6434,OneDay,2025-09-09T00:00:00Z,233.649,240.0993,232.9101,239.2705,24994855.0
GOOGL,6434,OneDay,2025-09-10T00:00:00Z,239.2705,241.2875,237.5331,238.6514,26217347.0
GOOGL,6434,OneDay,2025-09-11T00:00:00Z,238.6315,241.8666,236.0254,239.7897,22705828.0
GOOGL,6434,OneDay,2025-09-12T00:00:00Z,239.7897,241.7068,237.9625,240.4288,14645707.0
GOOGL,6434,OneDay,2025-09-15T00:00:00Z,240.1891,252.0014,239.7298,251.0229,41048225.0
GOOGL,6434,OneDay,2025-09-16T00:00:00Z,251.0229,254.5675,249.0957,250.7732,23497028.0
GOOGL,6434,OneDay,2025-09-17T00:00:00Z,250.7732,252.4208,245.9105,249.1656,23527457.0
GOOGL,6434,OneDay,2025-09-18T00:00:00Z,249.1656,253.589,249.1457,251.8217,22363710.0
GOOGL,6434,OneDay,2025-09-19T00:00:00Z,251.8217,255.606,250.6334,254.3079,20598858.0
GOOGL,6434,OneDay,2025-09-22T00:00:00Z,254.3778,255.3264,250.1142,252.6304,22182074.0
GOOGL,6434,OneDay,2025-09-23T00:00:00Z,252.6304,253.8586,250.1042,251.2825,19471068.0
GOOGL,6434,OneDay,2025-09-24T00:00:00Z,251.3124,252.0413,246.24,247.0588,18776032.0
GOOGL,6434,OneDay,2025-09-25T00:00:00Z,247.0588,249.6349,240.3888,247.7777,21766012.0
GOOGL,6434,OneDay,2025-09-26T00:00:00Z,247.7278,249.0059,245.4313,246.0803,10426543.0
GOOGL,6434,OneDay,2025-09-29T00:00:00Z,246.5895,250.7333,242.4058,243.8736,23490428.0
GOOGL,6434,OneDay,2025-09-30T00:00:00Z,243.8836,244.4328,238.8611,242.3758,25222637.0
GOOGL,6434,OneDay,2025-10-01T00:00:00Z,242.3758,245.9005,238.292,244.0034,22898728.0
GOOGL,6434,OneDay,2025-10-02T00:00:00Z,244.0034,246.4198,241.9365,245.601,18169885.0
GOOGL,6434,OneDay,2025-10-03T00:00:00Z,245.7208,246.4298,241.3074,244.932,16348350.0
GOOGL,6434,OneDay,2025-10-06T00:00:00Z,245.5011,250.913,243.2945,250.1741,21100465.0
GOOGL,6434,OneDay,2025-10-07T00:00:00Z,250.1741,250.2241,245.0319,245.3314,16481649.0
GOOGL,6434,OneDay,2025-10-08T00:00:00Z,245.3314,245.9005,243.4742,244.3329,14779563.0
GOOGL,6434,OneDay,2025-10-09T00:00:00Z,244.3329,247.1287,238.7912,241.0878,20278534.0
GOOGL,6434,OneDay,2025-10-10T00:00:00Z,241.0878,243.6839,235.4962,236.1352,18294647.0
GOOGL,6434,OneDay,2025-10-13T00:00:00Z,239.5501,244.0234,238.4418,243.5641,17926745.0
GOOGL,6434,OneDay,2025-10-14T00:00:00Z,243.5641,246.6993,238.0723,244.5925,16567399.0
GOOGL,6434,OneDay,2025-10-15T00:00:00Z,244.5925,251.7118,243.634,250.2041,20426020.0
GOOGL,6434,OneDay,2025-10-16T00:00:00Z,250.2041,256.5046,249.4951,250.5236,19870084.0
GOOGL,6434,OneDay,2025-10-17T00:00:00Z,250.5635,253.8087,245.4313,252.8701,15577719.0
GOOGL,6434,OneDay,2025-10-20T00:00:00Z,252.92,256.904,252.4108,256.265,16712933.0
GOOGL,6434,OneDay,2025-10-21T00:00:00Z,256.265,257.0039,243.8037,249.7448,33994105.0
GOOGL,6434,OneDay,2025-10-22T00:00:00Z,249.7448,259.0208,248.956,251.1327,27016670.0
GOOGL,6434,OneDay,2025-10-23T00:00:00Z,251.1327,256.0253,250.7533,254.6574,15561803.0
GOOGL,6434,OneDay,2025-10-24T00:00:00Z,254.6574,261.2675,253.8087,259.57,16960751.0
GOOGL,6434,OneDay,2025-10-27T00:00:00Z,262.5056,269.535,261.607,269.1456,25708860.0
GOOGL,6434,OneDay,2025-10-28T00:00:00Z,269.1656,270.7332,266.1002,267.0088,21757549.0
GOOGL,6434,OneDay,2025-10-29T00:00:00Z,267.0488,295.0567,266.5995,287.568,29662421.0
GOOGL,6434,OneDay,2025-10-30T00:00:00Z,287.568,298.9608,279.6498,283.0348,54538101.0
GOOGL,6434,OneDay,2025-11-03T00:00:00Z,281.6868,285.0817,279.3902,283.4941,21178133.0
GOOGL,6434,OneDay,2025-11-04T00:00:00Z,283.4941,283.9933,275.0867,277.8825,21178133.0
GOOGL,6434,OneDay,2025-11-05T00:00:00Z,277.8825,285.7607,272.3708,284.3128,883934.0
GOOGL,6434,OneDay,2025-11-06T00:00:00Z,284.1032,289.3852,280.7182,284.4726,5697750.0
GOOGL,6434,OneDay,2025-11-07T00:00:00Z,284.5725,285.8705,274.7472,278.4916,5697750.0
GOOGL,6434,OneDay,2025-11-10T00:00:00Z,282.2759,290.3538,281.9364,289.6548,22861803.0
GOOGL,6434,OneDay,2025-11-11T00:00:00Z,289.6548,291.4521,286.9489,290.8231,22861803.0
GOOGL,6434,OneDay,2025-11-12T00:00:00Z,290.8231,293.9683,283.2744,286.5894,3646073.0
GOOGL,6434,OneDay,2025-11-13T00:00:00Z,286.5695,287.4481,276.874,278.3019,4514004.0
GOOGL,6434,OneDay,2025-11-14T00:00:00Z,278.2819,279.8595,269.8745,275.7657,4514004.0
GOOGL,6434,OneDay,2025-11-17T00:00:00Z,291.7117,295.7956,282.7951,284.6823,40300653.0
GOOGL,6434,OneDay,2025-11-18T00:00:00Z,284.6823,289.5749,277.8525,283.3044,40300653.0
GOOGL,6434,OneDay,2025-11-19T00:00:00Z,283.3044,303.1346,283.2045,295.6059,14282949.0
GOOGL,6434,OneDay,2025-11-20T00:00:00Z,295.6059,305.9204,287.3183,287.3183,14282949.0
GOOGL,6434,OneDay,2025-11-24T00:00:00Z,306.5395,320.798,304.5425,320.5384,67771608.0
GOOGL,6434,OneDay,2025-11-25T00:00:00Z,320.5684,332.4505,317.1735,322.3158,67771608.0
GOOGL,6434,OneDay,2025-11-26T00:00:00Z,322.3158,330.3038,316.3248,320.3687,67771608.0
GOOGL,6434,OneDay,2025-11-27T00:00:00Z,320.3687,320.4486,319.7296,320.0492,122321.0
GOOGL,6434,OneDay,2025-11-28T00:00:00Z,321.7266,326.2698,316.3347,319.6198,16958134.0
GOOGL,6434,OneDay,2025-12-01T00:00:00Z,315.0167,319.1904,313.4591,314.9069,31516316.0
GOOGL,6434,OneDay,2025-12-02T00:00:00Z,314.9069,317.8924,313.509,315.4261,31516316.0
GOOGL,6434,OneDay,2025-12-03T00:00:00Z,315.4261,321.0776,313.469,318.8809,4411755.0
GOOGL,6434,OneDay,2025-12-04T00:00:00Z,318.8809,321.9463,314.2379,317.4231,4411755.0
GOOGL,6434,OneDay,2025-12-05T00:00:00Z,317.4231,322.6253,316.9239,320.8779,4411755.0
GOOGL,6434,OneDay,2025-12-08T00:00:00Z,320.3287,322.5754,310.803,313.3293,25874074.0
GOOGL,6434,OneDay,2025-12-09T00:00:00Z,313.3792,317.493,311.0527,316.6742,25874074.0
GOOGL,6434,OneDay,2025-12-10T00:00:00Z,316.6742,320.808,314.0282,320.2788,1021456.0
GOOGL,6434,OneDay,2025-12-11T00:00:00Z,320.4086,320.4985,308.2069,314.2479,6301105.0
GOOGL,6434,OneDay,2025-12-15T00:00:00Z,308.7561,311.3522,304.4526,307.538,22901804.0
GOOGL,6434,OneDay,2025-12-16T00:00:00Z,307.508,310.2738,302.176,305.2015,1723622.0
GOOGL,6434,OneDay,2025-12-17T00:00:00Z,305.2015,308.4166,295.2564,295.7557,9719742.0
GOOGL,6434,OneDay,2025-12-18T00:00:00Z,295.7557,303.484,295.7457,301.2774,9719742.0
GOOGL,6434,OneDay,2025-12-19T00:00:00Z,301.2474,306.6193,300.5684,306.4596,9719742.0
GOOGL,6434,OneDay,2025-12-22T00:00:00Z,308.197,310.3038,304.872,309.1855,20498015.0
GOOGL,6434,OneDay,2025-12-23T00:00:00Z,309.1855,314.4276,308.1071,314.1281,20498015.0
GOOGL,6434,OneDay,2025-12-24T00:00:00Z,314.1081,315.4461,311.492,313.5988,20498015.0
GOOGL,6434,OneDay,2025-12-26T00:00:00Z,314.0382,314.797,311.8015,312.9898,8306006.0
GOOGL,6434,OneDay,2025-12-29T00:00:00Z,313.0497,313.529,309.535,312.86,14362423.0
GOOGL,6434,OneDay,2025-12-30T00:00:00Z,312.86,316.4046,311.7416,313.499,14362423.0
GOOGL,6434,OneDay,2025-12-31T00:00:00Z,313.3293,314.0681,310.9728,312.86,14362423.0
GOOGL,6434,OneDay,2026-01-02T00:00:00Z,313.3193,321.9763,309.8645,314.4376,23149634.0
GOOGL,6434,OneDay,2026-01-05T00:00:00Z,314.9368,318.3617,314.158,316.3048,24062237.0
GOOGL,6434,OneDay,2026-01-06T00:00:00Z,316.3048,320.3787,311.3223,314.0382,629366.0
GOOGL,6434,OneDay,2026-01-07T00:00:00Z,314.0382,325.6408,312.2309,321.6168,1705729.0
GOOGL,6434,OneDay,2026-01-08T00:00:00Z,321.5868,329.3652,319.52,325.1116,1705729.0
GOOGL,6434,OneDay,2026-01-09T00:00:00Z,325.1615,330.2938,324.0232,328.1071,1705729.0
GOOGL,6434,OneDay,2026-01-12T00:00:00Z,326.2598,333.499,324.0132,331.6318,26676895.0
GOOGL,6434,OneDay,2026-01-13T00:00:00Z,331.6318,339.9193,330.5234,336.0351,26676895.0
GOOGL,6434,OneDay,2026-01-14T00:00:00Z,336.0351,337.6927,329.9942,334.5773,26676895.0
GOOGL,6434,OneDay,2026-01-15T00:00:00Z,334.5773,337.7725,330.2339,331.9812,26676895.0
GOOGL,6434,OneDay,2026-01-16T00:00:00Z,331.9812,335.8354,327.3482,329.485,26676895.0
GOOGL,6434,OneDay,2026-01-20T00:00:00Z,322.8649,327.2384,316.1051,320.0991,27240037.0
GOOGL,6434,OneDay,2026-01-21T00:00:00Z,320.0991,331.9513,317.6727,328.1071,227884.0
GOOGL,6434,OneDay,2026-01-22T00:00:00Z,328.1071,335.0167,328.1071,329.7246,227884.0
GOOGL,6434,OneDay,2026-01-23T00:00:00Z,329.7246,333.1095,326.9688,327.448,227884.0
GOOGL,6434,OneDay,2026-01-26T00:00:00Z,324.6123,335.3162,324.4625,333.0396,20568924.0
GOOGL,6434,OneDay,2026-01-27T00:00:00Z,332.9498,337.7326,332.8599,334.3477,20568924.0
GOOGL,6434,OneDay,2026-01-28T00:00:00Z,334.2478,341.9762,331.4321,340.6882,5365523.0
GOOGL,6434,OneDay,2026-01-29T00:00:00Z,340.6582,345.4909,326.0601,337.2633,9873233.0
GOOGL,6434,OneDay,2026-01-30T00:00:00Z,337.1834,339.4101,329.9044,337.7625,9873233.0
GOOGL,6434,OneDay,2026-02-02T00:00:00Z,337.3831,344.5324,328.9458,344.3427,24675256.0
GOOGL,6434,OneDay,2026-02-03T00:00:00Z,344.3427,349.2054,337.0037,340.8379,4024887.0
GOOGL,6434,OneDay,2026-02-04T00:00:00Z,340.8379,347.5678,307.9573,340.758,19508801.0
GOOGL,6434,OneDay,2026-02-05T00:00:00Z,340.758,341.0876,306.0302,326.4895,14652287.0
GOOGL,6434,OneDay,2026-02-09T00:00:00Z,324.6123,327.1385,316.824,324.5224,29654816.0
GOOGL,6434,OneDay,2026-02-10T00:00:00Z,324.4126,324.6423,314.148,317.9423,475737.0
GOOGL,6434,OneDay,2026-02-11T00:00:00Z,317.9423,320.6283,309.1955,311.1825,3456130.0
GOOGL,6434,OneDay,2026-02-12T00:00:00Z,311.1825,315.7456,307.3083,309.0357,1740113.0
GOOGL,6434,OneDay,2026-02-13T00:00:00Z,309.0357,309.6947,303.2843,305.1216,1740113.0
GOOGL,6434,OneDay,2026-02-17T00:00:00Z,304.8919,304.9019,295.8355,300.5784,29045948.0
GOOGL,6434,OneDay,2026-02-18T00:00:00Z,300.6283,304.8919,299.6298,302.8949,29045948.0
GOOGL,6434,OneDay,2026-02-19T00:00:00Z,302.8949,305.0018,299.5999,302.5554,29045948.0
GOOGL,6434,OneDay,2026-02-20T00:00:00Z,302.5554,316.0052,302.5554,314.5075,9809707.0
GOOGL,6434,OneDay,2026-02-23T00:00:00Z,312.75,319.23,309.87,312.27,24018331.0
GOOGL,6434,OneDay,2026-02-24T00:00:00Z,312.27,313.9,306.0,310.66,24018331.0
GOOGL,6434,OneDay,2026-02-25T00:00:00Z,310.66,313.6,309.45,312.42,3281983.0
GOOGL,6434,OneDay,2026-02-26T00:00:00Z,312.45,314.33,302.38,306.5,3671852.0
GOOGL,6434,OneDay,2026-02-27T00:00:00Z,306.5,312.27,303.71,311.73,3671852.0
GOOGL,6434,OneDay,2026-03-02T00:00:00Z,306.05,308.46,301.28,306.0,26637125.0
GOOGL,6434,OneDay,2026-03-03T00:00:00Z,306.0,306.15,296.01,302.12,26637125.0
GOOGL,6434,OneDay,2026-03-04T00:00:00Z,302.14,305.44,298.24,303.1,26637125.0
GOOGL,6434,OneDay,2026-03-05T00:00:00Z,303.1,305.29,298.02,300.3,4800242.0
GOOGL,6434,OneDay,2026-03-06T00:00:00Z,300.3,301.96,293.72,298.49,4800242.0
GOOGL,6434,OneDay,2026-03-09T00:00:00Z,291.03,306.97,288.43,306.06,21716687.0
GOOGL,6434,OneDay,2026-03-10T00:00:00Z,306.06,309.49,303.22,307.8,17544935.0
GOOGL,6434,OneDay,2026-03-11T00:00:00Z,307.71,311.39,305.01,307.9,18409563.0
GOOGL,6434,OneDay,2026-03-12T00:00:00Z,308.0,308.8,301.02,304.5,19319834.0
GOOGL,6434,OneDay,2026-03-13T00:00:00Z,304.57,307.79,300.45,302.26,14291121.0
GOOGL,6434,OneDay,2026-03-16T00:00:00Z,303.0,306.46,301.74,304.85,17658018.0
GOOGL,6434,OneDay,2026-03-17T00:00:00Z,304.86,311.39,302.82,311.0,16631322.0
GOOGL,6434,OneDay,2026-03-18T00:00:00Z,311.0,313.1,306.65,307.14,15807563.0
GOOGL,6434,OneDay,2026-03-19T00:00:00Z,307.14,308.53,302.36,307.13,16786173.0
GOOGL,6434,OneDay,2026-03-20T00:00:00Z,307.13,307.7,298.27,300.8,19258561.0
GOOGL,6434,OneDay,2026-03-23T00:00:00Z,298.73,307.13,293.01,301.7,21858255.0
GOOGL,6434,OneDay,2026-03-24T00:00:00Z,301.74,302.92,290.15,292.16,27293817.0
GOOGL,6434,OneDay,2026-03-25T00:00:00Z,292.16,295.97,289.27,290.83,21681830.0
GOOGL,6434,OneDay,2026-03-26T00:00:00Z,290.75,291.04,278.61,281.4,28548742.0
GOOGL,6434,OneDay,2026-03-27T00:00:00Z,281.4,284.07,273.95,274.51,20790713.0
GOOGL,6434,OneDay,2026-03-30T00:00:00Z,270.54,276.92,269.61,273.2,27291643.0
GOOGL,6434,OneDay,2026-03-31T00:00:00Z,273.2,288.3,270.5,287.43,35393184.0
GOOGL,6434,OneDay,2026-04-01T00:00:00Z,287.4,300.51,287.0,296.87,27562332.0
GOOGL,6434,OneDay,2026-04-02T00:00:00Z,297.03,298.41,288.04,296.03,14859862.0
GOOGL,6434,OneDay,2026-04-03T00:00:00Z,296.03,296.2,295.53,295.85,1088508.0
GOOGL,6434,OneDay,2026-04-06T00:00:00Z,294.31,300.58,294.31,299.55,12409887.0
GOOGL,6434,OneDay,2026-04-07T00:00:00Z,299.55,306.35,297.5,306.3,16925898.0
GOOGL,6434,OneDay,2026-04-08T00:00:00Z,306.03,320.53,306.0,317.25,26938701.0
GOOGL,6434,OneDay,2026-04-09T00:00:00Z,317.4,319.54,311.06,318.09,19884974.0
GOOGL,6434,OneDay,2026-04-10T00:00:00Z,318.09,321.72,316.33,317.23,10423104.0
GOOGL,6434,OneDay,2026-04-13T00:00:00Z,311.49,321.62,311.49,321.22,14427550.0
GOOGL,6434,OneDay,2026-04-14T00:00:00Z,321.22,333.27,320.64,332.64,20600198.0
GOOGL,6434,OneDay,2026-04-15T00:00:00Z,332.64,337.47,330.92,336.24,20052261.0
GOOGL,6434,OneDay,2026-04-16T00:00:00Z,336.24,339.65,334.51,336.2,15101567.0
GOOGL,6434,OneDay,2026-04-17T00:00:00Z,336.2,342.31,335.23,341.67,14935621.0
GOOGL,6434,OneDay,2026-04-20T00:00:00Z,338.08,340.81,336.24,337.4,13643831.0
GOOGL,6434,OneDay,2026-04-21T00:00:00Z,337.4,339.33,331.48,333.65,18263879.0
GOOGL,6434,OneDay,2026-04-22T00:00:00Z,333.65,339.8,333.5,338.0,15144965.0
GOOGL,6434,OneDay,2026-04-23T00:00:00Z,338.0,341.93,334.27,338.06,15455435.0
GOOGL,6434,OneDay,2026-04-24T00:00:00Z,338.06,345.19,335.45,344.3,15404339.0
GOOGL,6434,OneDay,2026-04-27T00:00:00Z,344.46,353.16,342.71,350.61,20726316.0
GOOGL,6434,OneDay,2026-04-28T00:00:00Z,350.5,352.58,345.91,349.09,20585283.0
GOOGL,6434,OneDay,2026-04-29T00:00:00Z,349.09,376.0,344.98,369.97,24490219.0
GOOGL,6434,OneDay,2026-04-30T00:00:00Z,369.97,386.18,364.6,385.14,54003161.0
GOOGL,6434,OneDay,2026-05-01T00:00:00Z,385.14,391.4,379.1,385.75,18317492.0
GOOGL,6434,OneDay,2026-05-04T00:00:00Z,385.09,388.62,379.8,382.22,19194137.0
GOOGL,6434,OneDay,2026-05-05T00:00:00Z,382.22,399.01,382.15,394.0,17786806.0
GOOGL,6434,OneDay,2026-05-06T00:00:00Z,394.0,399.83,392.0,397.64,23221713.0
GOOGL,6434,OneDay,2026-05-07T00:00:00Z,397.68,403.47,392.67,396.5,18141562.0
GOOGL,6434,OneDay,2026-05-08T00:00:00Z,396.5,401.9,394.77,400.68,11250704.0
GOOGL,6434,OneDay,2026-05-11T00:00:00Z,398.33,398.85,388.37,389.11,23906096.0
GOOGL,6434,OneDay,2026-05-12T00:00:00Z,389.12,389.64,382.77,386.0,19929692.0
GOOGL,6434,OneDay,2026-05-13T00:00:00Z,386.35,403.67,385.0,402.4,20980979.0
GOOGL,6434,OneDay,2026-05-14T00:00:00Z,402.4,406.4,395.82,400.11,16663239.0
GOOGL,6434,OneDay,2026-05-15T00:00:00Z,400.02,400.93,392.42,396.81,11143869.0
GOOGL,6434,OneDay,2026-05-18T00:00:00Z,394.34,408.54,392.1,397.26,19787886.0
GOOGL,6434,OneDay,2026-05-19T00:00:00Z,397.26,402.75,386.13,387.51,29562912.0
GOOGL,6434,OneDay,2026-05-20T00:00:00Z,387.51,393.67,382.9,388.15,25174696.0
GOOGL,6434,OneDay,2026-05-21T00:00:00Z,388.15,392.45,383.04,388.22,18823408.0
GOOGL,6434,OneDay,2026-05-22T00:00:00Z,388.12,390.8,381.78,383.17,11529140.0
GOOGL,6434,OneDay,2026-05-26T00:00:00Z,386.1,389.21,382.61,387.9,20490418.0
GOOGL,6434,OneDay,2026-05-27T00:00:00Z,387.9,393.79,384.88,390.05,19055178.0
GOOGL,6434,OneDay,2026-05-28T00:00:00Z,390.05,392.1,385.15,390.65,19306860.0
GOOGL,6434,OneDay,2026-05-29T00:00:00Z,390.65,390.82,378.61,380.26,17798456.0
GOOGL,6434,OneDay,2026-06-01T00:00:00Z,381.33,381.75,366.3,371.0,19853059.0
GOOGL,6434,OneDay,2026-06-02T00:00:00Z,371.0,373.48,358.49,362.66,38747176.0
GOOGL,6434,OneDay,2026-06-03T00:00:00Z,362.67,366.06,355.88,357.85,42091593.0
GOOGL,6434,OneDay,2026-06-04T00:00:00Z,357.85,373.22,357.0,371.8,33946191.0
GOOGL,6434,OneDay,2026-06-05T00:00:00Z,371.86,372.72,364.13,369.11,21439563.0
GOOGL,6434,OneDay,2026-06-08T00:00:00Z,366.5,369.49,360.53,363.22,20878776.0
GOOGL,6434,OneDay,2026-06-09T00:00:00Z,363.22,371.92,357.45,364.4,22800501.0
GOOGL,6434,OneDay,2026-06-10T00:00:00Z,364.4,368.54,355.15,356.06,23248829.0
GOOGL,6434,OneDay,2026-06-11T00:00:00Z,356.06,359.18,346.37,358.04,26007241.0
GOOGL,6434,OneDay,2026-06-12T00:00:00Z,358.04,366.51,354.99,359.78,15111673.0
GOOGL,6434,OneDay,2026-06-15T00:00:00Z,364.0,372.97,363.19,369.5,21599322.0
GOOGL,6434,OneDay,2026-06-16T00:00:00Z,369.5,375.72,367.06,371.57,18948236.0
GOOGL,6434,OneDay,2026-06-17T00:00:00Z,371.57,373.5,362.07,364.18,18440300.0
GOOGL,6434,OneDay,2026-06-18T00:00:00Z,364.18,369.46,358.66,367.24,36884809.0
GOOGL,6434,OneDay,2026-06-19T00:00:00Z,367.24,367.76,365.0,366.1,77348.0
GOOGL,6434,OneDay,2026-06-22T00:00:00Z,363.1,364.3,341.72,347.0,39285509.0
GOOGL,6434,OneDay,2026-06-23T00:00:00Z,347.0,349.22,337.95,346.84,25508397.0
GOOGL,6434,OneDay,2026-06-24T00:00:00Z,346.84,353.42,341.91,344.8,32768099.0
GOOGL,6434,OneDay,2026-06-25T00:00:00Z,344.8,345.61,335.85,343.43,32268463.0
GOOGL,6434,OneDay,2026-06-26T00:00:00Z,343.43,346.34,335.18,337.47,23441267.0
GOOGL,6434,OneDay,2026-06-29T00:00:00Z,340.0,354.33,338.6,352.61,24318498.0
GOOGL,6434,OneDay,2026-06-30T00:00:00Z,352.61,358.59,350.41,356.3,27654309.0
GOOGL,6434,OneDay,2026-07-01T00:00:00Z,356.3,362.9,354.1,360.38,21339524.0
GOOGL,6434,OneDay,2026-07-02T00:00:00Z,360.26,364.17,353.44,359.0,19425612.0
GOOGL,6434,OneDay,2026-07-03T00:00:00Z,359.22,359.43,358.4,358.92,465894.0
GOOGL,6434,OneDay,2026-07-06T00:00:00Z,360.95,367.9,357.4,365.6,20398059.0
GOOGL,6434,OneDay,2026-07-07T00:00:00Z,366.0,373.11,362.7,366.6,18510682.0
GOOGL,6434,OneDay,2026-07-08T00:00:00Z,366.61,368.77,358.01,361.34,16142912.0
GOOGL,6434,OneDay,2026-07-09T00:00:00Z,361.34,362.82,351.08,358.07,19463153.0
GOOGL,6434,OneDay,2026-07-10T00:00:00Z,358.07,360.79,352.75,356.92,9908875.0
GOOGL,6434,OneDay,2026-07-13T00:00:00Z,356.06,357.91,351.76,352.17,12394666.0
GOOGL,6434,OneDay,2026-07-14T00:00:00Z,352.17,360.06,349.54,358.9,14324364.0
GOOGL,6434,OneDay,2026-07-15T00:00:00Z,358.93,373.56,356.68,370.2,21790632.0
GOOGL,6434,OneDay,2026-07-16T00:00:00Z,369.8,379.42,352.34,356.21,31126948.0
GOOGL,6434,OneDay,2026-07-17T00:00:00Z,356.21,358.04,341.36,346.9,15553474.0
GOOGL,6434,OneDay,2026-07-20T00:00:00Z,347.3,359.6,347.0,352.31,18519294.0
GOOGL,6434,OneDay,2026-07-21T00:00:00Z,352.35,356.59,347.02,347.64,18035937.0
GOOGL,6434,OneDay,2026-07-22T00:00:00Z,347.64,353.17,328.96,328.96,24593642.0
GOOGL,6434,OneDay,2026-07-23T00:00:00Z,327.79,336.21,314.92,318.82,52224692.0
GOOGL,6434,OneDay,2026-07-24T00:00:00Z,318.8,324.14,316.7,319.51,18573348.0
GOOGL,6434,OneDay,2026-07-27T00:00:00Z,321.45,330.41,321.0,326.71,20777336.0
GOOGL,6434,OneDay,2026-07-28T00:00:00Z,326.7,335.86,323.56,334.65,22727417.0
GOOGL,6434,OneDay,2026-07-29T00:00:00Z,334.81,342.47,330.5,333.0,19789818.0
GOOGL,6434,OneDay,2026-07-30T00:00:00Z,333.36,338.2,329.3,334.52,22913768.0
GOOGL,6434,OneDay,2026-07-31T00:00:00Z,334.52,358.52,333.8,356.15,26278534.0
GOOGL,6434,OneDay,2026-08-03T00:00:00Z,357.74,376.67,357.29,371.86,27148448.0
GOOGL,6434,OneDay,2026-08-04T00:00:00Z,371.86,380.5,366.1,380.2,25776118.0
GOOGL,6434,OneDay,2026-08-05T00:00:00Z,380.21,384.09,356.91,362.46,34242655.0
GOOGL,6434,OneDay,2026-08-06T00:00:00Z,362.41,366.71,356.88,357.75,19566073.0
GOOGL,6434,OneDay,2026-08-07T00:00:00Z,358.1,359.36,353.78,354.66,11606063.0
GOOGL,6434,OneDay,2026-08-10T00:00:00Z,354.78,357.81,352.73,357.0,14744307.0
GOOGL,6434,OneDay,2026-08-11T00:00:00Z,357.05,358.05,343.4,344.78,22067439.0
GOOGL,6434,OneDay,2026-08-12T00:00:00Z,344.85,346.85,340.88,343.55,18701682.0
GOOGL,6434,OneDay,2026-08-13T00:00:00Z,343.55,347.9,342.5,346.2,13306599.0
GOOGL,6434,OneDay,2026-08-14T00:00:00Z,346.36,350.29,344.5,346.03,10034370.0
GOOGL,6434,OneDay,2026-08-17T00:00:00Z,348.58,349.25,341.93,343.56,14020940.0
GOOGL,6434,OneDay,2026-08-18T00:00:00Z,343.56,344.84,340.22,343.71,15069409.0
GOOGL,6434,OneDay,2026-08-19T00:00:00Z,343.75,346.68,340.73,344.8,15205477.0
GOOGL,6434,OneDay,2026-08-20T00:00:00Z,344.69,345.68,338.57,340.38,7475900.0
AMZN,1005,OneDay,2022-07-22T00:00:00Z,124.7376,125.3571,121.2408,122.3198,
AMZN,1005,OneDay,2022-07-25T00:00:00Z,122.4897,123.4588,119.922,121.0709,
AMZN,1005,OneDay,2022-07-26T00:00:00Z,115.416,118.0137,114.4369,114.6867,
AMZN,1005,OneDay,2022-07-27T00:00:00Z,117.2744,121.7803,117.0645,120.8711,
AMZN,1005,OneDay,2022-07-28T00:00:00Z,121.3807,122.7095,117.9737,122.12,
AMZN,1005,OneDay,2022-07-29T00:00:00Z,134.6387,137.4862,132.3108,134.8885,
AMZN,1005,OneDay,2022-08-01T00:00:00Z,134.5788,138.7051,133.3898,135.2082,
AMZN,1005,OneDay,2022-08-02T00:00:00Z,134.4189,137.2963,133.9693,134.0892,
AMZN,1005,OneDay,2022-08-03T00:00:00Z,135.9475,140.3536,135.9475,139.3545,
AMZN,1005,OneDay,2022-08-04T00:00:00Z,140.5534,143.4208,139.4444,142.3618,
AMZN,1005,OneDay,2022-08-05T00:00:00Z,139.824,142.7214,139.4844,140.6933,
AMZN,1005,OneDay,2022-08-08T00:00:00Z,141.6724,144.0602,138.1555,139.2745,
AMZN,1005,OneDay,2022-08-09T00:00:00Z,138.0057,138.755,136.0874,137.636,
AMZN,1005,OneDay,2022-08-10T00:00:00Z,142.9113,143.9303,140.8831,142.4617,
AMZN,1005,OneDay,2022-08-11T00:00:00Z,143.8105,144.35,139.6342,140.4735,
AMZN,1005,OneDay,2022-08-12T00:00:00Z,141.8722,143.3709,139.9939,143.3709,
AMZN,1005,OneDay,2022-08-15T00:00:00Z,142.3718,143.6006,141.3527,142.9512,
AMZN,1005,OneDay,2022-08-16T00:00:00Z,143.7905,146.4281,141.9022,144.6697,
AMZN,1005,OneDay,2022-08-17T00:00:00Z,142.5116,143.231,140.6733,141.9222,
AMZN,1005,OneDay,2022-08-18T00:00:00Z,141.1129,142.6215,140.2636,142.2419,
AMZN,1005,OneDay,2022-08-19T00:00:00Z,140.1038,140.9231,137.7859,138.1256,
AMZN,1005,OneDay,2022-08-22T00:00:00Z,135.1283,136.0175,132.7504,133.1401,
AMZN,1005,OneDay,2022-08-23T00:00:00Z,133.1301,134.8585,132.8204,133.4298,
AMZN,1005,OneDay,2022-08-24T00:00:00Z,132.3308,135.3281,132.0311,133.5497,
AMZN,1005,OneDay,2022-08-25T00:00:00Z,135.1682,137.2264,134.1492,137.2264,
AMZN,1005,OneDay,2022-08-26T00:00:00Z,136.4571,137.666,130.3826,130.6823,
AMZN,1005,OneDay,2022-08-29T00:00:00Z,129.5333,131.8013,128.6541,129.5333,
AMZN,1005,OneDay,2022-08-30T00:00:00Z,131.2618,131.9312,126.7458,128.6641,
AMZN,1005,OneDay,2022-08-31T00:00:00Z,129.2236,130.4625,126.6359,126.6359,
AMZN,1005,OneDay,2022-09-01T00:00:00Z,125.8167,127.8748,123.5487,127.8149,
AMZN,1005,OneDay,2022-09-02T00:00:00Z,129.4834,131.2518,126.2762,127.4452,
AMZN,1005,OneDay,2022-09-06T00:00:00Z,127.7949,128.4543,124.6977,126.0165,
AMZN,1005,OneDay,2022-09-07T00:00:00Z,126.0165,129.6232,125.2871,129.3735,
AMZN,1005,OneDay,2022-09-08T00:00:00Z,127.2254,130.1228,127.0056,129.7531,
AMZN,1005,OneDay,2022-09-09T00:00:00Z,130.7422,133.4898,130.6723,133.24,
AMZN,1005,OneDay,2022-09-12T00:00:00Z,134.2711,136.5445,134.201,136.2553,
AMZN,1005,OneDay,2022-09-13T00:00:00Z,130.6138,131.133,126.0906,126.5299,
AMZN,1005,OneDay,2022-09-14T00:00:00Z,127.3886,128.6168,126.1405,128.467,
AMZN,1005,OneDay,2022-09-15T00:00:00Z,127.169,130.1545,125.3018,126.1006,
AMZN,1005,OneDay,2022-09-16T00:00:00Z,122.516,123.6742,120.519,123.5045,
AMZN,1005,OneDay,2022-09-19T00:00:00Z,121.8769,124.503,121.6473,124.483,
AMZN,1005,OneDay,2022-09-20T00:00:00Z,123.2848,124.1834,120.9583,121.9967,
AMZN,1005,OneDay,2022-09-21T00:00:00Z,122.1665,123.5045,118.3123,118.3622,
AMZN,1005,OneDay,2022-09-22T00:00:00Z,116.8245,118.5619,116.0856,117.1241,
AMZN,1005,OneDay,2022-09-23T00:00:00Z,115.7861,115.7861,111.8919,113.6792,
AMZN,1005,OneDay,2022-09-26T00:00:00Z,113.2698,117.144,113.0102,114.8874,
AMZN,1005,OneDay,2022-09-27T00:00:00Z,117.1041,118.1026,112.8804,114.2783,
AMZN,1005,OneDay,2022-09-28T00:00:00Z,113.9289,118.492,113.6493,117.823,
AMZN,1005,OneDay,2022-09-29T00:00:00Z,115.2968,115.846,112.8804,114.6478,
AMZN,1005,OneDay,2022-09-30T00:00:00Z,113.8989,116.7346,112.7207,112.8405,
AMZN,1005,OneDay,2022-10-03T00:00:00Z,113.6493,116.7247,112.2913,115.5963,
AMZN,1005,OneDay,2022-10-04T00:00:00Z,119.7601,122.8055,119.6203,120.9283,
AMZN,1005,OneDay,2022-10-05T00:00:00Z,118.1725,121.5474,117.5235,120.6488,
AMZN,1005,OneDay,2022-10-06T00:00:00Z,120.6288,121.2978,119.3507,120.0996,
AMZN,1005,OneDay,2022-10-07T00:00:00Z,117.5534,117.9229,113.7092,114.3782,
AMZN,1005,OneDay,2022-10-10T00:00:00Z,114.9673,116.0457,112.2913,113.4895,
AMZN,1005,OneDay,2022-10-11T00:00:00Z,112.5809,115.2868,110.2244,112.0117,
AMZN,1005,OneDay,2022-10-12T00:00:00Z,112.2713,113.6393,111.2229,112.7207,
AMZN,1005,OneDay,2022-10-13T00:00:00Z,107.4985,113.2099,105.192,112.3013,
AMZN,1005,OneDay,2022-10-14T00:00:00Z,113.4296,114.7576,106.5,106.7596,
AMZN,1005,OneDay,2022-10-17T00:00:00Z,110.0447,114.0087,110.0447,113.6293,
AMZN,1005,OneDay,2022-10-18T00:00:00Z,119.1011,119.1211,114.6178,116.2154,
AMZN,1005,OneDay,2022-10-19T00:00:00Z,114.3283,116.4051,113.0502,114.9473,
AMZN,1005,OneDay,2022-10-20T00:00:00Z,113.4795,118.0527,113.4795,115.0372,
AMZN,1005,OneDay,2022-10-21T00:00:00Z,114.7975,119.4006,114.3482,119.2009,
AMZN,1005,OneDay,2022-10-24T00:00:00Z,119.6802,120.1295,116.3951,119.7401,
AMZN,1005,OneDay,2022-10-25T00:00:00Z,119.3407,121.1181,118.7716,120.459,
AMZN,1005,OneDay,2022-10-26T00:00:00Z,115.6563,119.151,114.5879,115.4366,
AMZN,1005,OneDay,2022-10-27T00:00:00Z,113.6093,113.9189,109.6153,110.7436,
AMZN,1005,OneDay,2022-10-28T00:00:00Z,97.9429,103.7941,97.5435,103.2249,
AMZN,1005,OneDay,2022-10-31T00:00:00Z,103.3747,104.6927,100.5889,102.2264,
AMZN,1005,OneDay,2022-11-01T00:00:00Z,103.844,104.3333,95.9159,96.6348,
AMZN,1005,OneDay,2022-11-02T00:00:00Z,97.214,97.5135,91.892,91.892,
AMZN,1005,OneDay,2022-11-03T00:00:00Z,92.2814,93.3098,88.8865,89.216,
AMZN,1005,OneDay,2022-11-04T00:00:00Z,91.5025,92.2814,87.9179,90.8635,
AMZN,1005,OneDay,2022-11-07T00:00:00Z,91.7422,91.9119,88.9064,90.3942,
AMZN,1005,OneDay,2022-11-08T00:00:00Z,90.6438,91.5724,88.1176,89.855,
AMZN,1005,OneDay,2022-11-09T00:00:00Z,88.9763,88.9863,85.7512,85.9908,
AMZN,1005,OneDay,2022-11-10T00:00:00Z,92.8405,98.4122,91.5125,96.4152,
AMZN,1005,OneDay,2022-11-11T00:00:00Z,97.9728,101.0083,96.515,100.6089,
AMZN,1005,OneDay,2022-11-14T00:00:00Z,98.4421,99.9399,97.174,98.3123,
AMZN,1005,OneDay,2022-11-15T00:00:00Z,103.0053,103.6243,97.194,98.8016,
AMZN,1005,OneDay,2022-11-16T00:00:00Z,96.535,98.3223,95.3967,97.0043,
AMZN,1005,OneDay,2022-11-17T00:00:00Z,95.0372,96.8046,93.889,94.6878,
AMZN,1005,OneDay,2022-11-18T00:00:00Z,95.7761,95.7761,92.3613,94.0587,
AMZN,1005,OneDay,2022-11-21T00:00:00Z,93.7592,94.8375,90.4441,92.3213,
AMZN,1005,OneDay,2022-11-22T00:00:00Z,92.4012,93.19,90.7437,93.0702,
AMZN,1005,OneDay,2022-11-23T00:00:00Z,93.1501,94.4281,92.6808,93.9788,
AMZN,1005,OneDay,2022-11-25T00:00:00Z,93.5794,94.2784,92.9204,93.3198,
AMZN,1005,OneDay,2022-11-28T00:00:00Z,93.6293,95.836,93.2998,93.8091,
AMZN,1005,OneDay,2022-11-29T00:00:00Z,93.859,94.2484,91.3128,92.2414,
AMZN,1005,OneDay,2022-11-30T00:00:00Z,92.2814,96.3453,91.3827,96.3453,
AMZN,1005,OneDay,2022-12-01T00:00:00Z,96.8445,97.0542,94.7876,95.3667,
AMZN,1005,OneDay,2022-12-02T00:00:00Z,94.1985,95.187,93.6493,93.9489,
AMZN,1005,OneDay,2022-12-05T00:00:00Z,92.7706,93.889,90.6838,90.8635,
AMZN,1005,OneDay,2022-12-06T00:00:00Z,90.3842,90.8635,87.8081,88.0877,
AMZN,1005,OneDay,2022-12-07T00:00:00Z,88.1875,89.7452,87.3688,88.2974,
AMZN,1005,OneDay,2022-12-08T00:00:00Z,89.0962,90.7137,87.7582,90.1945,
AMZN,1005,OneDay,2022-12-09T00:00:00Z,88.9264,90.0547,88.6468,88.9763,
AMZN,1005,OneDay,2022-12-12T00:00:00Z,89.0462,90.4042,87.7282,90.3842,
AMZN,1005,OneDay,2022-12-13T00:00:00Z,94.9574,96.0657,90.3842,92.3213,
AMZN,1005,OneDay,2022-12-14T00:00:00Z,92.3613,93.2998,90.0547,91.4726,
AMZN,1005,OneDay,2022-12-15T00:00:00Z,89.6553,89.7352,87.3388,88.3173,
AMZN,1005,OneDay,2022-12-16T00:00:00Z,88.0677,89.186,86.5899,87.6184,
AMZN,1005,OneDay,2022-12-19T00:00:00Z,87.3887,87.4786,84.3832,84.8326,
AMZN,1005,OneDay,2022-12-20T00:00:00Z,85.1221,86.4701,84.2035,85.0722,
AMZN,1005,OneDay,2022-12-21T00:00:00Z,85.8211,87.0792,85.0822,86.6598,
AMZN,1005,OneDay,2022-12-22T00:00:00Z,85.3318,85.4217,82.1266,83.6943,
AMZN,1005,OneDay,2022-12-23T00:00:00Z,83.3448,85.6413,82.8156,85.0922,
AMZN,1005,OneDay,2022-12-27T00:00:00Z,84.9624,85.1721,82.8755,82.8855,
AMZN,1005,OneDay,2022-12-28T00:00:00Z,82.5959,83.3448,81.5675,81.7272,
AMZN,1005,OneDay,2022-12-29T00:00:00Z,82.7457,84.4132,82.4362,84.0537,
AMZN,1005,OneDay,2022-12-30T00:00:00Z,82.8655,83.904,82.3563,83.894,
AMZN,1005,OneDay,2023-01-03T00:00:00Z,85.5415,86.8196,84.0737,85.7112,
AMZN,1005,OneDay,2023-01-04T00:00:00Z,86.6998,86.7497,83.2649,85.0422,
AMZN,1005,OneDay,2023-01-05T00:00:00Z,84.8925,85.232,82.9554,82.9554,
AMZN,1005,OneDay,2023-01-06T00:00:00Z,82.7257,86.2504,81.2979,85.9409,
AMZN,1005,OneDay,2023-01-09T00:00:00Z,87.3588,89.3358,86.9694,87.209,
AMZN,1005,OneDay,2023-01-10T00:00:00Z,87.6284,90.0248,87.179,89.7252,
AMZN,1005,OneDay,2023-01-11T00:00:00Z,91.0233,95.0872,91.0233,94.9773,
AMZN,1005,OneDay,2023-01-12T00:00:00Z,96.6548,97.0242,93.3797,95.1471,
AMZN,1005,OneDay,2023-01-13T00:00:00Z,94.1785,98.2125,94.1785,97.9628,
AMZN,1005,OneDay,2023-01-17T00:00:00Z,98.3622,98.6119,95.5864,95.856,
AMZN,1005,OneDay,2023-01-18T00:00:00Z,97.2239,99.1411,95.2369,95.2669,
AMZN,1005,OneDay,2023-01-19T00:00:00Z,94.498,95.2569,92.7307,93.5195,
AMZN,1005,OneDay,2023-01-20T00:00:00Z,93.6992,97.194,93.0702,97.0342,
AMZN,1005,OneDay,2023-01-23T00:00:00Z,97.4336,97.5934,95.7562,97.4037,
AMZN,1005,OneDay,2023-01-24T00:00:00Z,96.8046,97.9329,95.856,96.1456,
AMZN,1005,OneDay,2023-01-25T00:00:00Z,92.6508,97.0742,91.3827,96.9843,
AMZN,1005,OneDay,2023-01-26T00:00:00Z,98.552,99.3308,96.7746,99.0712,
AMZN,1005,OneDay,2023-01-27T00:00:00Z,99.4806,103.3248,99.3907,102.0667,
AMZN,1005,OneDay,2023-01-30T00:00:00Z,100.8884,101.5874,98.8615,100.3592,
AMZN,1005,OneDay,2023-01-31T00:00:00Z,101.0182,103.185,100.9883,102.9953,
AMZN,1005,OneDay,2023-02-01T00:00:00Z,102.486,106.0607,101.0881,104.9923,
AMZN,1005,OneDay,2023-02-02T00:00:00Z,110.2244,113.809,108.7167,112.5609,
AMZN,1005,OneDay,2023-02-03T00:00:00Z,104.8425,108.5469,102.3662,103.2349,
AMZN,1005,OneDay,2023-02-06T00:00:00Z,102.5959,103.7641,100.509,102.0267,
AMZN,1005,OneDay,2023-02-07T00:00:00Z,101.1181,102.2464,97.9529,102.0567,
AMZN,1005,OneDay,2023-02-08T00:00:00Z,101.9668,102.4561,98.6318,99.9399,
AMZN,1005,OneDay,2023-02-09T00:00:00Z,101.2279,101.6074,97.4236,98.1026,
AMZN,1005,OneDay,2023-02-10T00:00:00Z,97.3737,98.6518,96.0857,97.4536,
AMZN,1005,OneDay,2023-02-13T00:00:00Z,97.4636,99.5205,96.7746,99.3707,
AMZN,1005,OneDay,2023-02-14T00:00:00Z,98.2025,100.7586,97.3737,99.5205,
AMZN,1005,OneDay,2023-02-15T00:00:00Z,98.8715,100.9783,98.3123,100.9683,
AMZN,1005,OneDay,2023-02-16T00:00:00Z,99.201,100.4591,97.9728,97.9928,
AMZN,1005,OneDay,2023-02-17T00:00:00Z,97.4636,97.4935,95.5065,97.0242,
AMZN,1005,OneDay,2023-02-21T00:00:00Z,94.8775,95.4366,94.1386,94.4781,
AMZN,1005,OneDay,2023-02-22T00:00:00Z,94.8775,96.8545,94.6578,95.6763,
AMZN,1005,OneDay,2023-02-23T00:00:00Z,96.0557,96.2454,93.5295,95.6863,
AMZN,1005,OneDay,2023-02-24T00:00:00Z,93.2699,93.9788,92.1815,93.4097,
AMZN,1005,OneDay,2023-02-27T00:00:00Z,94.3183,94.6278,93.0003,93.6493,
AMZN,1005,OneDay,2023-02-28T00:00:00Z,93.4596,94.538,92.7906,94.1785,
AMZN,1005,OneDay,2023-03-01T00:00:00Z,93.9189,94.518,91.4626,92.0218,
AMZN,1005,OneDay,2023-03-02T00:00:00Z,91.1431,92.0817,90.2544,91.9619,
AMZN,1005,OneDay,2023-03-03T00:00:00Z,92.7207,94.7776,92.521,94.7676,
AMZN,1005,OneDay,2023-03-06T00:00:00Z,95.1371,96.3952,93.6393,93.7791,
AMZN,1005,OneDay,2023-03-07T00:00:00Z,93.9489,94.9374,92.6308,93.3897,
AMZN,1005,OneDay,2023-03-08T00:00:00Z,93.5095,94.0088,92.0417,93.7991,
AMZN,1005,OneDay,2023-03-09T00:00:00Z,93.5095,96.0557,92.0417,92.1116,
AMZN,1005,OneDay,2023-03-10T00:00:00Z,92.3613,93.4197,90.1146,90.6139,
AMZN,1005,OneDay,2023-03-13T00:00:00Z,89.6653,93.849,87.9878,92.3013,
AMZN,1005,OneDay,2023-03-14T00:00:00Z,93.5595,94.9174,92.5709,94.7976,
AMZN,1005,OneDay,2023-03-15T00:00:00Z,93.3098,96.4751,92.9304,96.0757,
AMZN,1005,OneDay,2023-03-16T00:00:00Z,95.7062,100.8285,95.4666,99.84,
AMZN,1005,OneDay,2023-03-17T00:00:00Z,99.6004,100.4291,97.3138,98.7517,
AMZN,1005,OneDay,2023-03-20T00:00:00Z,98.1725,98.1725,95.5565,97.5035,
AMZN,1005,OneDay,2023-03-21T00:00:00Z,97.9529,100.6788,97.853,100.3193,
AMZN,1005,OneDay,2023-03-22T00:00:00Z,100.2594,101.9269,98.502,98.502,
AMZN,1005,OneDay,2023-03-23T00:00:00Z,100.2194,100.8984,97.4736,98.532,
AMZN,1005,OneDay,2023-03-24T00:00:00Z,97.8031,98.1326,96.2654,97.9928,
AMZN,1005,OneDay,2023-03-27T00:00:00Z,98.8016,99.181,96.9344,97.873,
AMZN,1005,OneDay,2023-03-28T00:00:00Z,97.7631,98.2824,96.1456,97.1241,
AMZN,1005,OneDay,2023-03-29T00:00:00Z,98.4321,100.2694,98.4321,100.0497,
AMZN,1005,OneDay,2023-03-30T00:00:00Z,101.3278,102.8755,100.8585,101.8071,
AMZN,1005,OneDay,2023-03-31T00:00:00Z,101.9169,103.2549,101.8071,103.1451,
AMZN,1005,OneDay,2023-04-03T00:00:00Z,101.9868,103.1251,101.2779,102.2464,
AMZN,1005,OneDay,2023-04-04T00:00:00Z,102.7257,104.0337,101.9568,103.7941,
AMZN,1005,OneDay,2023-04-05T00:00:00Z,103.6842,103.6842,100.5989,100.9084,
AMZN,1005,OneDay,2023-04-06T00:00:00Z,100.5989,102.2164,99.6503,101.8869,
AMZN,1005,OneDay,2023-04-10T00:00:00Z,100.7187,102.0367,99.4306,101.9668,
AMZN,1005,OneDay,2023-04-11T00:00:00Z,100.7586,100.7586,98.8615,99.7801,
AMZN,1005,OneDay,2023-04-12T00:00:00Z,100.1695,100.2694,97.5634,97.7232,
AMZN,1005,OneDay,2023-04-13T00:00:00Z,98.8215,102.3962,98.7317,102.2764,
AMZN,1005,OneDay,2023-04-14T00:00:00Z,102.0567,103.0352,100.9583,102.3762,
AMZN,1005,OneDay,2023-04-17T00:00:00Z,102.9953,103.5644,101.4676,102.5759,
AMZN,1005,OneDay,2023-04-18T00:00:00Z,103.844,104.0337,101.3677,102.2164,
AMZN,1005,OneDay,2023-04-19T00:00:00Z,101.3677,104.9523,101.2279,104.1835,
AMZN,1005,OneDay,2023-04-20T00:00:00Z,103.2848,105.0722,103.0552,103.6643,
AMZN,1005,OneDay,2023-04-21T00:00:00Z,105.6513,107.9778,104.9224,106.7696,
AMZN,1005,OneDay,2023-04-24T00:00:00Z,107.5584,109.0562,104.9124,105.9908,
AMZN,1005,OneDay,2023-04-25T00:00:00Z,104.8425,105.2719,102.3463,102.4361,
AMZN,1005,OneDay,2023-04-26T00:00:00Z,104.7526,106.4501,103.9638,104.8026,
AMZN,1005,OneDay,2023-04-27T00:00:00Z,107.7781,110.6638,106.6398,109.6053,
AMZN,1005,OneDay,2023-04-28T00:00:00Z,108.1376,109.2659,104.1935,105.2818,
AMZN,1005,OneDay,2023-05-01T00:00:00Z,104.8425,105.0422,101.6673,101.867,
AMZN,1005,OneDay,2023-05-02T00:00:00Z,101.2978,103.7342,100.9983,103.5644,
AMZN,1005,OneDay,2023-05-03T00:00:00Z,103.4446,105.7911,103.1351,103.5145,
AMZN,1005,OneDay,2023-05-04T00:00:00Z,104.1436,105.192,103.165,103.7541,
AMZN,1005,OneDay,2023-05-05T00:00:00Z,103.9738,105.5914,103.3947,105.4116,
AMZN,1005,OneDay,2023-05-08T00:00:00Z,104.9124,105.9309,104.543,105.6413,
AMZN,1005,OneDay,2023-05-09T00:00:00Z,105.3517,106.6098,104.9923,106.48,
AMZN,1005,OneDay,2023-05-10T00:00:00Z,107.9379,110.494,107.9379,110.0347,
AMZN,1005,OneDay,2023-05-11T00:00:00Z,110.9234,113.1001,110.3143,111.9518,
AMZN,1005,OneDay,2023-05-12T00:00:00Z,111.9418,112.4411,109.156,110.0647,
AMZN,1005,OneDay,2023-05-15T00:00:00Z,110.7736,112.0816,109.0861,111.0432,
AMZN,1005,OneDay,2023-05-16T00:00:00Z,111.0432,114.6078,110.8934,113.2299,
AMZN,1005,OneDay,2023-05-17T00:00:00Z,114.7975,115.6363,114.0487,115.2968,
AMZN,1005,OneDay,2023-05-18T00:00:00Z,116.465,118.4021,116.1655,117.9927,
AMZN,1005,OneDay,2023-05-19T00:00:00Z,117.9229,118.0327,115.5265,116.0557,
AMZN,1005,OneDay,2023-05-22T00:00:00Z,116.4551,116.4551,114.0786,114.8275,35348608.0
AMZN,1005,OneDay,2023-05-23T00:00:00Z,113.9289,116.9543,113.6193,114.8075,30090943.0
AMZN,1005,OneDay,2023-05-24T00:00:00Z,114.9673,117.134,114.8475,116.5649,31479882.0
AMZN,1005,OneDay,2023-05-25T00:00:00Z,116.1655,116.3253,114.1585,114.8375,31092898.0
AMZN,1005,OneDay,2023-05-26T00:00:00Z,116.2554,121.3078,116.0856,119.8999,46221589.0
AMZN,1005,OneDay,2023-05-30T00:00:00Z,122.0467,122.7057,119.6602,121.5075,31700747.0
AMZN,1005,OneDay,2023-05-31T00:00:00Z,121.0981,121.7771,118.9912,120.5489,27093667.0
AMZN,1005,OneDay,2023-06-01T00:00:00Z,120.8884,123.2948,119.81,122.5659,25922672.0
AMZN,1005,OneDay,2023-06-02T00:00:00Z,124.5329,126.1804,123.834,124.0536,31398701.0
AMZN,1005,OneDay,2023-06-05T00:00:00Z,123.175,125.5913,123.0452,125.1919,22215389.0
AMZN,1005,OneDay,2023-06-06T00:00:00Z,125.0721,127.1889,124.8624,126.49,23231471.0
AMZN,1005,OneDay,2023-06-07T00:00:00Z,126.7196,127.169,120.459,121.0482,41806807.0
AMZN,1005,OneDay,2023-06-08T00:00:00Z,122.5459,125.4316,122.0766,124.1235,31808306.0
AMZN,1005,OneDay,2023-06-09T00:00:00Z,123.9039,125.5913,123.0052,123.2548,25381361.0
AMZN,1005,OneDay,2023-06-12T00:00:00Z,123.7641,126.5798,123.3347,126.4101,23873771.0
AMZN,1005,OneDay,2023-06-13T00:00:00Z,128.0876,128.1575,124.9922,126.45,25026289.0
AMZN,1005,OneDay,2023-06-14T00:00:00Z,126.47,126.7396,123.9238,126.2304,23298970.0
AMZN,1005,OneDay,2023-06-15T00:00:00Z,124.7726,127.4785,124.1235,126.9094,24567501.0
AMZN,1005,OneDay,2023-06-16T00:00:00Z,127.4086,127.4086,125.122,125.2119,25246882.0
AMZN,1005,OneDay,2023-06-20T00:00:00Z,124.5828,127.0491,124.3831,125.6413,23306821.0
AMZN,1005,OneDay,2023-06-21T00:00:00Z,125.1819,126.5299,123.6642,124.6228,24963559.0
AMZN,1005,OneDay,2023-06-22T00:00:00Z,125.0621,130.1245,124.9623,129.9248,46057126.0
AMZN,1005,OneDay,2023-06-23T00:00:00Z,129.0162,130.6138,128.0876,129.0861,35324944.0
AMZN,1005,OneDay,2023-06-26T00:00:00Z,128.9762,131.2628,126.9094,127.1789,29146861.0
AMZN,1005,OneDay,2023-06-27T00:00:00Z,128.3172,129.8849,127.3687,129.0062,22831003.0
AMZN,1005,OneDay,2023-06-28T00:00:00Z,128.6967,131.2728,128.2673,128.8065,25423212.0
AMZN,1005,OneDay,2023-06-29T00:00:00Z,128.6068,129.0461,127.0691,127.7082,19537142.0
AMZN,1005,OneDay,2023-07-03T00:00:00Z,131.0032,131.6323,129.8649,130.0446,14041002.0
AMZN,1005,OneDay,2023-07-05T00:00:00Z,130.5838,131.1829,129.4455,130.1545,15913083.0
AMZN,1005,OneDay,2023-07-06T00:00:00Z,127.778,128.5169,127.1989,128.1175,17188757.0
AMZN,1005,OneDay,2023-07-07T00:00:00Z,128.0576,130.7636,127.9278,129.5753,19559547.0
AMZN,1005,OneDay,2023-07-10T00:00:00Z,128.7166,129.0561,125.7211,126.9892,30120522.0
AMZN,1005,OneDay,2023-07-11T00:00:00Z,127.4485,129.5654,127.159,128.5669,24831482.0
AMZN,1005,OneDay,2023-07-12T00:00:00Z,130.3242,131.0332,128.6368,130.6138,26135140.0
AMZN,1005,OneDay,2023-07-13T00:00:00Z,133.819,134.448,132.5109,134.1385,28693298.0
AMZN,1005,OneDay,2023-07-14T00:00:00Z,134.1485,136.435,134.1185,134.2983,27067050.0
AMZN,1005,OneDay,2023-07-17T00:00:00Z,134.5079,135.3367,133.0102,133.3597,23008960.0
AMZN,1005,OneDay,2023-07-18T00:00:00Z,131.7321,133.6492,131.163,132.5708,24140118.0
AMZN,1005,OneDay,2023-07-19T00:00:00Z,132.9603,135.776,132.3312,135.2069,25990490.0
AMZN,1005,OneDay,2023-07-20T00:00:00Z,133.9687,134.5878,129.136,129.825,28473139.0
AMZN,1005,OneDay,2023-07-24T00:00:00Z,130.3941,131.4425,128.1575,128.6068,21514011.0
AMZN,1005,OneDay,2023-07-25T00:00:00Z,129.2359,129.3557,128.3372,128.9762,17040152.0
AMZN,1005,OneDay,2023-07-26T00:00:00Z,126.1804,128.8564,125.9907,127.9877,25156489.0
AMZN,1005,OneDay,2023-07-27T00:00:00Z,130.6537,132.4111,127.5983,128.1076,26789283.0
AMZN,1005,OneDay,2023-07-28T00:00:00Z,129.4356,132.7805,129.136,131.9218,20828781.0
AMZN,1005,OneDay,2023-07-31T00:00:00Z,132.7007,133.6592,132.1814,133.5294,19318971.0
AMZN,1005,OneDay,2023-08-01T00:00:00Z,133.3696,133.4595,131.4126,131.4725,19972187.0
AMZN,1005,OneDay,2023-08-02T00:00:00Z,129.5554,129.9148,126.6398,128.0177,23997869.0
AMZN,1005,OneDay,2023-08-03T00:00:00Z,127.1989,129.6353,126.2404,128.6567,32070159.0
AMZN,1005,OneDay,2023-08-04T00:00:00Z,140.8484,143.3946,139.131,139.3806,84296902.0
AMZN,1005,OneDay,2023-08-07T00:00:00Z,140.7885,142.3162,138.7915,141.9767,40649251.0
AMZN,1005,OneDay,2023-08-08T00:00:00Z,140.5788,140.5888,138.2124,139.7401,28341102.0
AMZN,1005,OneDay,2023-08-09T00:00:00Z,139.76,140.0596,136.9043,137.7031,28232249.0
AMZN,1005,OneDay,2023-08-10T00:00:00Z,138.8814,140.1794,137.2838,138.3222,29198267.0
AMZN,1005,OneDay,2023-08-11T00:00:00Z,137.5933,139.101,136.9443,138.1425,22908983.0
AMZN,1005,OneDay,2023-08-14T00:00:00Z,138.0726,140.3392,137.5534,140.3092,24531724.0
AMZN,1005,OneDay,2023-08-15T00:00:00Z,140.2293,141.0481,137.0142,137.5733,22811989.0
AMZN,1005,OneDay,2023-08-16T00:00:00Z,136.495,137.0341,134.8175,134.8774,23085022.0
AMZN,1005,OneDay,2023-08-17T00:00:00Z,135.2069,135.8459,133.3297,133.9787,24391495.0
AMZN,1005,OneDay,2023-08-18T00:00:00Z,131.133,133.8489,131.133,132.8305,23440149.0
AMZN,1005,OneDay,2023-08-21T00:00:00Z,133.3197,134.9672,132.501,134.448,21114964.0
AMZN,1005,OneDay,2023-08-22T00:00:00Z,134.8574,135.4066,133.5294,134.0486,17383554.0
AMZN,1005,OneDay,2023-08-23T00:00:00Z,134.0786,135.7361,133.0102,135.2868,21022687.0
AMZN,1005,OneDay,2023-08-24T00:00:00Z,136.3651,136.5049,131.6822,131.6822,22056685.0
AMZN,1005,OneDay,2023-08-25T00:00:00Z,132.501,133.6492,130.3841,133.0102,21887440.0
AMZN,1005,OneDay,2023-08-28T00:00:00Z,133.2698,133.7391,131.6522,133.0401,17709972.0
AMZN,1005,OneDay,2023-08-29T00:00:00Z,133.3397,134.9273,133.0501,134.7476,19970293.0
AMZN,1005,OneDay,2023-08-30T00:00:00Z,134.6477,135.4665,133.7391,134.8774,17043464.0
AMZN,1005,OneDay,2023-08-31T00:00:00Z,135.2768,138.5519,135.0571,137.8429,29995481.0
AMZN,1005,OneDay,2023-09-01T00:00:00Z,139.3307,139.7301,136.6747,137.793,20563899.0
AMZN,1005,OneDay,2023-09-05T00:00:00Z,137.5334,137.5334,135.6263,137.0441,19573197.0
AMZN,1005,OneDay,2023-09-06T00:00:00Z,136.0956,137.2239,134.4081,135.1669,21457944.0
AMZN,1005,OneDay,2023-09-07T00:00:00Z,133.4495,137.793,133.0002,137.6732,26013661.0
AMZN,1005,OneDay,2023-09-08T00:00:00Z,136.8944,138.6417,136.5449,138.0227,20018132.0
AMZN,1005,OneDay,2023-09-11T00:00:00Z,138.6817,143.3846,138.6817,142.9053,32648624.0
AMZN,1005,OneDay,2023-09-12T00:00:00Z,142.1165,142.7655,140.3991,141.0381,22169336.0
AMZN,1005,OneDay,2023-09-13T00:00:00Z,140.8983,144.7525,140.6687,144.6727,31367447.0
AMZN,1005,OneDay,2023-09-14T00:00:00Z,144.8424,145.6212,142.7855,144.453,32975659.0
AMZN,1005,OneDay,2023-09-15T00:00:00Z,142.9752,143.3247,139.8899,140.1295,33748211.0
AMZN,1005,OneDay,2023-09-18T00:00:00Z,140.7386,141.4575,139.0112,139.7201,20178025.0
AMZN,1005,OneDay,2023-09-19T00:00:00Z,138.2723,138.3022,135.3567,137.3936,33169102.0
AMZN,1005,OneDay,2023-09-20T00:00:00Z,138.3122,139.141,135.0072,135.0371,23618166.0
AMZN,1005,OneDay,2023-09-21T00:00:00Z,131.4425,132.0217,129.166,129.1859,36900375.0
AMZN,1005,OneDay,2023-09-22T00:00:00Z,131.2928,131.802,128.3172,128.9363,28702748.0
AMZN,1005,OneDay,2023-09-25T00:00:00Z,129.146,131.5723,128.5868,131.0332,27527612.0
AMZN,1005,OneDay,2023-09-26T00:00:00Z,129.9448,130.1645,125.0921,125.8609,42172392.0
AMZN,1005,OneDay,2023-09-27T00:00:00Z,125.3018,127.2688,123.9638,125.811,40202457.0
AMZN,1005,OneDay,2023-09-28T00:00:00Z,123.794,126.3801,122.8654,125.7211,33343001.0
AMZN,1005,OneDay,2023-09-29T00:00:00Z,127.8779,128.9363,126.1305,126.8095,34186524.0
AMZN,1005,OneDay,2023-10-02T00:00:00Z,126.9393,130.2643,126.3602,129.2458,26122367.0
AMZN,1005,OneDay,2023-10-03T00:00:00Z,127.798,128.2873,124.0636,124.5529,28130333.0
AMZN,1005,OneDay,2023-10-04T00:00:00Z,125.7511,127.149,125.4915,126.7496,23459908.0
AMZN,1005,OneDay,2023-10-05T00:00:00Z,126.48,126.49,124.1535,125.7611,21703283.0
AMZN,1005,OneDay,2023-10-09T00:00:00Z,125.0122,128.5868,125.0122,128.0676,20420364.0
AMZN,1005,OneDay,2023-10-10T00:00:00Z,128.487,130.5339,127.8579,129.3557,22013290.0
AMZN,1005,OneDay,2023-10-12T00:00:00Z,131.9518,134.2683,131.0332,132.1315,32859175.0
AMZN,1005,OneDay,2023-10-13T00:00:00Z,132.8804,133.0601,128.7566,129.5853,24160912.0
AMZN,1005,OneDay,2023-10-16T00:00:00Z,130.7236,132.8604,130.2443,132.3212,22156189.0
AMZN,1005,OneDay,2023-10-17T00:00:00Z,129.8849,132.3811,128.5169,131.2728,24338634.0
AMZN,1005,OneDay,2023-10-18T00:00:00Z,129.7351,130.454,127.3187,127.8779,21637456.0
AMZN,1005,OneDay,2023-10-19T00:00:00Z,130.3043,132.0117,127.2888,128.1774,32586599.0
AMZN,1005,OneDay,2023-10-20T00:00:00Z,127.9178,127.9178,124.7925,124.8924,28862445.0
AMZN,1005,OneDay,2023-10-23T00:00:00Z,124.6328,127.6782,123.804,126.4301,25689730.0
AMZN,1005,OneDay,2023-10-24T00:00:00Z,127.4785,128.5968,126.1405,128.3971,24081368.0
AMZN,1005,OneDay,2023-10-25T00:00:00Z,125.6512,125.6512,120.5988,121.2079,38448414.0
AMZN,1005,OneDay,2023-10-26T00:00:00Z,120.0696,121.3976,118.1825,119.5404,40477012.0
AMZN,1005,OneDay,2023-10-30T00:00:00Z,129.9448,132.7805,128.6567,132.5209,41173662.0
AMZN,1005,OneDay,2023-10-31T00:00:00Z,132.7206,133.3397,131.5224,132.9103,26346228.0
AMZN,1005,OneDay,2023-11-01T00:00:00Z,133.819,137.124,133.6792,136.8045,32229619.0
AMZN,1005,OneDay,2023-11-02T00:00:00Z,138.4221,138.5119,136.2753,137.8829,26381591.0
AMZN,1005,OneDay,2023-11-03T00:00:00Z,138.8414,139.2708,137.2438,138.3721,23754396.0
AMZN,1005,OneDay,2023-11-06T00:00:00Z,138.5818,140.4989,138.1425,139.5104,23497001.0
AMZN,1005,OneDay,2023-11-07T00:00:00Z,140.5389,143.145,140.3791,142.5658,27818516.0
AMZN,1005,OneDay,2023-11-08T00:00:00Z,142.5958,142.8754,140.9982,141.9368,23249850.0
AMZN,1005,OneDay,2023-11-09T00:00:00Z,141.8469,142.4161,139.6302,140.3192,18744021.0
AMZN,1005,OneDay,2023-11-10T00:00:00Z,140.1395,143.4245,139.7101,143.3546,22428228.0
AMZN,1005,OneDay,2023-11-13T00:00:00Z,141.7171,143.0052,140.459,142.3961,20076397.0
AMZN,1005,OneDay,2023-11-14T00:00:00Z,144.7026,147.0092,144.7026,145.5114,28773406.0
AMZN,1005,OneDay,2023-11-15T00:00:00Z,146.9792,146.9792,142.3761,143.0152,33767379.0
AMZN,1005,OneDay,2023-11-16T00:00:00Z,140.5189,143.095,139.3207,142.6357,27600161.0
AMZN,1005,OneDay,2023-11-17T00:00:00Z,142.3362,144.9822,142.3362,144.9423,24313645.0
AMZN,1005,OneDay,2023-11-20T00:00:00Z,145.1519,146.4001,144.5229,145.9408,22183549.0
AMZN,1005,OneDay,2023-11-21T00:00:00Z,143.2848,143.6742,141.2878,143.6342,36543600.0
AMZN,1005,OneDay,2023-11-22T00:00:00Z,144.7226,147.5184,144.5329,146.5598,24959136.0
AMZN,1005,OneDay,2023-11-24T00:00:00Z,146.2503,146.9692,145.112,146.45,12021154.0
AMZN,1005,OneDay,2023-11-27T00:00:00Z,147.4984,149.0161,146.6597,147.5683,27044323.0
AMZN,1005,OneDay,2023-11-28T00:00:00Z,146.9393,147.3586,145.3117,146.7795,22117202.0
AMZN,1005,OneDay,2023-11-29T00:00:00Z,147.5384,148.2773,145.751,146.0606,20670189.0
AMZN,1005,OneDay,2023-11-30T00:00:00Z,144.6527,146.6797,144.1135,145.9208,23293046.0
AMZN,1005,OneDay,2023-12-05T00:00:00Z,143.2149,148.3272,142.9153,146.6597,26081308.0
AMZN,1005,OneDay,2023-12-06T00:00:00Z,147.3387,147.3986,144.0736,144.3132,20872918.0
AMZN,1005,OneDay,2023-12-07T00:00:00Z,145.4215,147.6782,145.122,146.6098,23210866.0
AMZN,1005,OneDay,2023-12-08T00:00:00Z,145.2418,147.6083,145.2218,147.1889,18067916.0
AMZN,1005,OneDay,2023-12-11T00:00:00Z,144.9323,145.9607,143.4245,145.7411,22608373.0
AMZN,1005,OneDay,2023-12-12T00:00:00Z,145.2818,147.2588,145.2518,147.2188,19790074.0
AMZN,1005,OneDay,2023-12-13T00:00:00Z,147.8179,149.1959,146.5998,148.5269,24807087.0
AMZN,1005,OneDay,2023-12-14T00:00:00Z,149.6752,150.2443,145.2917,147.089,29279918.0
AMZN,1005,OneDay,2023-12-18T00:00:00Z,149.8649,154.6077,149.8649,153.8389,30300990.0
AMZN,1005,OneDay,2023-12-19T00:00:00Z,154.0586,154.8174,152.471,153.3896,21490235.0
AMZN,1005,OneDay,2023-12-20T00:00:00Z,152.9303,155.3766,151.3726,152.0116,25592432.0
AMZN,1005,OneDay,2023-12-21T00:00:00Z,152.8903,153.6891,151.8719,153.6891,19595438.0
AMZN,1005,OneDay,2023-12-22T00:00:00Z,153.759,154.0885,152.4909,153.2198,14525435.0
AMZN,1005,OneDay,2023-12-26T00:00:00Z,153.2698,153.739,152.8005,153.2098,14041342.0
AMZN,1005,OneDay,2023-12-27T00:00:00Z,153.2797,154.5279,152.8803,153.1599,17169636.0
AMZN,1005,OneDay,2023-12-28T00:00:00Z,153.3896,153.8189,152.7206,153.12,14493517.0
AMZN,1005,OneDay,2023-12-29T00:00:00Z,152.8903,153.6492,150.7935,151.8319,19819450.0
AMZN,1005,OneDay,2024-01-02T00:00:00Z,151.3626,152.1015,148.1674,149.6252,22911000.0
AMZN,1005,OneDay,2024-01-03T00:00:00Z,149.1459,150.8134,148.1175,148.1474,23767872.0
AMZN,1005,OneDay,2024-01-04T00:00:00Z,144.9123,147.129,143.8339,144.2833,27653414.0
AMZN,1005,OneDay,2024-01-08T00:00:00Z,146.1005,149.1659,145.9507,148.9462,20285886.0
AMZN,1005,OneDay,2024-01-09T00:00:00Z,147.9877,151.4725,147.9877,151.0631,22767579.0
AMZN,1005,OneDay,2024-01-10T00:00:00Z,152.0716,154.1584,151.6522,153.4395,23558444.0
AMZN,1005,OneDay,2024-01-11T00:00:00Z,155.1769,156.9143,152.8903,154.9273,28014128.0
AMZN,1005,OneDay,2024-01-16T00:00:00Z,153.2797,154.7475,151.9118,152.9003,19404904.0
AMZN,1005,OneDay,2024-01-17T00:00:00Z,151.6622,151.9118,149.7251,151.4225,18545523.0
AMZN,1005,OneDay,2024-01-18T00:00:00Z,152.6806,153.5393,151.6023,153.2398,19158550.0
AMZN,1005,OneDay,2024-01-19T00:00:00Z,153.4794,155.5164,152.5109,155.087,22409293.0
AMZN,1005,OneDay,2024-01-22T00:00:00Z,156.2153,156.2153,153.6692,154.4779,22355193.0
AMZN,1005,OneDay,2024-01-23T00:00:00Z,154.5378,155.9657,153.7091,155.756,19096063.0
AMZN,1005,OneDay,2024-01-24T00:00:00Z,157.3636,158.2523,156.2653,156.6147,24163868.0
AMZN,1005,OneDay,2024-01-25T00:00:00Z,156.6347,158.2523,154.3182,157.4934,23245574.0
AMZN,1005,OneDay,2024-01-26T00:00:00Z,158.3122,160.459,157.6831,158.8214,24499079.0
AMZN,1005,OneDay,2024-01-29T00:00:00Z,159.2408,161.0381,158.6617,161.0081,23771546.0
AMZN,1005,OneDay,2024-01-30T00:00:00Z,160.2892,161.4575,158.2922,158.8314,21915798.0
AMZN,1005,OneDay,2024-01-31T00:00:00Z,156.3351,158.7515,154.5878,155.0571,24224216.0
AMZN,1005,OneDay,2024-02-01T00:00:00Z,155.6562,159.2608,155.6562,159.2508,31593606.0
AMZN,1005,OneDay,2024-02-02T00:00:00Z,169.2757,172.2213,167.1289,171.5323,63722568.0
AMZN,1005,OneDay,2024-02-05T00:00:00Z,170.1344,170.2642,167.4584,169.9048,29994050.0
AMZN,1005,OneDay,2024-02-06T00:00:00Z,169.775,170.394,167.3985,168.7864,21218523.0
AMZN,1005,OneDay,2024-02-07T00:00:00Z,169.3556,170.6137,168.9162,170.2143,21946534.0
AMZN,1005,OneDay,2024-02-08T00:00:00Z,169.5952,171.1429,168.6267,169.5753,24485693.0
AMZN,1005,OneDay,2024-02-09T00:00:00Z,170.6736,174.7175,170.3241,174.1184,29412567.0
AMZN,1005,OneDay,2024-02-12T00:00:00Z,174.4479,175.087,171.2827,172.1114,25112432.0
AMZN,1005,OneDay,2024-02-13T00:00:00Z,166.5398,170.6736,165.5014,168.387,25505287.0
AMZN,1005,OneDay,2024-02-14T00:00:00Z,168.7465,170.9432,168.0476,170.8034,19895664.0
AMZN,1005,OneDay,2024-02-15T00:00:00Z,170.3241,170.9033,167.3386,169.5253,25732757.0
AMZN,1005,OneDay,2024-02-16T00:00:00Z,168.5069,170.1344,166.9192,169.1858,23258156.0
AMZN,1005,OneDay,2024-02-20T00:00:00Z,167.5683,168.437,165.5014,166.7695,19697457.0
AMZN,1005,OneDay,2024-02-21T00:00:00Z,168.2572,169.9347,166.8893,168.3171,23406170.0
AMZN,1005,OneDay,2024-02-22T00:00:00Z,172.8803,174.5278,171.5223,174.2183,30372574.0
AMZN,1005,OneDay,2024-02-23T00:00:00Z,174.2083,175.4664,173.4494,174.7575,22846893.0
AMZN,1005,OneDay,2024-02-26T00:00:00Z,175.047,176.0755,174.0186,174.4579,20865267.0
AMZN,1005,OneDay,2024-02-27T00:00:00Z,174.0186,174.3481,172.6007,173.2597,16034913.0
AMZN,1005,OneDay,2024-02-28T00:00:00Z,172.2013,173.769,172.1813,172.8404,13538857.0
AMZN,1005,OneDay,2024-02-29T00:00:00Z,172.8304,176.9342,172.7205,176.2353,20709476.0
AMZN,1005,OneDay,2024-03-01T00:00:00Z,176.435,178.4419,175.8059,177.9627,16508349.0
AMZN,1005,OneDay,2024-03-04T00:00:00Z,178.0825,179.8299,177.2537,177.3036,17224098.0
AMZN,1005,OneDay,2024-03-05T00:00:00Z,176.2752,176.5847,173.05,173.9187,17737725.0
AMZN,1005,OneDay,2024-03-06T00:00:00Z,175.5962,176.1753,173.0101,173.2897,17307768.0
AMZN,1005,OneDay,2024-03-07T00:00:00Z,174.5977,177.713,173.4494,176.5947,17232787.0
AMZN,1005,OneDay,2024-03-08T00:00:00Z,175.9557,178.5118,174.0685,175.047,19608823.0
AMZN,1005,OneDay,2024-03-11T00:00:00Z,173.9487,173.9687,171.2128,171.6721,15164383.0
AMZN,1005,OneDay,2024-03-12T00:00:00Z,173.1898,176.4749,171.742,175.2068,18019298.0
AMZN,1005,OneDay,2024-03-13T00:00:00Z,175.5962,177.3336,175.2867,176.2952,15230539.0
AMZN,1005,OneDay,2024-03-14T00:00:00Z,177.4035,179.2308,176.1953,178.412,21349532.0
AMZN,1005,OneDay,2024-03-15T00:00:00Z,177.1738,177.4135,173.6392,174.1783,23040537.0
AMZN,1005,OneDay,2024-03-18T00:00:00Z,175.6461,176.415,174.0186,174.2283,14626344.0
AMZN,1005,OneDay,2024-03-19T00:00:00Z,173.9087,175.8159,173.2697,175.5363,13649835.0
AMZN,1005,OneDay,2024-03-20T00:00:00Z,175.7759,178.2522,174.378,177.7829,16077667.0
AMZN,1005,OneDay,2024-03-21T00:00:00Z,179.6701,181.0979,178.0725,178.1024,16468596.0
AMZN,1005,OneDay,2024-03-22T00:00:00Z,177.5732,178.9811,176.4849,178.6317,12432286.0
AMZN,1005,OneDay,2024-03-25T00:00:00Z,177.4335,180.7085,177.0141,179.4904,15172816.0
AMZN,1005,OneDay,2024-03-26T00:00:00Z,179.6501,180.1594,177.753,178.0625,14216460.0
AMZN,1005,OneDay,2024-03-27T00:00:00Z,179.4604,179.6801,177.0341,179.5503,15423593.0
AMZN,1005,OneDay,2024-03-28T00:00:00Z,179.2308,181.3875,178.9811,179.9996,17265155.0
AMZN,1005,OneDay,2024-04-01T00:00:00Z,180.4988,182.7055,179.6901,180.6985,15424144.0
AMZN,1005,OneDay,2024-04-02T00:00:00Z,178.7714,180.5088,178.1424,180.419,16019839.0
AMZN,1005,OneDay,2024-04-03T00:00:00Z,180.0196,182.5857,179.8199,182.1464,15308314.0
AMZN,1005,OneDay,2024-04-04T00:00:00Z,183.8838,184.8124,179.74,179.8398,21248741.0
AMZN,1005,OneDay,2024-04-05T00:00:00Z,181.9866,185.9706,181.707,184.8224,24109388.0
AMZN,1005,OneDay,2024-04-08T00:00:00Z,186.7794,186.8593,184.5428,184.9222,20198636.0
AMZN,1005,OneDay,2024-04-09T00:00:00Z,186.9791,187.0091,183.9237,185.3915,19276788.0
AMZN,1005,OneDay,2024-04-10T00:00:00Z,182.9851,185.9606,182.5358,185.8009,18823244.0
AMZN,1005,OneDay,2024-04-11T00:00:00Z,186.2502,189.4754,185.2218,188.7564,22362829.0
AMZN,1005,OneDay,2024-04-12T00:00:00Z,187.3086,188.0575,184.8024,185.8608,20597155.0
AMZN,1005,OneDay,2024-04-15T00:00:00Z,186.9691,188.397,182.7854,183.3845,24580929.0
AMZN,1005,OneDay,2024-04-16T00:00:00Z,183.1249,184.5328,181.9966,183.055,18026248.0
AMZN,1005,OneDay,2024-04-17T00:00:00Z,183.9736,184.2732,179.5603,180.9582,17882061.0
AMZN,1005,OneDay,2024-04-18T00:00:00Z,180.9781,182.1064,178.382,178.9312,16828370.0
AMZN,1005,OneDay,2024-04-19T00:00:00Z,177.9127,178.5518,173.1798,174.2383,24790442.0
AMZN,1005,OneDay,2024-04-22T00:00:00Z,176.8044,178.5618,174.3081,176.9442,17779305.0
AMZN,1005,OneDay,2024-04-23T00:00:00Z,177.6431,179.6601,175.716,179.4005,18973306.0
AMZN,1005,OneDay,2024-04-24T00:00:00Z,179.5103,180.0395,175.9057,176.3251,17866219.0
AMZN,1005,OneDay,2024-04-26T00:00:00Z,177.5932,180.5288,175.8658,179.3805,23845864.0
AMZN,1005,OneDay,2024-04-29T00:00:00Z,182.0565,183.2148,179.1209,180.5687,29619314.0
AMZN,1005,OneDay,2024-04-30T00:00:00Z,180.9681,181.727,174.7175,175.5762,40446503.0
AMZN,1005,OneDay,2024-05-01T00:00:00Z,180.7984,184.8423,176.3051,178.7515,59159616.0
AMZN,1005,OneDay,2024-05-02T00:00:00Z,180.4389,184.7824,179.6501,184.423,30950114.0
AMZN,1005,OneDay,2024-05-03T00:00:00Z,186.4898,187.5682,185.1419,185.9207,22136793.0
AMZN,1005,OneDay,2024-05-06T00:00:00Z,185.721,188.4369,184.5228,188.3471,18799033.0
AMZN,1005,OneDay,2024-05-07T00:00:00Z,188.6167,189.6451,187.039,188.6466,20033592.0
AMZN,1005,OneDay,2024-05-08T00:00:00Z,187.079,188.1274,186.1104,187.738,14565094.0
AMZN,1005,OneDay,2024-05-09T00:00:00Z,188.7764,191.3825,187.1688,189.2257,27636344.0
AMZN,1005,OneDay,2024-05-13T00:00:00Z,187.9377,187.9377,185.072,186.38,14691571.0
AMZN,1005,OneDay,2024-05-14T00:00:00Z,183.8039,187.4384,183.3246,186.7994,21921957.0
AMZN,1005,OneDay,2024-05-15T00:00:00Z,185.9606,186.42,182.5058,185.731,42614202.0
AMZN,1005,OneDay,2024-05-16T00:00:00Z,185.3715,186.9791,183.1948,183.2647,19913472.0
AMZN,1005,OneDay,2024-05-20T00:00:00Z,184.1933,186.3401,183.0051,183.3246,18064782.0
AMZN,1005,OneDay,2024-05-21T00:00:00Z,181.7969,182.9651,180.4889,182.8553,29487965.0
AMZN,1005,OneDay,2024-05-22T00:00:00Z,183.6142,184.9022,181.707,182.7954,16910256.0
AMZN,1005,OneDay,2024-05-23T00:00:00Z,183.6641,184.4729,179.8099,180.8383,19158427.0
AMZN,1005,OneDay,2024-05-28T00:00:00Z,179.4704,181.8868,179.3905,181.8868,16784436.0
AMZN,1005,OneDay,2024-05-29T00:00:00Z,181.4774,183.7839,181.3376,181.5772,16579279.0
AMZN,1005,OneDay,2024-05-30T00:00:00Z,180.8184,180.8783,178.0925,179.1409,15354532.0
AMZN,1005,OneDay,2024-05-31T00:00:00Z,178.0925,178.9112,173.6192,176.0755,27879738.0
AMZN,1005,OneDay,2024-06-03T00:00:00Z,176.7045,178.412,175.6561,178.0425,17452491.0
AMZN,1005,OneDay,2024-06-04T00:00:00Z,177.8129,179.5303,176.1753,178.9711,17678554.0
AMZN,1005,OneDay,2024-06-05T00:00:00Z,179.5203,181.2178,178.5118,180.8883,15906413.0
AMZN,1005,OneDay,2024-06-06T00:00:00Z,181.5073,184.6826,181.1978,184.6127,16818568.0
AMZN,1005,OneDay,2024-06-07T00:00:00Z,184.1633,186.0006,183.1249,184.0036,14969232.0
AMZN,1005,OneDay,2024-06-10T00:00:00Z,183.8039,186.9092,183.5143,186.6995,17413740.0
AMZN,1005,OneDay,2024-06-11T00:00:00Z,186.6895,187.4384,184.2532,186.9292,14001579.0
AMZN,1005,OneDay,2024-06-12T00:00:00Z,187.3785,188.0475,185.1519,186.5897,22664578.0
AMZN,1005,OneDay,2024-06-13T00:00:00Z,185.6112,187.3785,182.406,183.3645,26557178.0
AMZN,1005,OneDay,2024-06-14T00:00:00Z,182.5657,183.4145,181.9666,183.3546,15616549.0
AMZN,1005,OneDay,2024-06-17T00:00:00Z,182.1164,184.7125,180.9482,183.6441,18682378.0
AMZN,1005,OneDay,2024-06-18T00:00:00Z,183.1948,183.9936,181.1479,182.5957,17947518.0
AMZN,1005,OneDay,2024-06-20T00:00:00Z,182.4659,186.2103,182.4659,185.691,22466003.0
AMZN,1005,OneDay,2024-06-21T00:00:00Z,187.5183,188.9861,185.5812,188.7065,26211870.0
AMZN,1005,OneDay,2024-06-24T00:00:00Z,188.9961,190.6935,185.052,185.4714,24642953.0
AMZN,1005,OneDay,2024-06-25T00:00:00Z,186.0705,188.5468,185.1818,186.1404,17751443.0
AMZN,1005,OneDay,2024-06-26T00:00:00Z,186.3101,194.4978,186.0106,193.3795,36727588.0
AMZN,1005,OneDay,2024-06-27T00:00:00Z,195.2267,199.5203,193.9287,197.3136,46402211.0
AMZN,1005,OneDay,2024-06-28T00:00:00Z,196.9741,198.5318,192.2312,192.8902,32273213.0
AMZN,1005,OneDay,2024-07-01T00:00:00Z,192.8503,197.9926,192.5408,196.8942,23554000.0
AMZN,1005,OneDay,2024-07-02T00:00:00Z,196.2352,200.1194,195.676,199.71,25840433.0
AMZN,1005,OneDay,2024-07-03T00:00:00Z,199.3805,199.7,196.4649,197.1339,17869270.0
AMZN,1005,OneDay,2024-07-05T00:00:00Z,198.0724,200.2192,197.8727,199.6601,19790961.0
AMZN,1005,OneDay,2024-07-08T00:00:00Z,199.6301,200.8383,197.6631,198.8613,19056116.0
AMZN,1005,OneDay,2024-07-09T00:00:00Z,199.5003,200.2492,198.7414,199.1209,17240891.0
AMZN,1005,OneDay,2024-07-10T00:00:00Z,199.4703,199.7999,197.3935,199.5003,18306907.0
AMZN,1005,OneDay,2024-07-11T00:00:00Z,199.5802,199.9496,192.5707,194.7075,23822410.0
AMZN,1005,OneDay,2024-07-12T00:00:00Z,194.388,196.1653,193.5393,193.739,16767816.0
AMZN,1005,OneDay,2024-07-15T00:00:00Z,193.7689,195.8857,190.5438,192.0315,23368535.0
AMZN,1005,OneDay,2024-07-16T00:00:00Z,195.1468,196.2951,191.9616,192.5707,19966751.0
AMZN,1005,OneDay,2024-07-17T00:00:00Z,191.2727,191.2727,185.711,187.708,28181671.0
AMZN,1005,OneDay,2024-07-18T00:00:00Z,188.9262,189.2856,181.1778,183.4245,30593894.0
AMZN,1005,OneDay,2024-07-19T00:00:00Z,180.6187,184.6426,179.8898,182.8453,18854495.0
AMZN,1005,OneDay,2024-07-22T00:00:00Z,183.9636,184.4629,182.2263,182.366,19051654.0
AMZN,1005,OneDay,2024-07-23T00:00:00Z,183.3945,189.0859,183.3246,186.0904,27918682.0
AMZN,1005,OneDay,2024-07-24T00:00:00Z,182.9951,185.1119,180.2792,180.7385,21819810.0
AMZN,1005,OneDay,2024-07-25T00:00:00Z,182.5058,183.6142,176.5947,179.5902,25219242.0
AMZN,1005,OneDay,2024-07-26T00:00:00Z,180.1094,182.8952,180.0196,182.2063,15320710.0
AMZN,1005,OneDay,2024-07-29T00:00:00Z,183.5642,184.4329,182.1264,183.0251,16028176.0
AMZN,1005,OneDay,2024-07-30T00:00:00Z,184.2432,185.5313,179.1409,181.4574,18367758.0
AMZN,1005,OneDay,2024-07-31T00:00:00Z,185.0021,187.6381,184.1933,186.8493,20819785.0
AMZN,1005,OneDay,2024-08-01T00:00:00Z,189.2058,190.3041,181.5972,183.5143,32747639.0
AMZN,1005,OneDay,2024-08-02T00:00:00Z,166.2702,168.5069,160.3391,167.4584,82105371.0
AMZN,1005,OneDay,2024-08-05T00:00:00Z,153.3896,162.6956,153.2398,160.2593,44113014.0
AMZN,1005,OneDay,2024-08-06T00:00:00Z,160.8584,164.7924,158.3022,161.777,30546166.0
AMZN,1005,OneDay,2024-08-07T00:00:00Z,165.6412,167.2987,161.1978,162.396,28109025.0
AMZN,1005,OneDay,2024-08-08T00:00:00Z,164.7325,166.42,162.3261,165.721,25023732.0
AMZN,1005,OneDay,2024-08-09T00:00:00Z,165.9807,168.2772,165.9307,166.7595,18428515.0
AMZN,1005,OneDay,2024-08-12T00:00:00Z,167.3286,168.2872,165.8608,166.5698,17675617.0
AMZN,1005,OneDay,2024-08-13T00:00:00Z,167.3386,170.7635,166.8494,170.1144,21409202.0
AMZN,1005,OneDay,2024-08-14T00:00:00Z,171.3426,171.9517,168.6067,169.8848,15253472.0
AMZN,1005,OneDay,2024-08-15T00:00:00Z,174.7175,177.6132,173.759,177.3735,27641241.0
AMZN,1005,OneDay,2024-08-16T00:00:00Z,176.3651,178.0525,175.9956,176.7944,16274104.0
AMZN,1005,OneDay,2024-08-19T00:00:00Z,177.2737,178.0126,175.9357,177.8329,14168117.0
AMZN,1005,OneDay,2024-08-20T00:00:00Z,177.713,178.7215,177.1639,178.6017,13013104.0
AMZN,1005,OneDay,2024-08-21T00:00:00Z,179.6302,182.0765,178.6217,179.8898,20872384.0
AMZN,1005,OneDay,2024-08-22T00:00:00Z,180.7684,180.8982,175.4165,175.9756,15685939.0
AMZN,1005,OneDay,2024-08-23T00:00:00Z,177.3536,178.6816,174.9871,176.8244,15154274.0
AMZN,1005,OneDay,2024-08-26T00:00:00Z,176.3451,177.1738,174.0485,175.2368,12983079.0
AMZN,1005,OneDay,2024-08-27T00:00:00Z,174.5877,174.5877,171.9916,172.8004,16700553.0
AMZN,1005,OneDay,2024-08-28T00:00:00Z,173.0201,173.3096,168.6966,170.4839,15684885.0
AMZN,1005,OneDay,2024-08-29T00:00:00Z,172.9502,174.0186,170.5738,171.8618,14680016.0
AMZN,1005,OneDay,2024-08-30T00:00:00Z,172.421,178.6117,172.421,178.2922,19842729.0
AMZN,1005,OneDay,2024-09-03T00:00:00Z,177.4335,177.9627,174.9871,175.8558,18454207.0
AMZN,1005,OneDay,2024-09-04T00:00:00Z,174.1983,175.706,172.2712,173.3795,16342538.0
AMZN,1005,OneDay,2024-09-05T00:00:00Z,175.6162,179.5902,175.2667,177.3136,22578434.0
AMZN,1005,OneDay,2024-09-06T00:00:00Z,177.3935,178.0625,171.0131,171.2428,19262971.0
AMZN,1005,OneDay,2024-09-09T00:00:00Z,173.5093,175.5663,173.2497,175.1069,15361631.0
AMZN,1005,OneDay,2024-09-10T00:00:00Z,177.4734,180.2193,176.5348,179.4105,20432572.0
AMZN,1005,OneDay,2024-09-11T00:00:00Z,179.6401,184.5128,175.4564,184.5128,22740977.0
AMZN,1005,OneDay,2024-09-12T00:00:00Z,184.393,187.1189,183.2847,186.6496,17222192.0
AMZN,1005,OneDay,2024-09-13T00:00:00Z,186.5697,188.1973,185.6311,186.2203,13512988.0
AMZN,1005,OneDay,2024-09-16T00:00:00Z,184.6326,185.4714,183.085,184.4928,13368067.0
AMZN,1005,OneDay,2024-09-17T00:00:00Z,186.4799,189.1359,185.8608,186.42,14401975.0
AMZN,1005,OneDay,2024-09-18T00:00:00Z,185.9107,188.5068,184.7724,186.0006,14861783.0
AMZN,1005,OneDay,2024-09-19T00:00:00Z,189.2956,190.6835,188.2073,189.3755,19061734.0
AMZN,1005,OneDay,2024-09-20T00:00:00Z,190.394,191.2826,187.1389,191.2627,21704382.0
AMZN,1005,OneDay,2024-09-23T00:00:00Z,191.1029,194.0685,190.2742,193.6291,17711558.0
AMZN,1005,OneDay,2024-09-24T00:00:00Z,193.8688,195.0071,189.8448,193.7689,18815850.0
AMZN,1005,OneDay,2024-09-25T00:00:00Z,192.9302,193.6391,191.8817,192.1613,12434707.0
AMZN,1005,OneDay,2024-09-26T00:00:00Z,193.7989,193.7989,189.2357,190.9831,18086665.0
AMZN,1005,OneDay,2024-09-27T00:00:00Z,190.2043,190.5138,187.049,187.6182,17468290.0
AMZN,1005,OneDay,2024-09-30T00:00:00Z,186.7594,188.1973,184.383,186.1004,16283396.0
AMZN,1005,OneDay,2024-10-01T00:00:00Z,183.9736,185.8907,183.2048,184.8623,18121074.0
AMZN,1005,OneDay,2024-10-02T00:00:00Z,184.0535,186.3101,183.754,184.4729,12601105.0
AMZN,1005,OneDay,2024-10-03T00:00:00Z,182.376,183.1549,180.6087,181.747,16724811.0
AMZN,1005,OneDay,2024-10-04T00:00:00Z,185.751,187.3086,183.3246,186.2203,19918682.0
AMZN,1005,OneDay,2024-10-07T00:00:00Z,182.9152,183.2847,179.9896,180.5088,22426148.0
AMZN,1005,OneDay,2024-10-08T00:00:00Z,181.6571,182.8054,180.6486,182.386,14264347.0
AMZN,1005,OneDay,2024-10-09T00:00:00Z,182.4759,185.5513,181.7769,184.9422,14003348.0
AMZN,1005,OneDay,2024-10-10T00:00:00Z,186.7694,187.8378,185.5513,186.3501,15153618.0
AMZN,1005,OneDay,2024-10-14T00:00:00Z,189.5053,189.5053,187.079,187.3086,12152274.0
AMZN,1005,OneDay,2024-10-15T00:00:00Z,186.6796,188.1074,184.3231,187.1788,16973059.0
AMZN,1005,OneDay,2024-10-16T00:00:00Z,186.8892,187.4684,185.3316,186.6496,12198599.0
AMZN,1005,OneDay,2024-10-17T00:00:00Z,187.9776,188.6466,185.731,187.3086,18921804.0
AMZN,1005,OneDay,2024-10-21T00:00:00Z,187.9277,189.1558,186.1204,188.8263,13347957.0
AMZN,1005,OneDay,2024-10-22T00:00:00Z,187.8977,191.2327,186.7195,189.4454,14121353.0
AMZN,1005,OneDay,2024-10-23T00:00:00Z,188.5667,188.8763,183.4245,184.4829,16169492.0
AMZN,1005,OneDay,2024-10-24T00:00:00Z,185.1019,186.8094,183.6042,186.0705,10918496.0
AMZN,1005,OneDay,2024-10-28T00:00:00Z,189.4054,189.8847,187.9276,188.0475,11160855.0
AMZN,1005,OneDay,2024-10-29T00:00:00Z,188.0874,191.1628,187.5482,190.5637,14933012.0
AMZN,1005,OneDay,2024-10-30T00:00:00Z,194.3081,195.3165,192.1313,192.5008,18406067.0
AMZN,1005,OneDay,2024-10-31T00:00:00Z,190.1044,190.2941,184.9521,186.1703,28412771.0
AMZN,1005,OneDay,2024-11-01T00:00:00Z,198.5716,200.1293,196.7544,197.643,55907257.0
AMZN,1005,OneDay,2024-11-04T00:00:00Z,196.5147,197.004,194.0285,195.4863,20885869.0
AMZN,1005,OneDay,2024-11-05T00:00:00Z,196.1952,199.5102,195.7359,199.2007,18256316.0
AMZN,1005,OneDay,2024-11-06T00:00:00Z,200.2791,206.979,198.8612,206.8592,36623333.0
AMZN,1005,OneDay,2024-11-07T00:00:00Z,207.4683,211.9216,206.9291,209.8048,28371909.0
AMZN,1005,OneDay,2024-11-08T00:00:00Z,208.4668,209.4853,207.1587,207.8677,15982419.0
AMZN,1005,OneDay,2024-11-11T00:00:00Z,207.9775,209.3255,205.2816,206.5297,14866516.0
AMZN,1005,OneDay,2024-11-12T00:00:00Z,207.019,209.2157,205.7009,208.5866,17473392.0
AMZN,1005,OneDay,2024-11-13T00:00:00Z,209.5452,214.7274,209.3455,213.8187,23017490.0
AMZN,1005,OneDay,2024-11-14T00:00:00Z,214.0384,215.5362,210.6036,211.2626,21827216.0
AMZN,1005,OneDay,2024-11-15T00:00:00Z,206.2102,206.9291,199.65,202.2262,42459995.0
AMZN,1005,OneDay,2024-11-18T00:00:00Z,203.6141,204.303,200.6685,201.4373,16770742.0
AMZN,1005,OneDay,2024-11-19T00:00:00Z,199.2406,204.982,198.9511,204.323,16134670.0
AMZN,1005,OneDay,2024-11-21T00:00:00Z,202.6455,202.7154,195.4563,198.0624,30978536.0
AMZN,1005,OneDay,2024-11-22T00:00:00Z,197.7329,198.8812,196.4548,196.7644,16287259.0
AMZN,1005,OneDay,2024-11-25T00:00:00Z,199.0409,201.6171,198.6915,201.2676,17014557.0
AMZN,1005,OneDay,2024-11-26T00:00:00Z,201.7768,207.678,201.5671,207.5981,24178015.0
AMZN,1005,OneDay,2024-11-27T00:00:00Z,207.0389,207.2486,204.7623,205.3814,14798907.0
AMZN,1005,OneDay,2024-12-02T00:00:00Z,209.6051,212.6505,209.2057,210.334,19929366.0
AMZN,1005,OneDay,2024-12-03T00:00:00Z,209.5751,213.659,209.3654,213.0799,17147944.0
AMZN,1005,OneDay,2024-12-04T00:00:00Z,216.0654,219.65,215.6859,217.7828,26184963.0
AMZN,1005,OneDay,2024-12-05T00:00:00Z,217.5531,221.7868,216.974,220.1692,21586698.0
AMZN,1005,OneDay,2024-12-06T00:00:00Z,221.0978,226.7593,220.2691,226.6595,22727674.0
AMZN,1005,OneDay,2024-12-09T00:00:00Z,227.2586,229.6849,225.3414,225.7308,24823591.0
AMZN,1005,OneDay,2024-12-10T00:00:00Z,225.5711,228.7064,223.8637,224.6125,15509227.0
AMZN,1005,OneDay,2024-12-11T00:00:00Z,226.4498,230.8232,226.2501,230.0244,17191619.0
AMZN,1005,OneDay,2024-12-12T00:00:00Z,229.0658,230.7134,227.2785,228.6964,14160525.0
AMZN,1005,OneDay,2024-12-13T00:00:00Z,228.4568,229.7848,225.5711,227.0888,14599649.0
AMZN,1005,OneDay,2024-12-16T00:00:00Z,230.4538,232.5706,227.6979,232.5706,15360774.0
AMZN,1005,OneDay,2024-12-17T00:00:00Z,231.8517,232.2411,227.4982,230.7833,15785476.0
AMZN,1005,OneDay,2024-12-18T00:00:00Z,230.2541,231.0329,219.7998,220.0394,20357317.0
AMZN,1005,OneDay,2024-12-19T00:00:00Z,223.2745,225.7109,222.5856,223.4343,16155479.0
AMZN,1005,OneDay,2024-12-20T00:00:00Z,218.4418,225.8507,218.4418,224.6724,19972214.0
AMZN,1005,OneDay,2024-12-24T00:00:00Z,226.0604,228.7663,225.8007,228.5965,7778346.0
AMZN,1005,OneDay,2024-12-26T00:00:00Z,227.3284,228.1073,226.3399,226.7593,8976958.0
AMZN,1005,OneDay,2024-12-27T00:00:00Z,225.3714,225.5112,220.5586,223.4443,13875477.0
AMZN,1005,OneDay,2024-12-30T00:00:00Z,219.1008,222.6155,218.1123,220.968,13747314.0
AMZN,1005,OneDay,2024-12-31T00:00:00Z,222.6555,222.8552,218.6215,218.9311,12042206.0
AMZN,1005,OneDay,2025-01-02T00:00:00Z,222.0264,224.7224,217.8627,219.6999,18849566.0
AMZN,1005,OneDay,2025-01-03T00:00:00Z,222.3759,224.992,221.2775,223.9136,13239969.0
AMZN,1005,OneDay,2025-01-06T00:00:00Z,226.7693,228.4667,224.5027,227.2286,15783801.0
AMZN,1005,OneDay,2025-01-07T00:00:00Z,227.3884,227.9775,221.1178,221.7868,14545839.0
AMZN,1005,OneDay,2025-01-08T00:00:00Z,222.0763,223.1647,219.8796,221.8467,11477413.0
AMZN,1005,OneDay,2025-01-10T00:00:00Z,220.7184,220.8881,216.1752,218.5117,18110283.0
AMZN,1005,OneDay,2025-01-13T00:00:00Z,217.8826,219.0209,216.1452,218.0324,14435534.0
AMZN,1005,OneDay,2025-01-14T00:00:00Z,220.1792,221.4273,215.9056,217.3434,13062028.0
AMZN,1005,OneDay,2025-01-15T00:00:00Z,222.326,223.0948,220.4188,222.995,13928418.0
AMZN,1005,OneDay,2025-01-16T00:00:00Z,223.7638,224.1532,219.9895,220.309,11830581.0
AMZN,1005,OneDay,2025-01-17T00:00:00Z,225.4013,226.1003,222.7553,225.5511,23835341.0
AMZN,1005,OneDay,2025-01-21T00:00:00Z,228.8661,231.4123,226.6195,230.4438,18723035.0
AMZN,1005,OneDay,2025-01-22T00:00:00Z,232.0414,235.0169,230.8931,234.6175,20498888.0
AMZN,1005,OneDay,2025-01-23T00:00:00Z,232.8102,235.0768,231.1727,235.0069,14039361.0
AMZN,1005,OneDay,2025-01-24T00:00:00Z,235.2865,236.0154,232.5806,234.4478,13674811.0
AMZN,1005,OneDay,2025-01-27T00:00:00Z,226.979,235.2366,226.2001,235.1367,26126271.0
AMZN,1005,OneDay,2025-01-28T00:00:00Z,234.0783,241.3973,233.629,237.9525,23395866.0
AMZN,1005,OneDay,2025-01-29T00:00:00Z,239.4203,239.9095,235.7857,236.964,13326667.0
AMZN,1005,OneDay,2025-01-30T00:00:00Z,236.0054,237.5531,231.8716,234.288,16386908.0
AMZN,1005,OneDay,2025-01-31T00:00:00Z,236.7842,239.9095,236.5845,237.3734,17458101.0
AMZN,1005,OneDay,2025-02-03T00:00:00Z,233.7788,238.8611,232.5506,237.0439,20023498.0
AMZN,1005,OneDay,2025-02-04T00:00:00Z,238.5716,242.1362,237.7029,241.7967,15421904.0
AMZN,1005,OneDay,2025-02-05T00:00:00Z,235.6759,237.7927,234.8272,235.8257,22823845.0
AMZN,1005,OneDay,2025-02-06T00:00:00Z,237.4333,239.2106,235.6659,238.4018,27616920.0
AMZN,1005,OneDay,2025-02-07T00:00:00Z,231.3724,234.4178,227.7278,228.9161,41631986.0
AMZN,1005,OneDay,2025-02-10T00:00:00Z,229.8946,233.5591,228.8562,232.7603,18989104.0
AMZN,1005,OneDay,2025-02-11T00:00:00Z,231.9815,233.0598,229.7748,232.3809,12966792.0
AMZN,1005,OneDay,2025-02-12T00:00:00Z,230.4038,230.8232,227.8077,228.5466,16185673.0
AMZN,1005,OneDay,2025-02-13T00:00:00Z,228.5366,229.9745,227.1787,229.605,15021124.0
AMZN,1005,OneDay,2025-02-14T00:00:00Z,228.7663,229.3953,226.8991,228.317,14350817.0
AMZN,1005,OneDay,2025-02-18T00:00:00Z,228.4168,228.7463,223.3844,226.2601,22828461.0
AMZN,1005,OneDay,2025-02-19T00:00:00Z,224.9021,226.4697,223.3844,226.3399,14799393.0
AMZN,1005,OneDay,2025-02-20T00:00:00Z,224.3329,224.7523,221.4772,222.5356,15303492.0
AMZN,1005,OneDay,2025-02-21T00:00:00Z,222.7054,222.945,214.4278,216.1852,28615050.0
AMZN,1005,OneDay,2025-02-24T00:00:00Z,216.9041,216.9041,212.1213,212.4308,21596719.0
AMZN,1005,OneDay,2025-02-25T00:00:00Z,210.8232,213.0,203.8837,212.4708,34157708.0
AMZN,1005,OneDay,2025-02-26T00:00:00Z,214.6275,217.7828,212.7703,214.0085,21986160.0
AMZN,1005,OneDay,2025-02-27T00:00:00Z,217.8327,219.5801,208.0574,208.2271,21350854.0
AMZN,1005,OneDay,2025-02-28T00:00:00Z,208.317,212.2411,206.7494,211.9316,21946615.0
AMZN,1005,OneDay,2025-03-03T00:00:00Z,212.97,213.659,202.2461,204.6725,24999170.0
AMZN,1005,OneDay,2025-03-04T00:00:00Z,200.329,206.4798,197.1837,203.5641,34484625.0
AMZN,1005,OneDay,2025-03-05T00:00:00Z,203.6141,209.6151,202.9551,207.9575,21802181.0
AMZN,1005,OneDay,2025-03-06T00:00:00Z,204.1932,205.4214,198.0724,200.3689,28206230.0
AMZN,1005,OneDay,2025-03-07T00:00:00Z,198.7713,201.9266,192.2811,199.031,34805624.0
AMZN,1005,OneDay,2025-03-10T00:00:00Z,194.8073,196.345,190.5637,193.8787,35537547.0
AMZN,1005,OneDay,2025-03-11T00:00:00Z,193.8288,199.6101,193.1598,196.4648,27566604.0
AMZN,1005,OneDay,2025-03-12T00:00:00Z,199.7898,201.1478,195.007,198.8013,23074712.0
AMZN,1005,OneDay,2025-03-13T00:00:00Z,197.7129,198.5217,191.5322,193.4294,22864484.0
AMZN,1005,OneDay,2025-03-14T00:00:00Z,196.5048,198.2521,195.027,197.8927,19407508.0
AMZN,1005,OneDay,2025-03-17T00:00:00Z,197.9126,198.5517,194.0285,195.4463,24379031.0
AMZN,1005,OneDay,2025-03-18T00:00:00Z,191.2726,193.6291,189.1658,192.4908,22166191.0
AMZN,1005,OneDay,2025-03-19T00:00:00Z,192.8103,195.656,191.672,194.9471,19075085.0
AMZN,1005,OneDay,2025-03-20T00:00:00Z,192.371,198.991,192.0215,194.5876,21081024.0
AMZN,1005,OneDay,2025-03-21T00:00:00Z,192.5906,196.4249,192.3809,195.8857,18153397.0
AMZN,1005,OneDay,2025-03-24T00:00:00Z,200.1293,203.1947,199.8897,202.7554,22455511.0
AMZN,1005,OneDay,2025-03-25T00:00:00Z,202.9351,205.8807,202.9051,205.4513,18467728.0
AMZN,1005,OneDay,2025-03-26T00:00:00Z,205.0719,205.6111,199.6201,200.8183,17271905.0
AMZN,1005,OneDay,2025-03-27T00:00:00Z,199.9695,203.4543,199.001,201.0479,14569508.0
AMZN,1005,OneDay,2025-03-31T00:00:00Z,187.7479,190.9331,184.353,189.7449,29769476.0
AMZN,1005,OneDay,2025-04-01T00:00:00Z,187.2886,193.6091,187.0989,191.8218,22269246.0
AMZN,1005,OneDay,2025-04-02T00:00:00Z,187.8178,198.0225,187.7679,195.8657,30918605.0
AMZN,1005,OneDay,2025-04-03T00:00:00Z,182.2362,183.8038,176.7045,177.8628,57388684.0
AMZN,1005,OneDay,2025-04-04T00:00:00Z,166.6296,177.8428,166.37,170.5338,61273359.0
AMZN,1005,OneDay,2025-04-07T00:00:00Z,163.2847,182.995,162.5757,175.2667,61354796.0
AMZN,1005,OneDay,2025-04-08T00:00:00Z,184.4728,184.4728,168.5168,170.9432,49813732.0
AMZN,1005,OneDay,2025-04-10T00:00:00Z,184.4828,186.5597,175.6061,180.6885,38682220.0
AMZN,1005,OneDay,2025-04-11T00:00:00Z,178.8912,185.3914,177.8128,184.5627,27462268.0
AMZN,1005,OneDay,2025-04-14T00:00:00Z,186.6595,186.7195,178.9811,181.707,27960223.0
AMZN,1005,OneDay,2025-04-15T00:00:00Z,180.8383,182.0465,177.673,179.4004,24541446.0
AMZN,1005,OneDay,2025-04-16T00:00:00Z,176.8343,178.8013,171.1528,174.1883,28460646.0
AMZN,1005,OneDay,2025-04-17T00:00:00Z,175.3166,175.676,171.7519,172.5008,22058216.0
AMZN,1005,OneDay,2025-04-21T00:00:00Z,168.8263,169.2357,165.032,167.1089,27353914.0
AMZN,1005,OneDay,2025-04-22T00:00:00Z,170.0046,176.4948,169.0959,172.9801,30125648.0
AMZN,1005,OneDay,2025-04-23T00:00:00Z,184.1533,187.0689,179.9097,180.4988,29254585.0
AMZN,1005,OneDay,2025-04-24T00:00:00Z,180.2492,186.4199,179.9197,186.3201,22849978.0
AMZN,1005,OneDay,2025-04-25T00:00:00Z,186.7494,189.6351,185.2217,188.7065,19746448.0
AMZN,1005,OneDay,2025-04-28T00:00:00Z,189.1658,189.8947,184.6026,187.4384,17623773.0
AMZN,1005,OneDay,2025-04-29T00:00:00Z,183.714,187.708,183.4544,187.0889,23627525.0
AMZN,1005,OneDay,2025-04-30T00:00:00Z,181.5173,184.7424,178.6216,183.8937,25664079.0
AMZN,1005,OneDay,2025-05-01T00:00:00Z,190.4938,191.5123,187.2886,189.4853,33301346.0
AMZN,1005,OneDay,2025-05-02T00:00:00Z,190.2641,192.5607,186.1303,189.7449,46060980.0
AMZN,1005,OneDay,2025-05-05T00:00:00Z,186.4499,187.8677,185.2716,185.9706,19187557.0
AMZN,1005,OneDay,2025-05-06T00:00:00Z,183.9137,187.6281,183.6541,184.7324,15057308.0
AMZN,1005,OneDay,2025-05-07T00:00:00Z,185.3515,190.6835,184.7424,188.6565,24747562.0
AMZN,1005,OneDay,2025-05-08T00:00:00Z,191.2227,194.0285,188.5467,191.8118,21737587.0
AMZN,1005,OneDay,2025-05-09T00:00:00Z,193.4793,194.358,190.8732,192.8403,15568798.0
AMZN,1005,OneDay,2025-05-12T00:00:00Z,210.6934,211.1228,205.4413,208.3569,40694004.0
AMZN,1005,OneDay,2025-05-13T00:00:00Z,210.0544,214.4877,209.7848,211.0429,30915590.0
AMZN,1005,OneDay,2025-05-14T00:00:00Z,211.4223,211.5721,208.9061,209.8148,20878495.0
AMZN,1005,OneDay,2025-05-15T00:00:00Z,204.982,206.32,202.3659,204.5227,34357501.0
AMZN,1005,OneDay,2025-05-16T00:00:00Z,205.022,205.7109,204.0734,205.2816,19470579.0
AMZN,1005,OneDay,2025-05-19T00:00:00Z,201.2177,206.2901,200.9581,205.9206,17442697.0
AMZN,1005,OneDay,2025-05-20T00:00:00Z,204.5027,205.2117,202.356,203.7738,16239649.0
AMZN,1005,OneDay,2025-05-21T00:00:00Z,200.7584,203.1348,199.7698,200.8283,22296812.0
AMZN,1005,OneDay,2025-05-22T00:00:00Z,201.0379,205.2616,199.8597,202.7653,22098304.0
AMZN,1005,OneDay,2025-05-23T00:00:00Z,198.4119,202.0564,197.5432,200.5786,16925537.0
AMZN,1005,OneDay,2025-05-27T00:00:00Z,203.4044,206.3599,201.8767,205.5711,18774360.0
AMZN,1005,OneDay,2025-05-28T00:00:00Z,206.35,207.3285,204.1433,204.4129,13549303.0
AMZN,1005,OneDay,2025-05-29T00:00:00Z,207.0889,208.4668,203.9236,205.2316,18029888.0
AMZN,1005,OneDay,2025-05-30T00:00:00Z,204.6026,205.3215,201.3874,204.5127,18138132.0
AMZN,1005,OneDay,2025-06-02T00:00:00Z,203.9436,206.6096,202.3659,206.32,15701031.0
AMZN,1005,OneDay,2025-06-03T00:00:00Z,207.8777,208.5966,204.7424,205.5312,17369999.0
AMZN,1005,OneDay,2025-06-04T00:00:00Z,205.9006,207.8577,204.9021,207.0689,16376895.0
AMZN,1005,OneDay,2025-06-05T00:00:00Z,208.6265,212.4808,207.3085,207.4383,30073418.0
AMZN,1005,OneDay,2025-06-06T00:00:00Z,211.4124,213.5192,210.1842,213.2097,22399512.0
AMZN,1005,OneDay,2025-06-09T00:00:00Z,214.1782,217.5032,212.5706,216.944,20641692.0
AMZN,1005,OneDay,2025-06-10T00:00:00Z,216.5347,217.3434,213.8187,217.2536,17288038.0
AMZN,1005,OneDay,2025-06-11T00:00:00Z,217.0739,218.0124,212.5806,212.9001,20279851.0
AMZN,1005,OneDay,2025-06-12T00:00:00Z,211.1527,213.2296,211.1527,212.8602,14800406.0
AMZN,1005,OneDay,2025-06-13T00:00:00Z,210.1243,213.7089,209.4952,211.7219,15804080.0
AMZN,1005,OneDay,2025-06-16T00:00:00Z,212.1812,216.7144,211.2826,215.7758,17556275.0
AMZN,1005,OneDay,2025-06-17T00:00:00Z,215.3464,217.0639,214.2381,214.5177,17229890.0
AMZN,1005,OneDay,2025-06-18T00:00:00Z,215.3165,217.623,212.2311,212.2311,21297894.0
AMZN,1005,OneDay,2025-06-20T00:00:00Z,214.1482,214.5077,207.9675,209.1857,26848549.0
AMZN,1005,OneDay,2025-06-23T00:00:00Z,209.5851,210.0444,206.999,208.0674,20739000.0
AMZN,1005,OneDay,2025-06-24T00:00:00Z,211.7419,213.9985,210.7434,212.5007,19506553.0
AMZN,1005,OneDay,2025-06-25T00:00:00Z,214.0883,215.626,210.7933,211.5921,16643796.0
AMZN,1005,OneDay,2025-06-26T00:00:00Z,213.3395,217.6929,211.7019,216.9341,25471086.0
AMZN,1005,OneDay,2025-06-30T00:00:00Z,222.0364,223.3744,218.7913,219.4403,28521753.0
AMZN,1005,OneDay,2025-07-01T00:00:00Z,219.6999,221.5272,217.6829,220.1293,21391760.0
AMZN,1005,OneDay,2025-07-02T00:00:00Z,219.0209,221.2576,218.7314,219.5002,17266191.0
AMZN,1005,OneDay,2025-07-07T00:00:00Z,222.7853,223.9036,222.0464,223.0049,20485688.0
AMZN,1005,OneDay,2025-07-08T00:00:00Z,223.0948,223.1847,218.1023,219.1108,27904871.0
AMZN,1005,OneDay,2025-07-09T00:00:00Z,221.1877,223.9335,220.2191,222.1163,22559272.0
AMZN,1005,OneDay,2025-07-10T00:00:00Z,221.4972,222.4358,219.3704,221.8766,17990635.0
AMZN,1005,OneDay,2025-07-11T00:00:00Z,224.293,226.3299,222.0464,224.6625,28499621.0
AMZN,1005,OneDay,2025-07-14T00:00:00Z,224.992,226.3,223.9136,225.3015,18060053.0
AMZN,1005,OneDay,2025-07-15T00:00:00Z,226.1003,226.9091,225.1118,225.9805,19718667.0
AMZN,1005,OneDay,2025-07-16T00:00:00Z,225.601,225.601,221.8667,222.8552,22611968.0
AMZN,1005,OneDay,2025-07-17T00:00:00Z,223.1148,224.1233,222.1762,223.4942,17273500.0
AMZN,1005,OneDay,2025-07-18T00:00:00Z,224.6625,225.9805,222.7254,225.7308,17471850.0
AMZN,1005,OneDay,2025-07-21T00:00:00Z,225.7708,229.3155,225.7308,228.946,20899920.0
AMZN,1005,OneDay,2025-07-22T00:00:00Z,228.6764,229.645,226.0104,227.1487,19303038.0
AMZN,1005,OneDay,2025-07-23T00:00:00Z,227.6979,228.4068,226.7493,227.7878,13780316.0
AMZN,1005,OneDay,2025-07-24T00:00:00Z,228.5466,233.6889,228.5466,231.8916,24473749.0
AMZN,1005,OneDay,2025-07-25T00:00:00Z,231.6719,232.1212,230.8432,231.1327,15859065.0
AMZN,1005,OneDay,2025-07-28T00:00:00Z,233.1297,233.8986,231.9215,232.4707,13913227.0
AMZN,1005,OneDay,2025-07-29T00:00:00Z,234.308,234.3179,229.9645,230.5736,25539164.0
AMZN,1005,OneDay,2025-07-30T00:00:00Z,230.6435,237.4033,228.946,234.6574,23950001.0
AMZN,1005,OneDay,2025-07-31T00:00:00Z,234.6475,238.951,222.3659,228.7164,68121343.0
AMZN,1005,OneDay,2025-08-01T00:00:00Z,228.7164,229.605,212.4808,214.4877,78931309.0
AMZN,1005,OneDay,2025-08-04T00:00:00Z,215.0769,218.4518,211.1128,211.6919,55647513.0
AMZN,1005,OneDay,2025-08-05T00:00:00Z,211.682,215.9455,211.632,213.2796,38210891.0
AMZN,1005,OneDay,2025-08-06T00:00:00Z,213.2895,222.1662,212.9101,221.4673,39263396.0
AMZN,1005,OneDay,2025-08-07T00:00:00Z,221.4673,225.8207,220.0494,223.0848,29037415.0
AMZN,1005,OneDay,2025-08-08T00:00:00Z,223.0848,223.7538,221.5571,222.276,18390009.0
AMZN,1005,OneDay,2025-08-11T00:00:00Z,222.1862,223.5341,220.0694,220.6085,23840787.0
AMZN,1005,OneDay,2025-08-12T00:00:00Z,220.7483,223.1248,218.7314,221.2376,26506717.0
AMZN,1005,OneDay,2025-08-13T00:00:00Z,221.2376,224.5626,220.968,223.8237,27377153.0
AMZN,1005,OneDay,2025-08-14T00:00:00Z,223.8337,232.7403,223.6739,230.5536,43868477.0
AMZN,1005,OneDay,2025-08-15T00:00:00Z,230.5536,233.6589,229.4553,230.6834,23770112.0
AMZN,1005,OneDay,2025-08-18T00:00:00Z,231.1427,231.612,227.9974,230.8132,17841298.0
AMZN,1005,OneDay,2025-08-19T00:00:00Z,230.8831,231.2126,226.7793,227.638,22066016.0
AMZN,1005,OneDay,2025-08-20T00:00:00Z,227.5881,228.0074,220.5786,223.3544,27838807.0
AMZN,1005,OneDay,2025-08-21T00:00:00Z,223.4143,224.0634,220.2091,221.5871,23804527.0
AMZN,1005,OneDay,2025-08-22T00:00:00Z,221.5671,228.6764,220.4887,228.5965,23110055.0
AMZN,1005,OneDay,2025-08-25T00:00:00Z,228.4967,229.2156,226.6595,227.4583,16824605.0
AMZN,1005,OneDay,2025-08-26T00:00:00Z,227.4682,228.4967,225.6709,228.1772,20332065.0
AMZN,1005,OneDay,2025-08-27T00:00:00Z,228.1772,229.5052,227.3684,228.1073,16880966.0
AMZN,1005,OneDay,2025-08-28T00:00:00Z,228.1572,232.3209,227.6779,231.0029,25149726.0
AMZN,1005,OneDay,2025-08-29T00:00:00Z,231.0029,231.3624,227.8177,228.5366,13985422.0
AMZN,1005,OneDay,2025-09-02T00:00:00Z,228.277,228.8162,221.4972,224.6625,29657675.0
AMZN,1005,OneDay,2025-09-03T00:00:00Z,224.6625,226.7693,223.8537,225.4113,21333761.0
AMZN,1005,OneDay,2025-09-04T00:00:00Z,225.4113,235.646,225.2116,235.3464,45537465.0
AMZN,1005,OneDay,2025-09-05T00:00:00Z,235.3464,235.8457,231.592,231.9016,22023906.0
AMZN,1005,OneDay,2025-09-08T00:00:00Z,233.4493,237.2336,232.4508,235.4163,24589578.0
AMZN,1005,OneDay,2025-09-09T00:00:00Z,235.4163,238.6415,234.7373,238.4517,20637557.0
AMZN,1005,OneDay,2025-09-10T00:00:00Z,238.4517,238.4517,228.7463,230.3339,43232428.0
AMZN,1005,OneDay,2025-09-11T00:00:00Z,230.3539,232.1712,228.9959,229.3254,29466887.0
AMZN,1005,OneDay,2025-09-12T00:00:00Z,229.3254,231.0129,226.1402,227.7678,22869872.0
AMZN,1005,OneDay,2025-09-15T00:00:00Z,227.9675,233.3594,227.9575,230.8631,25048426.0
AMZN,1005,OneDay,2025-09-16T00:00:00Z,230.9031,235.5361,230.8032,233.4093,29213545.0
AMZN,1005,OneDay,2025-09-17T00:00:00Z,233.3993,234.1482,228.3569,231.2126,32236594.0
AMZN,1005,OneDay,2025-09-18T00:00:00Z,231.2126,233.1197,228.4468,231.2026,29240403.0
AMZN,1005,OneDay,2025-09-19T00:00:00Z,231.2026,233.7987,230.1941,231.1627,28754027.0
AMZN,1005,OneDay,2025-09-22T00:00:00Z,230.7633,231.602,227.1687,227.7678,33868478.0
AMZN,1005,OneDay,2025-09-23T00:00:00Z,227.7977,228.3569,219.7398,220.8182,51446575.0
AMZN,1005,OneDay,2025-09-24T00:00:00Z,220.8182,224.4927,219.1208,220.1293,34014016.0
AMZN,1005,OneDay,2025-09-25T00:00:00Z,220.1293,221.8267,216.1452,217.9226,39009087.0
AMZN,1005,OneDay,2025-09-26T00:00:00Z,217.9226,221.0679,217.4433,219.4503,23372177.0
AMZN,1005,OneDay,2025-09-29T00:00:00Z,220.5986,222.5656,219.3804,221.7368,32631824.0
AMZN,1005,OneDay,2025-09-30T00:00:00Z,221.7368,222.1962,217.5631,219.2905,23833227.0
AMZN,1005,OneDay,2025-10-01T00:00:00Z,218.7114,221.7968,216.2751,220.3589,31722427.0
AMZN,1005,OneDay,2025-10-02T00:00:00Z,220.2691,222.4558,218.6115,221.8667,29452203.0
AMZN,1005,OneDay,2025-10-03T00:00:00Z,221.8667,223.9735,219.0109,219.1108,25191310.0
AMZN,1005,OneDay,2025-10-06T00:00:00Z,219.7898,221.3674,215.7059,220.7084,30753787.0
AMZN,1005,OneDay,2025-10-07T00:00:00Z,220.7084,222.5157,219.7598,221.4273,24727723.0
AMZN,1005,OneDay,2025-10-08T00:00:00Z,221.4273,226.3799,220.8582,224.952,31417897.0
AMZN,1005,OneDay,2025-10-09T00:00:00Z,224.952,227.8477,221.4273,226.5995,32520439.0
AMZN,1005,OneDay,2025-10-10T00:00:00Z,226.5995,227.8676,215.8956,215.9655,40675009.0
AMZN,1005,OneDay,2025-10-13T00:00:00Z,219.7498,221.657,216.7843,219.5302,27086024.0
AMZN,1005,OneDay,2025-10-14T00:00:00Z,219.5302,220.6485,212.301,216.0953,31532059.0
AMZN,1005,OneDay,2025-10-15T00:00:00Z,216.0953,217.9226,212.331,215.2266,35067008.0
AMZN,1005,OneDay,2025-10-16T00:00:00Z,215.2266,218.2022,212.4907,214.0284,30586491.0
AMZN,1005,OneDay,2025-10-17T00:00:00Z,214.0284,214.4578,210.7134,212.6805,25764419.0
AMZN,1005,OneDay,2025-10-20T00:00:00Z,213.679,216.315,211.3724,216.1552,28621737.0
AMZN,1005,OneDay,2025-10-21T00:00:00Z,216.1552,222.975,215.7359,221.4772,38542097.0
AMZN,1005,OneDay,2025-10-22T00:00:00Z,221.4772,221.5272,216.1952,217.7029,34263294.0
AMZN,1005,OneDay,2025-10-23T00:00:00Z,217.7029,221.0279,217.3035,219.9695,24377173.0
AMZN,1005,OneDay,2025-10-24T00:00:00Z,219.9695,225.0419,219.8697,223.8936,22826393.0
AMZN,1005,OneDay,2025-10-27T00:00:00Z,226.9091,228.5866,225.2715,226.929,29654714.0
AMZN,1005,OneDay,2025-10-28T00:00:00Z,226.929,231.1327,225.8706,228.3369,34273234.0
AMZN,1005,OneDay,2025-10-29T00:00:00Z,228.3669,233.3394,227.4283,228.2571,36622561.0
AMZN,1005,OneDay,2025-10-30T00:00:00Z,228.2571,249.3354,222.3659,248.7263,64606567.0
AMZN,1005,OneDay,2025-11-03T00:00:00Z,244.7822,258.4118,243.9235,253.4193,63622915.0
AMZN,1005,OneDay,2025-11-04T00:00:00Z,253.4193,255.0368,247.4782,249.3354,63622915.0
AMZN,1005,OneDay,2025-11-05T00:00:00Z,249.3254,250.5935,244.6924,249.4752,63622915.0
AMZN,1005,OneDay,2025-11-06T00:00:00Z,249.4752,250.4038,241.8067,243.3843,3760034.0
AMZN,1005,OneDay,2025-11-07T00:00:00Z,243.4343,244.5226,238.1322,244.1032,3760034.0
AMZN,1005,OneDay,2025-11-10T00:00:00Z,245.8706,251.3124,245.2316,247.9774,27345683.0
AMZN,1005,OneDay,2025-11-11T00:00:00Z,247.9774,249.3354,246.7892,248.4867,27345683.0
AMZN,1005,OneDay,2025-11-12T00:00:00Z,248.5266,251.9714,243.3843,243.8936,6276111.0
AMZN,1005,OneDay,2025-11-13T00:00:00Z,243.8936,245.3713,236.4348,237.4233,7410953.0
AMZN,1005,OneDay,2025-11-14T00:00:00Z,237.4932,238.5516,232.271,234.1083,7410953.0
AMZN,1005,OneDay,2025-11-17T00:00:00Z,234.8771,237.5631,228.8462,232.261,38799121.0
AMZN,1005,OneDay,2025-11-18T00:00:00Z,232.261,233.0499,222.0064,222.0564,6489098.0
AMZN,1005,OneDay,2025-11-19T00:00:00Z,222.0564,224.4328,218.1922,223.5142,6489098.0
AMZN,1005,OneDay,2025-11-20T00:00:00Z,223.5242,227.7179,216.1752,216.4348,6489098.0
AMZN,1005,OneDay,2025-11-24T00:00:00Z,220.6185,226.8691,220.5187,226.0204,42973112.0
AMZN,1005,OneDay,2025-11-25T00:00:00Z,226.0204,230.1542,223.4742,229.4752,42973112.0
AMZN,1005,OneDay,2025-11-26T00:00:00Z,229.4752,231.5621,228.4368,228.946,42973112.0
AMZN,1005,OneDay,2025-11-27T00:00:00Z,228.946,229.2056,228.9061,229.0559,105644.0
AMZN,1005,OneDay,2025-11-28T00:00:00Z,229.4153,232.92,229.4053,232.8701,11737180.0
AMZN,1005,OneDay,2025-12-01T00:00:00Z,230.0144,235.3564,229.5851,234.0284,32484160.0
AMZN,1005,OneDay,2025-12-02T00:00:00Z,234.0284,238.5815,233.2096,233.7588,3048377.0
AMZN,1005,OneDay,2025-12-03T00:00:00Z,233.7588,235.2466,230.284,231.9016,3048377.0
AMZN,1005,OneDay,2025-12-04T00:00:00Z,231.9016,232.98,226.4598,228.7563,8591319.0
AMZN,1005,OneDay,2025-12-05T00:00:00Z,228.7563,230.8731,228.1971,229.2056,8591319.0
AMZN,1005,OneDay,2025-12-08T00:00:00Z,229.5351,230.5636,225.9905,226.7094,27723233.0
AMZN,1005,OneDay,2025-12-09T00:00:00Z,226.7094,228.2171,224.7623,227.608,27723233.0
AMZN,1005,OneDay,2025-12-10T00:00:00Z,227.608,232.0613,227.0888,231.2226,9128630.0
AMZN,1005,OneDay,2025-12-11T00:00:00Z,231.1627,231.7318,226.6395,230.274,9128630.0
AMZN,1005,OneDay,2025-12-15T00:00:00Z,226.2601,227.4782,221.7269,222.5057,34495007.0
AMZN,1005,OneDay,2025-12-16T00:00:00Z,222.5656,223.3045,219.8297,221.7169,34495007.0
AMZN,1005,OneDay,2025-12-17T00:00:00Z,221.7169,227.8676,220.8382,221.2676,4126856.0
AMZN,1005,OneDay,2025-12-18T00:00:00Z,221.2676,228.8462,220.7983,226.2101,2572006.0
AMZN,1005,OneDay,2025-12-19T00:00:00Z,226.2101,228.7763,225.2416,227.2486,2572006.0
AMZN,1005,OneDay,2025-12-22T00:00:00Z,228.2271,229.1158,226.3699,228.2071,24833947.0
AMZN,1005,OneDay,2025-12-23T00:00:00Z,228.2071,232.0813,227.3484,231.5321,24833947.0
AMZN,1005,OneDay,2025-12-24T00:00:00Z,231.5721,232.5905,230.983,232.0414,24833947.0
AMZN,1005,OneDay,2025-12-26T00:00:00Z,231.8916,232.6205,230.8232,232.1113,11349145.0
AMZN,1005,OneDay,2025-12-29T00:00:00Z,232.2511,232.4508,230.4138,231.6919,15372536.0
AMZN,1005,OneDay,2025-12-30T00:00:00Z,231.6919,232.8701,229.8347,232.0713,883800.0
AMZN,1005,OneDay,2025-12-31T00:00:00Z,232.0713,232.6305,230.3339,230.5137,883800.0
AMZN,1005,OneDay,2026-01-02T00:00:00Z,231.5821,235.0668,224.3629,226.0604,36900945.0
AMZN,1005,OneDay,2026-01-05T00:00:00Z,226.6595,233.639,225.9405,232.3908,37996910.0
AMZN,1005,OneDay,2026-01-06T00:00:00Z,232.3908,242.7653,231.3624,240.4487,2466720.0
AMZN,1005,OneDay,2026-01-07T00:00:00Z,240.4887,244.8921,239.1407,241.2475,2466720.0
AMZN,1005,OneDay,2026-01-08T00:00:00Z,241.2475,246.0703,239.0608,245.8506,2466720.0
AMZN,1005,OneDay,2026-01-09T00:00:00Z,245.8906,247.3783,241.9165,247.0488,2466720.0
AMZN,1005,OneDay,2026-01-12T00:00:00Z,244.8921,248.5366,243.7737,245.7008,26509971.0
AMZN,1005,OneDay,2026-01-13T00:00:00Z,245.7308,247.2585,239.8996,242.3359,3397797.0
AMZN,1005,OneDay,2026-01-14T00:00:00Z,242.3359,242.4757,235.8357,236.3649,231626.0
AMZN,1005,OneDay,2026-01-15T00:00:00Z,236.3449,240.269,235.9455,237.5032,1071467.0
AMZN,1005,OneDay,2026-01-16T00:00:00Z,237.5032,240.0993,236.0553,238.7513,1071467.0
AMZN,1005,OneDay,2026-01-20T00:00:00Z,233.7588,235.1767,228.986,230.6834,35500832.0
AMZN,1005,OneDay,2026-01-21T00:00:00Z,230.6834,231.9016,226.5396,231.3324,35500832.0
AMZN,1005,OneDay,2026-01-22T00:00:00Z,231.3524,235.3364,230.5536,233.7188,35500832.0
AMZN,1005,OneDay,2026-01-23T00:00:00Z,233.7588,240.0294,232.8502,238.7613,35500832.0
AMZN,1005,OneDay,2026-01-26T00:00:00Z,237.9725,240.3489,237.1737,238.1722,25436509.0
AMZN,1005,OneDay,2026-01-27T00:00:00Z,238.1422,244.8122,237.7228,244.4927,2283969.0
AMZN,1005,OneDay,2026-01-28T00:00:00Z,244.4228,247.3883,238.2121,243.2146,3400949.0
AMZN,1005,OneDay,2026-01-29T00:00:00Z,243.2146,243.6839,236.3848,241.1477,4473438.0
AMZN,1005,OneDay,2026-01-30T00:00:00Z,240.8981,242.925,237.4233,239.2006,4473438.0
AMZN,1005,OneDay,2026-02-02T00:00:00Z,239.3304,245.2316,233.649,242.4957,27890271.0
AMZN,1005,OneDay,2026-02-03T00:00:00Z,242.4457,245.8506,235.0968,238.4218,8402483.0
AMZN,1005,OneDay,2026-02-04T00:00:00Z,238.3818,239.7398,231.4722,233.1297,8402483.0
AMZN,1005,OneDay,2026-02-05T00:00:00Z,233.0299,234.5975,198.5916,200.4688,28571671.0
AMZN,1005,OneDay,2026-02-09T00:00:00Z,210.7633,213.5292,203.0449,208.7164,64866251.0
AMZN,1005,OneDay,2026-02-10T00:00:00Z,208.7164,212.301,206.1003,207.1987,64866251.0
AMZN,1005,OneDay,2026-02-11T00:00:00Z,207.1987,208.7863,202.1962,203.9935,64866251.0
AMZN,1005,OneDay,2026-02-12T00:00:00Z,203.9935,205.1717,197.2636,199.3105,15800937.0
AMZN,1005,OneDay,2026-02-13T00:00:00Z,199.3105,200.8482,196.974,198.4319,15800937.0
AMZN,1005,OneDay,2026-02-17T00:00:00Z,199.1508,201.4074,195.8358,200.6985,49743689.0
AMZN,1005,OneDay,2026-02-18T00:00:00Z,200.6985,206.5297,200.2092,204.5527,49743689.0
AMZN,1005,OneDay,2026-02-19T00:00:00Z,204.5527,205.8208,202.5057,204.3729,49743689.0
AMZN,1005,OneDay,2026-02-20T00:00:00Z,204.3729,210.8133,203.4443,209.8847,12205580.0
AMZN,1005,OneDay,2026-02-23T00:00:00Z,208.15,209.6,203.1,205.1,36991178.0
AMZN,1005,OneDay,2026-02-24T00:00:00Z,205.1,210.34,203.26,208.5,36991178.0
AMZN,1005,OneDay,2026-02-25T00:00:00Z,208.51,211.55,208.3,210.8,36991178.0
AMZN,1005,OneDay,2026-02-26T00:00:00Z,210.8,211.14,205.34,207.11,7145984.0
AMZN,1005,OneDay,2026-02-27T00:00:00Z,206.88,210.32,204.8,210.01,7145984.0
AMZN,1005,OneDay,2026-03-02T00:00:00Z,206.39,209.69,203.1,208.0,33049421.0
AMZN,1005,OneDay,2026-03-03T00:00:00Z,208.0,209.15,202.02,207.85,33049421.0
AMZN,1005,OneDay,2026-03-04T00:00:00Z,207.85,217.52,205.71,216.7,7118327.0
AMZN,1005,OneDay,2026-03-05T00:00:00Z,216.74,220.43,214.53,218.11,4578007.0
AMZN,1005,OneDay,2026-03-06T00:00:00Z,218.01,219.7,212.52,213.14,4578007.0
AMZN,1005,OneDay,2026-03-09T00:00:00Z,208.27,213.95,206.46,213.35,36765097.0
AMZN,1005,OneDay,2026-03-10T00:00:00Z,213.35,215.65,211.81,214.7,25399997.0
AMZN,1005,OneDay,2026-03-11T00:00:00Z,214.7,216.8,211.32,212.47,24086707.0
AMZN,1005,OneDay,2026-03-12T00:00:00Z,212.41,212.6,208.17,209.9,31716670.0
AMZN,1005,OneDay,2026-03-13T00:00:00Z,209.9,210.8,206.21,207.58,20515863.0
AMZN,1005,OneDay,2026-03-16T00:00:00Z,208.3,212.71,207.45,211.45,30243217.0
AMZN,1005,OneDay,2026-03-17T00:00:00Z,211.49,215.66,210.06,215.07,32966064.0
AMZN,1005,OneDay,2026-03-18T00:00:00Z,215.07,216.55,208.83,209.33,27401527.0
AMZN,1005,OneDay,2026-03-19T00:00:00Z,209.33,210.55,206.06,208.76,24874243.0
AMZN,1005,OneDay,2026-03-20T00:00:00Z,208.76,209.42,204.31,205.25,27879528.0
AMZN,1005,OneDay,2026-03-23T00:00:00Z,204.25,212.77,201.73,210.35,30179423.0
AMZN,1005,OneDay,2026-03-24T00:00:00Z,210.35,210.8,206.65,208.7,25154020.0
AMZN,1005,OneDay,2026-03-25T00:00:00Z,208.7,212.97,208.2,211.3,25703936.0
AMZN,1005,OneDay,2026-03-26T00:00:00Z,211.35,212.87,207.12,207.6,33609190.0
AMZN,1005,OneDay,2026-03-27T00:00:00Z,207.75,209.0,199.14,199.39,29625639.0
AMZN,1005,OneDay,2026-03-30T00:00:00Z,197.25,203.78,197.2,200.64,32382649.0
AMZN,1005,OneDay,2026-03-31T00:00:00Z,200.64,210.25,199.75,208.0,43552550.0
AMZN,1005,OneDay,2026-04-01T00:00:00Z,208.0,213.55,207.6,210.39,32521383.0
AMZN,1005,OneDay,2026-04-02T00:00:00Z,210.39,212.16,204.71,209.78,21918381.0
AMZN,1005,OneDay,2026-04-03T00:00:00Z,209.78,209.81,209.33,209.74,141296.0
AMZN,1005,OneDay,2026-04-06T00:00:00Z,208.9,212.94,208.74,212.5,18896888.0
AMZN,1005,OneDay,2026-04-07T00:00:00Z,212.5,214.94,209.06,214.1,19677530.0
AMZN,1005,OneDay,2026-04-08T00:00:00Z,214.22,224.68,214.1,220.85,39118807.0
AMZN,1005,OneDay,2026-04-09T00:00:00Z,220.85,233.96,219.01,233.35,47986448.0
AMZN,1005,OneDay,2026-04-10T00:00:00Z,233.35,240.42,231.46,238.35,33060222.0
AMZN,1005,OneDay,2026-04-13T00:00:00Z,234.11,239.99,233.51,239.75,30801101.0
AMZN,1005,OneDay,2026-04-14T00:00:00Z,239.75,252.17,239.4,248.68,51569660.0
AMZN,1005,OneDay,2026-04-15T00:00:00Z,248.68,249.75,247.2,247.53,32171770.0
AMZN,1005,OneDay,2026-04-16T00:00:00Z,247.53,249.7,244.21,249.3,31319239.0
AMZN,1005,OneDay,2026-04-17T00:00:00Z,249.19,256.11,248.92,250.5,31884823.0
AMZN,1005,OneDay,2026-04-20T00:00:00Z,248.2,255.9,245.37,254.65,27731430.0
AMZN,1005,OneDay,2026-04-21T00:00:00Z,254.72,257.37,249.13,251.25,31876100.0
AMZN,1005,OneDay,2026-04-22T00:00:00Z,251.25,255.89,250.35,254.94,26319175.0
AMZN,1005,OneDay,2026-04-23T00:00:00Z,254.94,258.78,252.0,253.56,30009701.0
AMZN,1005,OneDay,2026-04-24T00:00:00Z,253.56,264.36,253.56,263.96,31565937.0
AMZN,1005,OneDay,2026-04-27T00:00:00Z,264.6,267.15,260.35,261.12,33153109.0
AMZN,1005,OneDay,2026-04-28T00:00:00Z,261.12,261.87,256.36,259.5,30386811.0
AMZN,1005,OneDay,2026-04-29T00:00:00Z,259.5,267.34,250.0,253.6,45541285.0
AMZN,1005,OneDay,2026-04-30T00:00:00Z,253.5,277.03,250.1,264.8,80561740.0
AMZN,1005,OneDay,2026-05-01T00:00:00Z,264.8,273.28,261.6,268.36,29522349.0
AMZN,1005,OneDay,2026-05-04T00:00:00Z,268.1,276.07,266.6,271.66,36821093.0
AMZN,1005,OneDay,2026-05-05T00:00:00Z,271.66,278.54,271.11,272.65,30340887.0
AMZN,1005,OneDay,2026-05-06T00:00:00Z,272.65,277.79,270.82,274.95,33306771.0
AMZN,1005,OneDay,2026-05-07T00:00:00Z,275.0,276.48,270.55,270.91,27400185.0
AMZN,1005,OneDay,2026-05-08T00:00:00Z,270.91,273.82,269.69,272.63,18169618.0
AMZN,1005,OneDay,2026-05-11T00:00:00Z,272.19,273.61,268.36,268.75,29797009.0
AMZN,1005,OneDay,2026-05-12T00:00:00Z,268.75,269.2,262.62,267.1,26934034.0
AMZN,1005,OneDay,2026-05-13T00:00:00Z,267.1,270.71,263.21,270.16,27529437.0
AMZN,1005,OneDay,2026-05-14T00:00:00Z,270.16,271.24,266.62,267.0,25887179.0
AMZN,1005,OneDay,2026-05-15T00:00:00Z,267.0,267.31,260.94,264.21,24171493.0
AMZN,1005,OneDay,2026-05-18T00:00:00Z,262.2,268.81,260.9,264.8,24738719.0
AMZN,1005,OneDay,2026-05-19T00:00:00Z,264.8,265.16,255.19,258.85,30016502.0
AMZN,1005,OneDay,2026-05-20T00:00:00Z,258.85,265.57,258.19,265.02,25997809.0
AMZN,1005,OneDay,2026-05-21T00:00:00Z,265.05,269.47,261.37,268.36,26566837.0
AMZN,1005,OneDay,2026-05-22T00:00:00Z,268.36,269.77,266.35,266.58,15132970.0
AMZN,1005,OneDay,2026-05-26T00:00:00Z,268.74,269.03,262.1,264.96,28913808.0
AMZN,1005,OneDay,2026-05-27T00:00:00Z,264.96,273.0,263.88,272.5,30154153.0
AMZN,1005,OneDay,2026-05-28T00:00:00Z,272.5,274.35,267.43,273.51,31254450.0
AMZN,1005,OneDay,2026-05-29T00:00:00Z,273.52,274.68,269.65,270.57,20398124.0
AMZN,1005,OneDay,2026-06-01T00:00:00Z,270.81,271.1,258.7,259.75,39178331.0
AMZN,1005,OneDay,2026-06-02T00:00:00Z,259.75,261.19,254.37,256.45,32689253.0
AMZN,1005,OneDay,2026-06-03T00:00:00Z,256.45,257.02,247.71,249.83,37089406.0
AMZN,1005,OneDay,2026-06-04T00:00:00Z,249.83,255.8,249.8,253.8,26752538.0
AMZN,1005,OneDay,2026-06-05T00:00:00Z,253.8,255.95,245.8,246.4,26250428.0
AMZN,1005,OneDay,2026-06-08T00:00:00Z,246.52,249.9,243.39,244.77,25485820.0
AMZN,1005,OneDay,2026-06-09T00:00:00Z,244.77,250.4,240.42,244.0,33651002.0
AMZN,1005,OneDay,2026-06-10T00:00:00Z,244.02,244.37,236.17,237.5,28349180.0
AMZN,1005,OneDay,2026-06-11T00:00:00Z,237.6,242.11,235.17,241.23,30057340.0
AMZN,1005,OneDay,2026-06-12T00:00:00Z,241.24,245.21,233.63,238.56,29079151.0
AMZN,1005,OneDay,2026-06-15T00:00:00Z,241.02,247.74,240.04,246.21,31706581.0
AMZN,1005,OneDay,2026-06-16T00:00:00Z,246.22,249.8,245.45,245.93,26486647.0
AMZN,1005,OneDay,2026-06-17T00:00:00Z,245.93,247.5,236.68,238.06,33397768.0
AMZN,1005,OneDay,2026-06-18T00:00:00Z,238.1,245.71,236.02,243.5,58291174.0
AMZN,1005,OneDay,2026-06-19T00:00:00Z,243.5,244.2,242.26,242.85,1411825.0
AMZN,1005,OneDay,2026-06-22T00:00:00Z,242.03,243.35,232.25,232.89,48148517.0
AMZN,1005,OneDay,2026-06-23T00:00:00Z,232.89,236.86,229.65,234.03,47056242.0
AMZN,1005,OneDay,2026-06-24T00:00:00Z,234.03,242.4,232.51,234.95,51582020.0
AMZN,1005,OneDay,2026-06-25T00:00:00Z,234.9,235.18,225.57,226.8,56553877.0
AMZN,1005,OneDay,2026-06-26T00:00:00Z,226.8,232.83,225.01,232.28,48768345.0
AMZN,1005,OneDay,2026-06-29T00:00:00Z,233.4,246.71,232.62,239.67,53772302.0
AMZN,1005,OneDay,2026-06-30T00:00:00Z,239.65,241.52,236.5,238.6,47748676.0
AMZN,1005,OneDay,2026-07-01T00:00:00Z,238.6,244.89,234.9,241.55,39008186.0
AMZN,1005,OneDay,2026-07-02T00:00:00Z,241.55,246.66,240.88,242.5,33500833.0
AMZN,1005,OneDay,2026-07-03T00:00:00Z,242.5,243.0,242.5,242.95,1004886.0
AMZN,1005,OneDay,2026-07-06T00:00:00Z,244.07,246.15,240.88,244.35,28625316.0
AMZN,1005,OneDay,2026-07-07T00:00:00Z,244.36,248.89,242.7,245.65,31624748.0
AMZN,1005,OneDay,2026-07-08T00:00:00Z,245.65,245.82,240.52,242.77,22973678.0
AMZN,1005,OneDay,2026-07-09T00:00:00Z,242.77,247.3,238.27,246.09,29538586.0
AMZN,1005,OneDay,2026-07-10T00:00:00Z,246.09,250.9,244.42,245.24,17118606.0
AMZN,1005,OneDay,2026-07-13T00:00:00Z,244.37,249.64,243.38,247.0,23696824.0
AMZN,1005,OneDay,2026-07-14T00:00:00Z,247.0,248.73,243.96,246.9,23995042.0
AMZN,1005,OneDay,2026-07-15T00:00:00Z,247.03,256.46,246.8,255.07,32830068.0
AMZN,1005,OneDay,2026-07-16T00:00:00Z,255.07,258.3,248.0,249.8,34315892.0
AMZN,1005,OneDay,2026-07-17T00:00:00Z,249.9,251.15,243.29,247.35,22635256.0
AMZN,1005,OneDay,2026-07-20T00:00:00Z,246.81,252.87,246.71,249.52,24200756.0
AMZN,1005,OneDay,2026-07-21T00:00:00Z,249.52,250.8,246.72,247.1,21585452.0
AMZN,1005,OneDay,2026-07-22T00:00:00Z,247.09,248.6,242.46,244.28,24676164.0
AMZN,1005,OneDay,2026-07-23T00:00:00Z,244.28,245.09,232.06,234.39,36559747.0
AMZN,1005,OneDay,2026-07-24T00:00:00Z,234.39,235.35,231.37,232.02,20333238.0
AMZN,1005,OneDay,2026-07-27T00:00:00Z,234.04,235.85,230.99,231.46,27418517.0
AMZN,1005,OneDay,2026-07-28T00:00:00Z,231.46,234.05,228.1,231.05,32874474.0
AMZN,1005,OneDay,2026-07-29T00:00:00Z,231.02,232.81,225.4,227.2,31115189.0
AMZN,1005,OneDay,2026-07-30T00:00:00Z,227.0,257.69,224.23,254.54,65795207.0
AMZN,1005,OneDay,2026-07-31T00:00:00Z,254.54,273.21,250.02,271.56,79260287.0
AMZN,1005,OneDay,2026-08-03T00:00:00Z,272.88,287.05,272.5,282.41,61906288.0
AMZN,1005,OneDay,2026-08-04T00:00:00Z,282.41,282.77,275.01,277.66,49972226.0
AMZN,1005,OneDay,2026-08-05T00:00:00Z,277.61,282.62,270.73,272.43,33806903.0
AMZN,1005,OneDay,2026-08-06T00:00:00Z,272.43,275.45,271.08,271.89,21502402.0
AMZN,1005,OneDay,2026-08-07T00:00:00Z,271.89,278.28,271.32,274.64,20490085.0
AMZN,1005,OneDay,2026-08-10T00:00:00Z,274.19,280.12,273.2,277.21,24483523.0
AMZN,1005,OneDay,2026-08-11T00:00:00Z,277.27,278.87,271.37,272.28,23302421.0
AMZN,1005,OneDay,2026-08-12T00:00:00Z,272.35,273.85,267.1,267.51,21013074.0
AMZN,1005,OneDay,2026-08-13T00:00:00Z,267.5,269.48,264.71,265.17,23727604.0
AMZN,1005,OneDay,2026-08-14T00:00:00Z,265.17,266.31,262.43,262.6,14082547.0
AMZN,1005,OneDay,2026-08-17T00:00:00Z,264.0,266.52,258.33,261.31,32198416.0
AMZN,1005,OneDay,2026-08-18T00:00:00Z,261.31,262.13,257.73,259.36,25803357.0
AMZN,1005,OneDay,2026-08-19T00:00:00Z,259.36,266.48,258.58,266.43,26866776.0
AMZN,1005,OneDay,2026-08-20T00:00:00Z,266.43,267.27,259.92,260.96,12712457.0
NVDA,1137,OneDay,2022-07-22T00:00:00Z,17.8559,17.9348,17.1216,17.2984,
NVDA,1137,OneDay,2022-07-25T00:00:00Z,16.9917,17.0986,16.635,17.0157,
NVDA,1137,OneDay,2022-07-26T00:00:00Z,16.8608,16.8988,16.4632,16.5231,
NVDA,1137,OneDay,2022-07-27T00:00:00Z,17.0147,17.9149,16.9008,17.772,
NVDA,1137,OneDay,2022-07-28T00:00:00Z,17.9418,18.1187,17.4253,17.9748,
NVDA,1137,OneDay,2022-07-29T00:00:00Z,17.776,18.2216,17.6791,18.1486,
NVDA,1137,OneDay,2022-08-01T00:00:00Z,18.1407,18.827,17.9758,18.4214,
NVDA,1137,OneDay,2022-08-02T00:00:00Z,18.0937,18.916,18.0837,18.5113,
NVDA,1137,OneDay,2022-08-03T00:00:00Z,18.1546,18.9449,18.1546,18.865,
NVDA,1137,OneDay,2022-08-04T00:00:00Z,18.824,19.2527,18.7441,19.2007,
NVDA,1137,OneDay,2022-08-05T00:00:00Z,18.7871,19.2087,18.6532,18.9759,
NVDA,1137,OneDay,2022-08-08T00:00:00Z,17.5032,18.2166,17.2265,17.776,
NVDA,1137,OneDay,2022-08-09T00:00:00Z,17.2295,17.4273,16.71,17.0706,
NVDA,1137,OneDay,2022-08-10T00:00:00Z,17.6791,18.0997,17.3014,18.0727,
NVDA,1137,OneDay,2022-08-11T00:00:00Z,18.1137,18.6862,17.8659,17.9109,
NVDA,1137,OneDay,2022-08-12T00:00:00Z,18.1207,18.6992,17.9358,18.6972,
NVDA,1137,OneDay,2022-08-15T00:00:00Z,18.6832,19.1448,18.5972,19.0069,
NVDA,1137,OneDay,2022-08-16T00:00:00Z,18.871,19.1228,18.4834,18.868,
NVDA,1137,OneDay,2022-08-17T00:00:00Z,18.4963,18.6592,18.1287,18.3075,
NVDA,1137,OneDay,2022-08-18T00:00:00Z,18.2536,18.845,18.1656,18.7501,
NVDA,1137,OneDay,2022-08-19T00:00:00Z,18.3954,18.5013,17.753,17.8329,
NVDA,1137,OneDay,2022-08-22T00:00:00Z,17.4223,17.5392,16.9507,17.0217,
NVDA,1137,OneDay,2022-08-23T00:00:00Z,16.9647,17.4443,16.9597,17.1665,
NVDA,1137,OneDay,2022-08-24T00:00:00Z,16.9847,17.3863,16.8838,17.1905,
NVDA,1137,OneDay,2022-08-25T00:00:00Z,16.8318,17.9228,16.8218,17.9149,
NVDA,1137,OneDay,2022-08-26T00:00:00Z,17.8339,17.9009,16.2274,16.2274,
NVDA,1137,OneDay,2022-08-29T00:00:00Z,16.0076,16.3153,15.7528,15.7628,
NVDA,1137,OneDay,2022-08-30T00:00:00Z,15.9576,16.0126,15.1673,15.4551,
NVDA,1137,OneDay,2022-08-31T00:00:00Z,15.3482,15.521,14.9455,15.0644,
NVDA,1137,OneDay,2022-09-01T00:00:00Z,14.1882,14.3591,13.2591,13.9494,
NVDA,1137,OneDay,2022-09-02T00:00:00Z,14.0863,14.1522,13.5788,13.6267,
NVDA,1137,OneDay,2022-09-06T00:00:00Z,13.6997,13.7616,13.34,13.4519,
NVDA,1137,OneDay,2022-09-07T00:00:00Z,13.5558,13.8216,13.336,13.7056,
NVDA,1137,OneDay,2022-09-08T00:00:00Z,13.4139,13.9934,13.356,13.9764,
NVDA,1137,OneDay,2022-09-09T00:00:00Z,14.1413,14.459,14.1153,14.377,
NVDA,1137,OneDay,2022-09-12T00:00:00Z,14.3856,14.5628,14.2193,14.4762,
NVDA,1137,OneDay,2022-09-13T00:00:00Z,13.7643,13.8941,13.0784,13.0863,
NVDA,1137,OneDay,2022-09-14T00:00:00Z,13.2331,13.2651,12.8946,13.1123,
NVDA,1137,OneDay,2022-09-15T00:00:00Z,13.0015,13.2092,12.7728,12.9116,
NVDA,1137,OneDay,2022-09-16T00:00:00Z,12.7608,13.1912,12.5981,13.1792,
NVDA,1137,OneDay,2022-09-19T00:00:00Z,13.0045,13.4398,13.0045,13.3619,
NVDA,1137,OneDay,2022-09-20T00:00:00Z,13.1842,13.4608,13.0384,13.1502,
NVDA,1137,OneDay,2022-09-21T00:00:00Z,13.2351,14.001,13.0903,13.2401,
NVDA,1137,OneDay,2022-09-22T00:00:00Z,13.0364,13.1213,12.4094,12.5402,
NVDA,1137,OneDay,2022-09-23T00:00:00Z,12.4323,12.5891,12.2396,12.4992,
NVDA,1137,OneDay,2022-09-26T00:00:00Z,12.4543,12.636,12.1967,12.1967,
NVDA,1137,OneDay,2022-09-27T00:00:00Z,12.5302,12.7099,12.2396,12.3894,
NVDA,1137,OneDay,2022-09-28T00:00:00Z,12.3804,12.8018,12.3375,12.7129,
NVDA,1137,OneDay,2022-09-29T00:00:00Z,12.4134,12.4733,11.9301,12.2037,
NVDA,1137,OneDay,2022-09-30T00:00:00Z,12.0589,12.612,12.0589,12.1198,
NVDA,1137,OneDay,2022-10-03T00:00:00Z,12.3235,12.658,12.0868,12.4832,
NVDA,1137,OneDay,2022-10-04T00:00:00Z,12.8747,13.1982,12.8687,13.1512,
NVDA,1137,OneDay,2022-10-05T00:00:00Z,12.8796,13.299,12.6021,13.1722,
NVDA,1137,OneDay,2022-10-06T00:00:00Z,13.1592,13.6265,13.0893,13.1033,
NVDA,1137,OneDay,2022-10-07T00:00:00Z,12.4463,12.647,12.004,12.0569,
NVDA,1137,OneDay,2022-10-10T00:00:00Z,12.0339,12.1018,11.3909,11.6445,
NVDA,1137,OneDay,2022-10-11T00:00:00Z,11.5466,11.8262,11.2671,11.5656,
NVDA,1137,OneDay,2022-10-12T00:00:00Z,11.5516,11.7134,11.327,11.4788,
NVDA,1137,OneDay,2022-10-13T00:00:00Z,10.9076,12.0469,10.8018,11.9341,
NVDA,1137,OneDay,2022-10-14T00:00:00Z,12.0379,12.0818,11.1882,11.2112,
NVDA,1137,OneDay,2022-10-17T00:00:00Z,11.5187,11.9281,11.5137,11.8662,
NVDA,1137,OneDay,2022-10-18T00:00:00Z,12.3544,12.4563,11.6016,11.951,
NVDA,1137,OneDay,2022-10-19T00:00:00Z,11.8492,12.3265,11.8182,12.0389,
NVDA,1137,OneDay,2022-10-20T00:00:00Z,12.1088,12.7439,12.0998,12.1657,
NVDA,1137,OneDay,2022-10-21T00:00:00Z,12.0838,12.4773,11.8692,12.4533,
NVDA,1137,OneDay,2022-10-24T00:00:00Z,12.5002,12.6879,12.0449,12.5821,
NVDA,1137,OneDay,2022-10-25T00:00:00Z,12.664,13.277,12.645,13.2421,
NVDA,1137,OneDay,2022-10-26T00:00:00Z,12.8427,13.3649,12.6889,12.8727,
NVDA,1137,OneDay,2022-10-27T00:00:00Z,13.6146,13.8023,13.1023,13.1482,
NVDA,1137,OneDay,2022-10-28T00:00:00Z,13.0644,13.8252,13.0514,13.8212,
NVDA,1137,OneDay,2022-10-31T00:00:00Z,13.7613,13.8152,13.278,13.4728,
NVDA,1137,OneDay,2022-11-01T00:00:00Z,13.7863,13.8921,13.4987,13.5187,
NVDA,1137,OneDay,2022-11-02T00:00:00Z,13.8232,14.1787,13.1922,13.2002,
NVDA,1137,OneDay,2022-11-03T00:00:00Z,13.0154,13.7553,12.9376,13.4049,
NVDA,1137,OneDay,2022-11-04T00:00:00Z,13.8492,14.2047,13.6755,14.1368,
NVDA,1137,OneDay,2022-11-07T00:00:00Z,14.1757,14.3884,13.9341,14.2736,
NVDA,1137,OneDay,2022-11-08T00:00:00Z,14.7688,14.8627,14.1967,14.5831,
NVDA,1137,OneDay,2022-11-09T00:00:00Z,14.1368,14.1827,13.7394,13.7623,
NVDA,1137,OneDay,2022-11-10T00:00:00Z,14.7958,15.7473,14.5262,15.7194,
NVDA,1137,OneDay,2022-11-11T00:00:00Z,15.7693,16.3634,15.4588,16.2975,
NVDA,1137,OneDay,2022-11-14T00:00:00Z,16.1917,16.5122,15.9011,16.2805,
NVDA,1137,OneDay,2022-11-15T00:00:00Z,16.7299,16.9705,16.3574,16.642,
NVDA,1137,OneDay,2022-11-16T00:00:00Z,16.0599,16.3325,15.8502,15.8811,
NVDA,1137,OneDay,2022-11-17T00:00:00Z,15.6415,16.2396,15.5117,15.6515,
NVDA,1137,OneDay,2022-11-18T00:00:00Z,15.9381,15.964,15.0973,15.3879,
NVDA,1137,OneDay,2022-11-21T00:00:00Z,15.0893,15.4518,15.0594,15.294,
NVDA,1137,OneDay,2022-11-22T00:00:00Z,15.303,16.0299,15.0993,16.0139,
NVDA,1137,OneDay,2022-11-23T00:00:00Z,16.0529,16.4972,16.0239,16.4972,
NVDA,1137,OneDay,2022-11-25T00:00:00Z,16.2985,16.4603,16.1467,16.2446,
NVDA,1137,OneDay,2022-11-28T00:00:00Z,15.985,16.3285,15.7014,15.8023,
NVDA,1137,OneDay,2022-11-29T00:00:00Z,15.7993,15.9041,15.4987,15.6175,
NVDA,1137,OneDay,2022-11-30T00:00:00Z,15.6365,16.8966,15.5766,16.8906,
NVDA,1137,OneDay,2022-12-01T00:00:00Z,16.9446,17.2371,16.609,17.1163,
NVDA,1137,OneDay,2022-12-02T00:00:00Z,16.625,16.9046,16.4223,16.8397,
NVDA,1137,OneDay,2022-12-05T00:00:00Z,16.632,16.9685,16.4503,16.5821,
NVDA,1137,OneDay,2022-12-06T00:00:00Z,16.5162,16.5372,15.7963,15.97,
NVDA,1137,OneDay,2022-12-07T00:00:00Z,15.6994,16.1587,15.6535,16.0988,
NVDA,1137,OneDay,2022-12-08T00:00:00Z,16.2266,17.1512,15.9381,17.1462,
NVDA,1137,OneDay,2022-12-09T00:00:00Z,17.1672,17.5536,16.9525,16.9745,
NVDA,1137,OneDay,2022-12-12T00:00:00Z,16.9965,17.5067,16.7708,17.5057,
NVDA,1137,OneDay,2022-12-13T00:00:00Z,18.4283,18.7558,17.6864,18.0469,
NVDA,1137,OneDay,2022-12-14T00:00:00Z,17.966,18.2206,17.3969,17.6525,
NVDA,1137,OneDay,2022-12-15T00:00:00Z,17.1732,17.286,16.675,16.9246,
NVDA,1137,OneDay,2022-12-16T00:00:00Z,16.8098,17.0084,16.3854,16.5442,
NVDA,1137,OneDay,2022-12-19T00:00:00Z,16.5332,16.5751,16.1218,16.2286,
NVDA,1137,OneDay,2022-12-20T00:00:00Z,16.0259,16.2815,15.8262,16.0589,
NVDA,1137,OneDay,2022-12-21T00:00:00Z,16.0958,16.6011,16.0778,16.4722,
NVDA,1137,OneDay,2022-12-22T00:00:00Z,16.0299,16.0649,14.8627,15.319,
NVDA,1137,OneDay,2022-12-23T00:00:00Z,15.1772,15.312,14.8607,15.1782,
NVDA,1137,OneDay,2022-12-27T00:00:00Z,15.0284,15.0574,14.0359,14.0898,
NVDA,1137,OneDay,2022-12-28T00:00:00Z,13.9021,14.2346,13.8632,14.0169,
NVDA,1137,OneDay,2022-12-29T00:00:00Z,14.3684,14.659,14.2077,14.5761,
NVDA,1137,OneDay,2022-12-30T00:00:00Z,14.3045,14.6031,14.2116,14.5991,
NVDA,1137,OneDay,2023-01-03T00:00:00Z,14.8497,14.9695,14.0778,14.2915,
NVDA,1137,OneDay,2023-01-04T00:00:00Z,14.5472,14.8297,14.2186,14.7239,
NVDA,1137,OneDay,2023-01-05T00:00:00Z,14.4633,14.5342,14.1258,14.2516,
NVDA,1137,OneDay,2023-01-06T00:00:00Z,14.4333,14.9865,14.012,14.8287,
NVDA,1137,OneDay,2023-01-09T00:00:00Z,15.28,16.0289,15.1213,15.6086,
NVDA,1137,OneDay,2023-01-10T00:00:00Z,15.5067,15.9341,15.4628,15.8871,
NVDA,1137,OneDay,2023-01-11T00:00:00Z,15.8102,15.987,15.5416,15.986,
NVDA,1137,OneDay,2023-01-12T00:00:00Z,16.0788,16.608,15.4738,16.4972,
NVDA,1137,OneDay,2023-01-13T00:00:00Z,16.2386,16.8956,16.1438,16.8667,
NVDA,1137,OneDay,2023-01-17T00:00:00Z,16.9266,17.6974,16.9266,17.6724,
NVDA,1137,OneDay,2023-01-18T00:00:00Z,17.6495,17.8442,17.2551,17.3479,
NVDA,1137,OneDay,2023-01-19T00:00:00Z,16.9755,17.1662,16.7059,16.7398,
NVDA,1137,OneDay,2023-01-20T00:00:00Z,16.9605,17.8172,16.7998,17.8092,
NVDA,1137,OneDay,2023-01-23T00:00:00Z,18.0379,19.2131,17.7903,19.1672,
NVDA,1137,OneDay,2023-01-24T00:00:00Z,18.8127,19.4478,18.7928,19.2321,
NVDA,1137,OneDay,2023-01-25T00:00:00Z,18.8726,19.333,18.5521,19.299,
NVDA,1137,OneDay,2023-01-26T00:00:00Z,19.7134,20.1288,19.2481,19.7823,
NVDA,1137,OneDay,2023-01-27T00:00:00Z,19.4168,20.5921,19.3869,20.3394,
NVDA,1137,OneDay,2023-01-30T00:00:00Z,19.95,20.1008,19.1223,19.1323,
NVDA,1137,OneDay,2023-01-31T00:00:00Z,19.1402,19.6565,18.9236,19.4987,
NVDA,1137,OneDay,2023-02-01T00:00:00Z,19.6754,21.1592,19.5826,20.9116,
NVDA,1137,OneDay,2023-02-02T00:00:00Z,20.9655,21.9121,20.9296,21.6784,
NVDA,1137,OneDay,2023-02-03T00:00:00Z,20.9206,21.7094,20.7608,21.0733,
NVDA,1137,OneDay,2023-02-06T00:00:00Z,20.7538,21.5346,20.7538,21.0634,
NVDA,1137,OneDay,2023-02-07T00:00:00Z,21.316,22.2206,21.1173,22.1417,
NVDA,1137,OneDay,2023-02-08T00:00:00Z,22.4323,22.8247,21.984,22.1777,
NVDA,1137,OneDay,2023-02-09T00:00:00Z,22.613,22.9835,22.0898,22.2905,
NVDA,1137,OneDay,2023-02-10T00:00:00Z,21.6405,22.0389,20.7818,21.2231,
NVDA,1137,OneDay,2023-02-13T00:00:00Z,21.4817,22.0119,20.9445,21.7453,
NVDA,1137,OneDay,2023-02-14T00:00:00Z,21.5936,23.0114,21.332,22.9196,
NVDA,1137,OneDay,2023-02-15T00:00:00Z,22.5531,22.8127,22.0738,22.7119,
NVDA,1137,OneDay,2023-02-16T00:00:00Z,22.1288,22.5152,21.8941,21.96,
NVDA,1137,OneDay,2023-02-17T00:00:00Z,21.5786,21.6944,20.9435,21.3479,
NVDA,1137,OneDay,2023-02-21T00:00:00Z,20.9955,21.4558,20.601,20.636,
NVDA,1137,OneDay,2023-02-22T00:00:00Z,20.6859,21.0624,20.3914,20.7358,
NVDA,1137,OneDay,2023-02-23T00:00:00Z,23.4388,23.8342,22.9915,23.6215,
NVDA,1137,OneDay,2023-02-24T00:00:00Z,23.1492,23.4298,22.9156,23.2481,
NVDA,1137,OneDay,2023-02-27T00:00:00Z,23.6395,23.8402,23.4178,23.4628,
NVDA,1137,OneDay,2023-02-28T00:00:00Z,23.4008,23.7873,23.1822,23.1832,
NVDA,1137,OneDay,2023-03-01T00:00:00Z,23.1712,23.1782,22.4742,22.656,
NVDA,1137,OneDay,2023-03-02T00:00:00Z,22.4293,23.3439,22.3984,23.268,
NVDA,1137,OneDay,2023-03-03T00:00:00Z,23.307,23.8632,23.0973,23.8562,
NVDA,1137,OneDay,2023-03-06T00:00:00Z,23.8681,24.2096,23.4518,23.5187,
NVDA,1137,OneDay,2023-03-07T00:00:00Z,23.6215,24.0858,23.2061,23.2481,
NVDA,1137,OneDay,2023-03-08T00:00:00Z,23.4198,24.1587,23.4028,24.1437,
NVDA,1137,OneDay,2023-03-09T00:00:00Z,24.1347,24.4133,23.3469,23.4088,
NVDA,1137,OneDay,2023-03-10T00:00:00Z,23.3389,23.5866,22.6959,22.9336,
NVDA,1137,OneDay,2023-03-13T00:00:00Z,22.7338,23.2571,22.2656,22.9365,
NVDA,1137,OneDay,2023-03-14T00:00:00Z,23.4588,24.1797,23.4398,24.0409,
NVDA,1137,OneDay,2023-03-15T00:00:00Z,23.7114,24.2466,23.325,24.1607,
NVDA,1137,OneDay,2023-03-16T00:00:00Z,24.0459,25.5476,23.8582,25.5097,
NVDA,1137,OneDay,2023-03-17T00:00:00Z,25.8612,26.3554,25.6265,25.6824,
NVDA,1137,OneDay,2023-03-20T00:00:00Z,25.5736,25.983,25.0923,25.8482,
NVDA,1137,OneDay,2023-03-21T00:00:00Z,26.0708,26.3474,25.3439,26.1347,
NVDA,1137,OneDay,2023-03-22T00:00:00Z,26.4183,27.5436,26.2046,26.4193,
NVDA,1137,OneDay,2023-03-23T00:00:00Z,27.1502,27.4548,26.65,27.1552,
NVDA,1137,OneDay,2023-03-24T00:00:00Z,27.0334,27.1183,26.3195,26.7398,
NVDA,1137,OneDay,2023-03-27T00:00:00Z,26.7288,26.9515,26.3264,26.4802,
NVDA,1137,OneDay,2023-03-28T00:00:00Z,26.4033,26.4173,25.8122,26.3664,
NVDA,1137,OneDay,2023-03-29T00:00:00Z,26.7908,27.0254,26.5581,26.9305,
NVDA,1137,OneDay,2023-03-30T00:00:00Z,27.1452,27.4548,27.0624,27.3439,
NVDA,1137,OneDay,2023-03-31T00:00:00Z,27.0963,27.7903,27.0654,27.7543,
NVDA,1137,OneDay,2023-04-03T00:00:00Z,27.4248,27.957,27.295,27.929,
NVDA,1137,OneDay,2023-04-04T00:00:00Z,27.9021,27.949,27.266,27.4098,
NVDA,1137,OneDay,2023-04-05T00:00:00Z,26.7598,26.9515,26.3584,26.8167,
NVDA,1137,OneDay,2023-04-06T00:00:00Z,26.5162,27.0364,26.3894,26.9895,
NVDA,1137,OneDay,2023-04-10T00:00:00Z,26.8367,27.5776,26.63,27.5306,
NVDA,1137,OneDay,2023-04-11T00:00:00Z,27.7184,27.7284,27.0863,27.1282,
NVDA,1137,OneDay,2023-04-12T00:00:00Z,27.314,27.4198,26.4083,26.4333,
NVDA,1137,OneDay,2023-04-13T00:00:00Z,26.6889,26.8417,26.2885,26.4193,
NVDA,1137,OneDay,2023-04-14T00:00:00Z,26.4503,26.8377,26.1797,26.7139,
NVDA,1137,OneDay,2023-04-17T00:00:00Z,26.4652,26.9605,26.3934,26.9535,
NVDA,1137,OneDay,2023-04-18T00:00:00Z,27.5686,28.0578,27.316,27.6395,
NVDA,1137,OneDay,2023-04-19T00:00:00Z,27.302,27.955,27.1932,27.8861,
NVDA,1137,OneDay,2023-04-20T00:00:00Z,27.6215,27.982,26.9605,27.0604,
NVDA,1137,OneDay,2023-04-21T00:00:00Z,26.8616,27.1402,26.6819,27.0823,
NVDA,1137,OneDay,2023-04-24T00:00:00Z,26.9935,27.319,26.632,26.9845,
NVDA,1137,OneDay,2023-04-25T00:00:00Z,27.0254,27.1932,26.1857,26.1867,
NVDA,1137,OneDay,2023-04-26T00:00:00Z,26.9735,27.287,26.666,26.9166,
NVDA,1137,OneDay,2023-04-27T00:00:00Z,27.3269,27.4398,26.5941,27.1782,
NVDA,1137,OneDay,2023-04-28T00:00:00Z,27.2211,27.7134,27.0304,27.6934,
NVDA,1137,OneDay,2023-05-01T00:00:00Z,27.8232,29.0124,27.7393,28.8586,
NVDA,1137,OneDay,2023-05-02T00:00:00Z,28.627,28.7818,28.0419,28.1717,
NVDA,1137,OneDay,2023-05-03T00:00:00Z,27.8112,28.3155,27.4388,27.7663,
NVDA,1137,OneDay,2023-05-04T00:00:00Z,27.6614,27.8092,27.2011,27.5037,
NVDA,1137,OneDay,2023-05-05T00:00:00Z,27.7433,28.7109,27.6884,28.617,
NVDA,1137,OneDay,2023-05-08T00:00:00Z,28.4762,29.1732,28.3085,29.1063,
NVDA,1137,OneDay,2023-05-09T00:00:00Z,28.8317,28.9215,28.4073,28.5221,
NVDA,1137,OneDay,2023-05-10T00:00:00Z,28.9385,29.0634,28.4203,28.8347,
NVDA,1137,OneDay,2023-05-11T00:00:00Z,28.8606,28.8766,28.2056,28.5371,
NVDA,1137,OneDay,2023-05-12T00:00:00Z,28.4852,28.7348,28.0029,28.2895,
NVDA,1137,OneDay,2023-05-15T00:00:00Z,28.4083,28.9186,28.1088,28.9126,
NVDA,1137,OneDay,2023-05-16T00:00:00Z,28.8077,29.8222,28.8077,29.1562,
NVDA,1137,OneDay,2023-05-17T00:00:00Z,29.5316,30.1507,29.3879,30.1317,
NVDA,1137,OneDay,2023-05-18T00:00:00Z,30.4063,31.7773,30.2715,31.6215,
NVDA,1137,OneDay,2023-05-19T00:00:00Z,31.3689,31.5176,30.8716,31.2191,
NVDA,1137,OneDay,2023-05-22T00:00:00Z,30.8497,31.4657,30.634,31.1192,20475473.0
NVDA,1137,OneDay,2023-05-23T00:00:00Z,31.0054,31.2331,30.5851,30.638,19663655.0
NVDA,1137,OneDay,2023-05-24T00:00:00Z,30.1317,30.5581,29.7613,30.4493,28890054.0
NVDA,1137,OneDay,2023-05-25T00:00:00Z,37.8541,39.4158,36.585,37.8871,80486642.0
NVDA,1137,OneDay,2023-05-26T00:00:00Z,37.6634,39.1062,37.5027,38.8676,39869834.0
NVDA,1137,OneDay,2023-05-30T00:00:00Z,40.4992,41.8571,39.8901,40.0528,51998953.0
NVDA,1137,OneDay,2023-05-31T00:00:00Z,39.3739,40.2046,37.8022,37.915,45090029.0
NVDA,1137,OneDay,2023-06-01T00:00:00Z,38.3654,39.9859,38.2795,39.7123,35784636.0
NVDA,1137,OneDay,2023-06-02T00:00:00Z,39.9799,40.4253,38.9994,39.271,26965414.0
NVDA,1137,OneDay,2023-06-05T00:00:00Z,38.9715,39.4977,38.6519,39.1232,21623489.0
NVDA,1137,OneDay,2023-06-06T00:00:00Z,38.8926,39.0953,38.0928,38.62,23042897.0
NVDA,1137,OneDay,2023-06-07T00:00:00Z,38.8666,39.4368,37.306,37.4268,29520169.0
NVDA,1137,OneDay,2023-06-08T00:00:00Z,37.5985,38.8027,37.4498,38.4522,24458928.0
NVDA,1137,OneDay,2023-06-09T00:00:00Z,39.1552,39.6414,38.5111,38.7198,23276995.0
NVDA,1137,OneDay,2023-06-12T00:00:00Z,39.1412,39.4637,38.5631,39.4348,21095241.0
NVDA,1137,OneDay,2023-06-13T00:00:00Z,40.1107,41.0344,39.6834,40.9794,35448366.0
NVDA,1137,OneDay,2023-06-14T00:00:00Z,40.629,42.9305,40.5061,42.9205,42442477.0
NVDA,1137,OneDay,2023-06-15T00:00:00Z,42.615,43.2171,42.0898,42.575,31688897.0
NVDA,1137,OneDay,2023-06-16T00:00:00Z,43.4298,43.6494,42.599,42.619,31009743.0
NVDA,1137,OneDay,2023-06-20T00:00:00Z,42.9515,43.919,42.616,43.7543,24835919.0
NVDA,1137,OneDay,2023-06-21T00:00:00Z,43.4737,43.5346,42.0229,42.9734,31465669.0
NVDA,1137,OneDay,2023-06-22T00:00:00Z,42.1846,43.3539,42.1846,42.9605,23210579.0
NVDA,1137,OneDay,2023-06-23T00:00:00Z,42.3883,42.7378,41.959,42.1397,19925618.0
NVDA,1137,OneDay,2023-06-26T00:00:00Z,42.2346,42.6959,40.0398,40.577,35601279.0
NVDA,1137,OneDay,2023-06-27T00:00:00Z,40.7907,41.8721,40.3903,41.8362,26007188.0
NVDA,1137,OneDay,2023-06-28T00:00:00Z,40.612,41.7752,40.4592,41.0633,32732916.0
NVDA,1137,OneDay,2023-06-29T00:00:00Z,41.4977,41.5086,40.5381,40.7738,22128237.0
NVDA,1137,OneDay,2023-07-03T00:00:00Z,42.5411,42.8237,42.1377,42.3324,11188755.0
NVDA,1137,OneDay,2023-07-05T00:00:00Z,42.1966,43.1052,42.1966,42.2485,18416214.0
NVDA,1137,OneDay,2023-07-06T00:00:00Z,41.6205,42.1068,41.284,42.0338,16258391.0
NVDA,1137,OneDay,2023-07-07T00:00:00Z,42.2775,43.1442,42.1167,42.4382,19133551.0
NVDA,1137,OneDay,2023-07-10T00:00:00Z,42.587,42.7338,41.5915,42.1068,19294486.0
NVDA,1137,OneDay,2023-07-11T00:00:00Z,42.4043,42.6859,42.0039,42.3234,16029915.0
NVDA,1137,OneDay,2023-07-12T00:00:00Z,42.8326,43.8631,42.7148,43.8332,26442002.0
NVDA,1137,OneDay,2023-07-13T00:00:00Z,44.5101,46.0089,44.4342,45.926,26294019.0
NVDA,1137,OneDay,2023-07-14T00:00:00Z,46.7598,47.945,44.9994,45.3159,45019285.0
NVDA,1137,OneDay,2023-07-17T00:00:00Z,46.2286,46.4193,45.1921,46.3913,29687968.0
NVDA,1137,OneDay,2023-07-18T00:00:00Z,46.582,47.8072,45.6624,47.4158,33036633.0
NVDA,1137,OneDay,2023-07-19T00:00:00Z,47.4098,47.7403,46.6799,47.0224,24128251.0
NVDA,1137,OneDay,2023-07-20T00:00:00Z,46.3743,47.0074,44.9954,45.4907,29896277.0
NVDA,1137,OneDay,2023-07-24T00:00:00Z,44.7328,45.0334,43.9739,44.5511,20745516.0
NVDA,1137,OneDay,2023-07-25T00:00:00Z,44.8646,46.1067,44.8646,45.5935,19562777.0
NVDA,1137,OneDay,2023-07-26T00:00:00Z,45.939,45.951,44.5631,45.3908,21486469.0
NVDA,1137,OneDay,2023-07-27T00:00:00Z,46.5501,47.3189,45.6814,45.8232,26500874.0
NVDA,1137,OneDay,2023-07-28T00:00:00Z,46.594,46.9435,46.3114,46.6619,17372889.0
NVDA,1137,OneDay,2023-07-31T00:00:00Z,46.6419,47.0523,46.4362,46.6559,13966985.0
NVDA,1137,OneDay,2023-08-01T00:00:00Z,46.3713,46.8257,45.959,46.4312,13382986.0
NVDA,1137,OneDay,2023-08-02T00:00:00Z,45.7313,45.7573,43.3409,44.2356,30910209.0
NVDA,1137,OneDay,2023-08-03T00:00:00Z,43.8252,45.0373,43.7792,44.4452,19495132.0
NVDA,1137,OneDay,2023-08-04T00:00:00Z,44.9375,45.5666,44.3274,44.628,20921210.0
NVDA,1137,OneDay,2023-08-07T00:00:00Z,45.1622,45.4657,44.4972,45.3289,20429122.0
NVDA,1137,OneDay,2023-08-08T00:00:00Z,44.7078,45.1592,43.9939,44.605,23558800.0
NVDA,1137,OneDay,2023-08-09T00:00:00Z,44.2086,44.2186,42.0718,42.5051,40106643.0
NVDA,1137,OneDay,2023-08-10T00:00:00Z,41.957,43.4907,41.7733,42.3064,31779745.0
NVDA,1137,OneDay,2023-08-11T00:00:00Z,41.6874,41.943,40.578,40.7578,33227425.0
NVDA,1137,OneDay,2023-08-14T00:00:00Z,40.3604,43.7073,40.2535,43.6844,44593406.0
NVDA,1137,OneDay,2023-08-15T00:00:00Z,44.5331,45.1751,43.6444,43.8941,44155444.0
NVDA,1137,OneDay,2023-08-16T00:00:00Z,44.3853,44.583,43.3419,43.4188,32224915.0
NVDA,1137,OneDay,2023-08-17T00:00:00Z,43.8951,43.952,42.9375,43.3279,27222030.0
NVDA,1137,OneDay,2023-08-18T00:00:00Z,42.5701,43.4947,41.6035,43.2081,37872826.0
NVDA,1137,OneDay,2023-08-21T00:00:00Z,44.3144,46.9824,44.1567,46.9055,43505569.0
NVDA,1137,OneDay,2023-08-22T00:00:00Z,47.935,48.0089,45.266,45.5725,50714614.0
NVDA,1137,OneDay,2023-08-23T00:00:00Z,45.8581,47.1232,45.1432,46.9894,40180524.0
NVDA,1137,OneDay,2023-08-24T00:00:00Z,50.0738,50.0738,47.1302,47.1672,72849090.0
NVDA,1137,OneDay,2023-08-25T00:00:00Z,46.9465,47.7183,44.9595,45.929,62747372.0
NVDA,1137,OneDay,2023-08-28T00:00:00Z,46.2974,46.9045,44.8227,46.7448,47274563.0
NVDA,1137,OneDay,2023-08-29T00:00:00Z,46.5591,48.9974,46.3274,48.7118,46951242.0
NVDA,1137,OneDay,2023-08-30T00:00:00Z,48.9764,49.8461,48.3574,49.1931,47969750.0
NVDA,1137,OneDay,2023-08-31T00:00:00Z,49.3619,49.6484,48.8856,49.3139,30888478.0
NVDA,1137,OneDay,2023-09-01T00:00:00Z,49.6145,49.6354,48.0778,48.4003,30368801.0
NVDA,1137,OneDay,2023-09-05T00:00:00Z,48.0848,48.7747,47.7852,48.4642,25235647.0
NVDA,1137,OneDay,2023-09-06T00:00:00Z,48.3683,48.4662,46.5101,46.9904,32186653.0
NVDA,1137,OneDay,2023-09-07T00:00:00Z,45.3079,46.2665,45.0853,46.1746,27158566.0
NVDA,1137,OneDay,2023-09-08T00:00:00Z,45.7922,46.5161,45.2091,45.4827,28773144.0
NVDA,1137,OneDay,2023-09-11T00:00:00Z,45.9719,46.0149,44.2465,45.0953,31603660.0
NVDA,1137,OneDay,2023-09-12T00:00:00Z,44.603,45.5865,44.4642,44.7877,23345068.0
NVDA,1137,OneDay,2023-09-13T00:00:00Z,44.4552,45.8461,44.4492,45.3998,26376572.0
NVDA,1137,OneDay,2023-09-14T00:00:00Z,45.899,45.899,45.0633,45.5116,23262390.0
NVDA,1137,OneDay,2023-09-15T00:00:00Z,45.3379,45.5096,43.7413,43.8112,27703483.0
NVDA,1137,OneDay,2023-09-18T00:00:00Z,42.597,44.1637,42.2396,43.8861,33411893.0
NVDA,1137,OneDay,2023-09-19T00:00:00Z,43.7293,43.8641,42.9385,43.4557,25938213.0
NVDA,1137,OneDay,2023-09-20T00:00:00Z,43.5446,43.8222,42.1687,42.1687,24654102.0
NVDA,1137,OneDay,2023-09-21T00:00:00Z,41.4458,42.0069,40.9185,40.9665,29225605.0
NVDA,1137,OneDay,2023-09-22T00:00:00Z,41.5376,42.0298,41.1732,41.5766,32130556.0
NVDA,1137,OneDay,2023-09-25T00:00:00Z,41.4537,42.4652,41.1192,42.1587,28719635.0
NVDA,1137,OneDay,2023-09-26T00:00:00Z,41.9979,42.7468,41.5935,41.8521,27505776.0
NVDA,1137,OneDay,2023-09-27T00:00:00Z,42.3154,42.7927,41.5666,42.3983,29572403.0
NVDA,1137,OneDay,2023-09-28T00:00:00Z,42.3604,43.3778,42.0498,43.0004,28648195.0
NVDA,1137,OneDay,2023-09-29T00:00:00Z,43.8691,44.0608,43.24,43.4288,24864618.0
NVDA,1137,OneDay,2023-10-02T00:00:00Z,43.8951,45.0963,43.7942,44.7048,28474043.0
NVDA,1137,OneDay,2023-10-03T00:00:00Z,44.7937,45.0473,43.1821,43.4557,32587083.0
NVDA,1137,OneDay,2023-10-04T00:00:00Z,43.6604,44.0638,43.2251,43.968,23231826.0
NVDA,1137,OneDay,2023-10-05T00:00:00Z,44.0838,44.8287,43.8222,44.594,25952088.0
NVDA,1137,OneDay,2023-10-09T00:00:00Z,44.7827,45.5296,44.3024,45.1861,26423141.0
NVDA,1137,OneDay,2023-10-10T00:00:00Z,45.239,46.1856,45.0204,45.7203,23746407.0
NVDA,1137,OneDay,2023-10-12T00:00:00Z,46.6929,47.5296,46.2635,46.8586,32349037.0
NVDA,1137,OneDay,2023-10-13T00:00:00Z,46.8526,47.0254,45.2131,45.3758,32471160.0
NVDA,1137,OneDay,2023-10-16T00:00:00Z,44.9445,46.1477,44.8496,46.0139,25057938.0
NVDA,1137,OneDay,2023-10-17T00:00:00Z,43.8142,44.6789,42.4263,43.8791,54439251.0
NVDA,1137,OneDay,2023-10-18T00:00:00Z,42.4592,43.1472,41.7633,42.1027,41848081.0
NVDA,1137,OneDay,2023-10-19T00:00:00Z,42.6719,43.2151,41.8262,42.0348,32240818.0
NVDA,1137,OneDay,2023-10-20T00:00:00Z,41.8691,42.3943,41.0164,41.298,31090532.0
NVDA,1137,OneDay,2023-10-23T00:00:00Z,41.274,43.1751,40.8886,42.9135,32017658.0
NVDA,1137,OneDay,2023-10-24T00:00:00Z,42.9275,43.6284,42.636,43.5875,24942487.0
NVDA,1137,OneDay,2023-10-25T00:00:00Z,43.4897,43.4897,41.4927,41.7053,25829402.0
NVDA,1137,OneDay,2023-10-26T00:00:00Z,41.7163,42.1697,39.8232,40.2396,36185241.0
NVDA,1137,OneDay,2023-10-30T00:00:00Z,41.0623,41.6934,40.4263,41.0933,25462189.0
NVDA,1137,OneDay,2023-10-31T00:00:00Z,40.3494,40.8037,39.1712,40.7148,35342497.0
NVDA,1137,OneDay,2023-11-01T00:00:00Z,40.8966,42.3114,40.8966,42.2436,28617155.0
NVDA,1137,OneDay,2023-11-02T00:00:00Z,43.3279,43.8112,42.8296,43.4387,25923261.0
NVDA,1137,OneDay,2023-11-03T00:00:00Z,44.0159,45.232,43.6614,44.9405,27430166.0
NVDA,1137,OneDay,2023-11-06T00:00:00Z,45.253,45.8471,44.8326,45.6784,27332833.0
NVDA,1137,OneDay,2023-11-07T00:00:00Z,45.6973,46.1427,45.0963,45.8871,22860293.0
NVDA,1137,OneDay,2023-11-08T00:00:00Z,46.0568,46.7847,45.898,46.5201,23522421.0
NVDA,1137,OneDay,2023-11-09T00:00:00Z,47.5426,48.1497,46.6789,46.8856,35190956.0
NVDA,1137,OneDay,2023-11-10T00:00:00Z,47.3868,48.3963,47.2161,48.2645,25857947.0
NVDA,1137,OneDay,2023-11-13T00:00:00Z,48.2715,49.0274,48.0268,48.5141,25750796.0
NVDA,1137,OneDay,2023-11-14T00:00:00Z,49.5755,49.7553,48.9764,49.5636,25733035.0
NVDA,1137,OneDay,2023-11-15T00:00:00Z,49.6564,49.7253,48.1277,48.7907,32151900.0
NVDA,1137,OneDay,2023-11-16T00:00:00Z,48.5471,49.4437,48.2575,49.4078,21822769.0
NVDA,1137,OneDay,2023-11-17T00:00:00Z,49.1172,49.6274,48.9355,49.2001,20269793.0
NVDA,1137,OneDay,2023-11-20T00:00:00Z,49.242,50.4672,49.1072,50.3444,26256986.0
NVDA,1137,OneDay,2023-11-21T00:00:00Z,49.906,50.4203,49.1482,49.906,30724219.0
NVDA,1137,OneDay,2023-11-22T00:00:00Z,49.5456,50.2365,47.6933,48.6589,61546844.0
NVDA,1137,OneDay,2023-11-24T00:00:00Z,48.3414,48.8286,47.6734,47.6844,18776667.0
NVDA,1137,OneDay,2023-11-27T00:00:00Z,47.7053,48.4522,47.5825,48.1936,26054797.0
NVDA,1137,OneDay,2023-11-28T00:00:00Z,48.1147,48.2315,47.4038,47.7233,26771170.0
NVDA,1137,OneDay,2023-11-29T00:00:00Z,48.1986,48.6809,47.7902,48.0618,22469437.0
NVDA,1137,OneDay,2023-11-30T00:00:00Z,47.939,48.0218,46.3524,46.7288,29265503.0
NVDA,1137,OneDay,2023-12-05T00:00:00Z,45.3459,46.5241,45.2051,46.4981,25153001.0
NVDA,1137,OneDay,2023-12-06T00:00:00Z,47.244,47.26,45.3429,45.4357,24966596.0
NVDA,1137,OneDay,2023-12-07T00:00:00Z,45.5825,46.5571,45.5346,46.5181,21333639.0
NVDA,1137,OneDay,2023-12-08T00:00:00Z,46.6799,47.6614,46.5061,47.4258,22878391.0
NVDA,1137,OneDay,2023-12-11T00:00:00Z,47.275,47.275,45.7603,46.5591,31812389.0
NVDA,1137,OneDay,2023-12-12T00:00:00Z,46.1317,47.5676,46.0318,47.5676,24415752.0
NVDA,1137,OneDay,2023-12-13T00:00:00Z,47.7013,48.5121,47.5875,48.0179,28636189.0
NVDA,1137,OneDay,2023-12-14T00:00:00Z,48.2036,48.574,47.3519,48.2425,25069952.0
NVDA,1137,OneDay,2023-12-18T00:00:00Z,49.0912,50.3544,49.0873,49.9919,27293653.0
NVDA,1137,OneDay,2023-12-19T00:00:00Z,49.296,49.6115,48.8217,49.5236,30481023.0
NVDA,1137,OneDay,2023-12-20T00:00:00Z,49.4307,49.917,48.0967,48.0967,26151110.0
NVDA,1137,OneDay,2023-12-21T00:00:00Z,48.7787,49.0044,48.3474,48.9355,20449152.0
NVDA,1137,OneDay,2023-12-22T00:00:00Z,49.0982,49.289,48.3943,48.7318,16850174.0
NVDA,1137,OneDay,2023-12-26T00:00:00Z,48.8915,49.5176,48.8915,49.2161,16196970.0
NVDA,1137,OneDay,2023-12-27T00:00:00Z,49.3219,49.5925,49.0124,49.3529,15768190.0
NVDA,1137,OneDay,2023-12-28T00:00:00Z,49.5456,49.8072,49.3419,49.4467,16177439.0
NVDA,1137,OneDay,2023-12-29T00:00:00Z,49.7662,49.918,48.6779,49.4597,26018299.0
NVDA,1137,OneDay,2024-01-02T00:00:00Z,49.1292,49.1642,47.5246,48.0888,27002902.0
NVDA,1137,OneDay,2024-01-03T00:00:00Z,47.3219,48.0997,47.249,47.4867,20420788.0
NVDA,1137,OneDay,2024-01-04T00:00:00Z,47.7273,48.4223,47.4358,47.913,20364576.0
NVDA,1137,OneDay,2024-01-08T00:00:00Z,49.4098,52.1956,49.4048,52.1537,42785409.0
NVDA,1137,OneDay,2024-01-09T00:00:00Z,52.3364,54.2375,51.6144,53.0533,53190734.0
NVDA,1137,OneDay,2024-01-10T00:00:00Z,53.4996,54.5131,53.4168,54.2665,37155523.0
NVDA,1137,OneDay,2024-01-11T00:00:00Z,54.7927,55.248,53.4797,54.6968,42296359.0
NVDA,1137,OneDay,2024-01-16T00:00:00Z,54.9774,56.7358,54.8196,56.3114,29447206.0
NVDA,1137,OneDay,2024-01-17T00:00:00Z,56.2275,56.3763,54.6579,55.933,33355489.0
NVDA,1137,OneDay,2024-01-18T00:00:00Z,57.0882,57.5016,56.0268,57.0204,32234167.0
NVDA,1137,OneDay,2024-01-19T00:00:00Z,57.8521,59.4038,57.1502,59.4008,34432081.0
NVDA,1137,OneDay,2024-01-22T00:00:00Z,59.7522,60.2245,58.9814,59.5655,29151115.0
NVDA,1137,OneDay,2024-01-23T00:00:00Z,59.4018,59.8172,58.5021,59.7542,20029546.0
NVDA,1137,OneDay,2024-01-24T00:00:00Z,60.2764,62.7348,59.8471,61.27,39550846.0
NVDA,1137,OneDay,2024-01-25T00:00:00Z,62.2375,62.609,60.7587,61.5436,33022397.0
NVDA,1137,OneDay,2024-01-26T00:00:00Z,60.6329,61.6783,60.4831,60.9135,26201655.0
NVDA,1137,OneDay,2024-01-29T00:00:00Z,61.0633,62.3823,60.8176,62.3823,22277900.0
NVDA,1137,OneDay,2024-01-30T00:00:00Z,62.7368,63.3888,62.1666,62.7188,27967471.0
NVDA,1137,OneDay,2024-01-31T00:00:00Z,61.3119,62.1417,60.609,61.4397,29885582.0
NVDA,1137,OneDay,2024-02-01T00:00:00Z,62.0078,63.0932,61.5575,62.9195,24213373.0
NVDA,1137,OneDay,2024-02-02T00:00:00Z,63.932,66.4871,63.5945,66.0508,30472111.0
NVDA,1137,OneDay,2024-02-05T00:00:00Z,67.899,69.3678,67.1032,69.207,44491059.0
NVDA,1137,OneDay,2024-02-06T00:00:00Z,69.3438,69.6214,66.2016,68.0807,46608159.0
NVDA,1137,OneDay,2024-02-07T00:00:00Z,68.0727,70.1077,67.5006,69.9888,32543160.0
NVDA,1137,OneDay,2024-02-08T00:00:00Z,69.933,70.6549,69.3478,69.5585,26968091.0
NVDA,1137,OneDay,2024-02-09T00:00:00Z,70.4192,72.0717,70.1107,72.0168,27980102.0
NVDA,1137,OneDay,2024-02-12T00:00:00Z,72.3533,74.4951,71.1441,72.1476,40725022.0
NVDA,1137,OneDay,2024-02-13T00:00:00Z,70.1157,73.3249,69.5146,72.0318,39662526.0
NVDA,1137,OneDay,2024-02-14T00:00:00Z,73.1621,74.0987,71.8561,73.7782,33650910.0
NVDA,1137,OneDay,2024-02-15T00:00:00Z,73.7522,73.7922,72.2944,72.5211,27368680.0
NVDA,1137,OneDay,2024-02-16T00:00:00Z,74.0647,74.2505,72.3922,72.4562,31914941.0
NVDA,1137,OneDay,2024-02-20T00:00:00Z,71.6224,71.7642,67.6324,69.3548,45855275.0
NVDA,1137,OneDay,2024-02-21T00:00:00Z,67.8002,68.7607,66.1516,67.3658,36347296.0
NVDA,1137,OneDay,2024-02-22T00:00:00Z,74.4891,78.4372,74.1087,78.3503,51226728.0
NVDA,1137,OneDay,2024-02-23T00:00:00Z,80.4142,82.2604,77.4576,78.7627,55586266.0
NVDA,1137,OneDay,2024-02-26T00:00:00Z,79.5006,80.4971,78.3892,78.9694,33557849.0
NVDA,1137,OneDay,2024-02-27T00:00:00Z,79.1321,79.3338,77.0512,78.6608,26563010.0
NVDA,1137,OneDay,2024-02-28T00:00:00Z,77.5725,78.7966,77.0143,77.5315,24958836.0
NVDA,1137,OneDay,2024-02-29T00:00:00Z,79.0033,79.862,78.2285,79.181,26516041.0
NVDA,1137,OneDay,2024-03-01T00:00:00Z,80.0228,82.1706,79.3418,82.1586,30496668.0
NVDA,1137,OneDay,2024-03-04T00:00:00Z,84.0987,87.5415,83.5934,85.0902,39712018.0
NVDA,1137,OneDay,2024-03-05T00:00:00Z,85.0772,85.9469,83.2939,85.8091,33015007.0
NVDA,1137,OneDay,2024-03-06T00:00:00Z,87.7282,89.5664,86.9045,88.5709,37195492.0
NVDA,1137,OneDay,2024-03-07T00:00:00Z,89.878,92.5939,89.4706,92.562,36806091.0
NVDA,1137,OneDay,2024-03-08T00:00:00Z,94.8645,97.2299,86.3802,87.4356,74034642.0
NVDA,1137,OneDay,2024-03-11T00:00:00Z,86.3513,88.6468,84.1935,85.6364,42450127.0
NVDA,1137,OneDay,2024-03-12T00:00:00Z,87.6334,91.7821,86.0298,91.7332,43695579.0
NVDA,1137,OneDay,2024-03-13T00:00:00Z,90.7207,91.3428,88.3024,90.7177,41500441.0
NVDA,1137,OneDay,2024-03-14T00:00:00Z,89.3887,90.4521,86.4701,87.7682,39882545.0
NVDA,1137,OneDay,2024-03-15T00:00:00Z,86.9694,89.3977,86.1266,87.6803,34155503.0
NVDA,1137,OneDay,2024-03-18T00:00:00Z,90.1426,92.2454,86.9544,88.3253,42740013.0
NVDA,1137,OneDay,2024-03-19T00:00:00Z,86.2105,90.3453,84.8855,89.198,45180666.0
NVDA,1137,OneDay,2024-03-20T00:00:00Z,89.4157,90.2504,88.0907,90.1646,31297995.0
NVDA,1137,OneDay,2024-03-21T00:00:00Z,91.894,92.4621,90.3044,91.3328,30859307.0
NVDA,1137,OneDay,2024-03-22T00:00:00Z,91.0642,94.6219,90.6978,94.1446,38527699.0
NVDA,1137,OneDay,2024-03-25T00:00:00Z,93.7592,96.5819,93.3688,94.9004,36680670.0
NVDA,1137,OneDay,2024-03-26T00:00:00Z,95.5564,96.1925,92.3772,92.4132,34679615.0
NVDA,1137,OneDay,2024-03-27T00:00:00Z,92.9604,92.9933,88.9893,90.1166,40743657.0
NVDA,1137,OneDay,2024-03-28T00:00:00Z,89.7032,91.1371,89.0612,90.1815,27687229.0
NVDA,1137,OneDay,2024-04-01T00:00:00Z,89.9648,92.0517,89.0702,90.1716,32408828.0
NVDA,1137,OneDay,2024-04-02T00:00:00Z,88.3004,89.9269,87.4896,89.3078,29230999.0
NVDA,1137,OneDay,2024-04-03T00:00:00Z,88.4681,90.2215,88.2724,88.8435,26346823.0
NVDA,1137,OneDay,2024-04-04T00:00:00Z,90.1116,90.4781,85.7981,85.8251,28943815.0
NVDA,1137,OneDay,2024-04-05T00:00:00Z,86.8006,88.3343,85.871,87.886,26490477.0
NVDA,1137,OneDay,2024-04-08T00:00:00Z,88.3822,88.5889,86.5909,87.0243,18545405.0
NVDA,1137,OneDay,2024-04-09T00:00:00Z,87.173,87.4416,82.8975,85.237,36224087.0
NVDA,1137,OneDay,2024-04-10T00:00:00Z,83.7742,87.2439,83.5784,86.9045,28422732.0
NVDA,1137,OneDay,2024-04-11T00:00:00Z,87.2499,90.5889,86.7916,90.4321,28582510.0
NVDA,1137,OneDay,2024-04-12T00:00:00Z,89.4027,89.9848,87.3907,88.0477,27595833.0
NVDA,1137,OneDay,2024-04-15T00:00:00Z,88.8196,90.4641,85.8071,85.881,30287083.0
NVDA,1137,OneDay,2024-04-16T00:00:00Z,86.3962,87.9629,85.9389,87.3058,25514964.0
NVDA,1137,OneDay,2024-04-17T00:00:00Z,88.2684,88.6119,83.8251,84.0348,33695112.0
NVDA,1137,OneDay,2024-04-18T00:00:00Z,84.7617,86.0427,82.2774,84.558,30536988.0
NVDA,1137,OneDay,2024-04-19T00:00:00Z,83.0083,84.1506,75.4946,76.0558,56753775.0
NVDA,1137,OneDay,2024-04-22T00:00:00Z,77.7922,79.893,76.2864,79.3308,39219404.0
NVDA,1137,OneDay,2024-04-23T00:00:00Z,80.7188,82.6179,80.1436,82.3363,29504844.0
NVDA,1137,OneDay,2024-04-24T00:00:00Z,83.89,83.89,79.0642,79.5365,34355269.0
NVDA,1137,OneDay,2024-04-26T00:00:00Z,83.7152,88.1785,83.2709,87.6384,36468210.0
NVDA,1137,OneDay,2024-04-29T00:00:00Z,87.4456,87.8261,85.1441,87.6483,25898388.0
NVDA,1137,OneDay,2024-04-30T00:00:00Z,87.0293,88.6488,86.1706,86.2554,22970203.0
NVDA,1137,OneDay,2024-05-01T00:00:00Z,85.1002,85.8231,81.1331,82.9584,38742214.0
NVDA,1137,OneDay,2024-05-02T00:00:00Z,84.3962,86.0797,83.0742,85.7063,25029639.0
NVDA,1137,OneDay,2024-05-03T00:00:00Z,87.2999,89.1311,86.9094,88.6169,26519066.0
NVDA,1137,OneDay,2024-05-06T00:00:00Z,89.0842,92.0537,88.9214,91.9598,25252259.0
NVDA,1137,OneDay,2024-05-07T00:00:00Z,90.7517,91.5974,88.8755,90.4431,29740362.0
NVDA,1137,OneDay,2024-05-08T00:00:00Z,89.3058,91.0273,89.3058,90.2464,21588888.0
NVDA,1137,OneDay,2024-05-09T00:00:00Z,90.3882,90.8635,88.0947,88.6079,26134542.0
NVDA,1137,OneDay,2024-05-13T00:00:00Z,90.2644,90.8535,88.4232,90.2674,19370005.0
NVDA,1137,OneDay,2024-05-14T00:00:00Z,89.3078,91.4946,88.8665,91.167,19910232.0
NVDA,1137,OneDay,2024-05-15T00:00:00Z,92.2614,94.7127,91.4636,94.4651,26011480.0
NVDA,1137,OneDay,2024-05-16T00:00:00Z,94.7457,95.6563,93.9728,94.1616,20869841.0
NVDA,1137,OneDay,2024-05-20T00:00:00Z,93.4476,95.0422,93.2998,94.6189,21635399.0
NVDA,1137,OneDay,2024-05-21T00:00:00Z,93.5824,95.2549,93.0402,95.174,20996783.0
NVDA,1137,OneDay,2024-05-22T00:00:00Z,95.227,95.834,93.1121,94.6898,28090447.0
NVDA,1137,OneDay,2024-05-23T00:00:00Z,101.847,106.1406,101.3677,103.6842,53375368.0
NVDA,1137,OneDay,2024-05-28T00:00:00Z,110.1645,114.7356,109.7152,113.9398,42592302.0
NVDA,1137,OneDay,2024-05-29T00:00:00Z,112.7316,115.3018,110.8405,114.499,36157330.0
NVDA,1137,OneDay,2024-05-30T00:00:00Z,114.3802,115.5614,109.5075,110.4341,31506029.0
NVDA,1137,OneDay,2024-05-31T00:00:00Z,111.9219,112.495,106.8046,109.2758,34521374.0
NVDA,1137,OneDay,2024-06-03T00:00:00Z,113.148,114.8255,111.836,114.8175,27220709.0
NVDA,1137,OneDay,2024-06-04T00:00:00Z,115.3557,116.4021,113.8899,116.2264,25392292.0
NVDA,1137,OneDay,2024-06-05T00:00:00Z,118.1395,122.2514,117.2918,122.1605,31060573.0
NVDA,1137,OneDay,2024-06-06T00:00:00Z,123.4486,125.3826,118.1435,120.7995,42658720.0
NVDA,1137,OneDay,2024-06-07T00:00:00Z,119.2209,121.4775,117.848,120.6418,26956503.0
NVDA,1137,OneDay,2024-06-10T00:00:00Z,120.2593,122.8055,116.8345,121.5274,202536415.0
NVDA,1137,OneDay,2024-06-11T00:00:00Z,121.6672,122.6058,118.5619,120.7586,143241265.0
NVDA,1137,OneDay,2024-06-12T00:00:00Z,122.7756,126.6597,122.3961,125.0122,202674036.0
NVDA,1137,OneDay,2024-06-13T00:00:00Z,128.8764,129.5953,126.9693,129.116,174333164.0
NVDA,1137,OneDay,2024-06-14T00:00:00Z,129.7151,132.6208,128.1275,131.6822,213032193.0
NVDA,1137,OneDay,2024-06-17T00:00:00Z,132.6108,133.4895,129.4156,130.8035,174598060.0
NVDA,1137,OneDay,2024-06-18T00:00:00Z,130.9732,136.1055,130.5738,135.3666,204917091.0
NVDA,1137,OneDay,2024-06-20T00:00:00Z,139.6602,140.5389,129.3257,130.5239,316617175.0
NVDA,1137,OneDay,2024-06-21T00:00:00Z,126.1405,130.4041,124.1335,125.9608,275879677.0
NVDA,1137,OneDay,2024-06-24T00:00:00Z,122.5459,124.2334,117.9229,117.9628,294055426.0
NVDA,1137,OneDay,2024-06-25T00:00:00Z,120.499,126.2903,119.161,126.0007,251867178.0
NVDA,1137,OneDay,2024-06-26T00:00:00Z,125.9308,127.9079,122.4161,126.2603,213255981.0
NVDA,1137,OneDay,2024-06-27T00:00:00Z,124.7127,126.2004,122.7556,123.5244,154355465.0
NVDA,1137,OneDay,2024-06-28T00:00:00Z,124.3532,127.4885,122.5958,123.2848,188495638.0
NVDA,1137,OneDay,2024-07-01T00:00:00Z,123.135,124.6428,118.6617,124.1235,184032940.0
NVDA,1137,OneDay,2024-07-02T00:00:00Z,121.3078,123.175,120.9184,122.4261,135682926.0
NVDA,1137,OneDay,2024-07-03T00:00:00Z,121.6772,127.9678,121.2179,127.9678,132907062.0
NVDA,1137,OneDay,2024-07-05T00:00:00Z,127.0691,128.6168,125.5514,125.7012,128291611.0
NVDA,1137,OneDay,2024-07-08T00:00:00Z,127.1091,130.5639,126.8694,127.9079,148625255.0
NVDA,1137,OneDay,2024-07-09T00:00:00Z,130.2543,133.5893,128.477,131.2129,182700692.0
NVDA,1137,OneDay,2024-07-10T00:00:00Z,133.8789,134.8774,132.2513,134.7476,146043332.0
NVDA,1137,OneDay,2024-07-11T00:00:00Z,135.4166,135.776,126.8594,127.2089,214776219.0
NVDA,1137,OneDay,2024-07-12T00:00:00Z,127.8779,131.7121,127.0292,128.6667,151520437.0
NVDA,1137,OneDay,2024-07-15T00:00:00Z,130.2743,131.143,127.0092,127.8679,127817302.0
NVDA,1137,OneDay,2024-07-16T00:00:00Z,128.0177,128.8065,124.4031,126.1405,136102499.0
NVDA,1137,OneDay,2024-07-17T00:00:00Z,120.9783,121.6373,116.5549,117.7431,228830841.0
NVDA,1137,OneDay,2024-07-18T00:00:00Z,121.5474,122.1964,116.3951,121.0881,204296815.0
NVDA,1137,OneDay,2024-07-19T00:00:00Z,120.0197,121.4076,117.1939,117.9229,122688289.0
NVDA,1137,OneDay,2024-07-22T00:00:00Z,120.1495,123.8739,119.7301,123.3946,152809211.0
NVDA,1137,OneDay,2024-07-23T00:00:00Z,122.7556,124.473,121.9169,122.2164,121417608.0
NVDA,1137,OneDay,2024-07-24T00:00:00Z,118.9313,119.7102,113.3797,114.2184,187428573.0
NVDA,1137,OneDay,2024-07-25T00:00:00Z,113.0102,116.4151,106.1705,112.2014,296883327.0
NVDA,1137,OneDay,2024-07-26T00:00:00Z,115.7262,115.7461,111.4226,112.8605,176825297.0
NVDA,1137,OneDay,2024-07-29T00:00:00Z,113.5394,116.0956,111.153,111.5125,156461249.0
NVDA,1137,OneDay,2024-07-30T00:00:00Z,111.2629,111.7921,102.3862,103.4146,301336374.0
NVDA,1137,OneDay,2024-07-31T00:00:00Z,113.7092,118.1325,110.7436,116.9743,257743755.0
NVDA,1137,OneDay,2024-08-01T00:00:00Z,117.2638,119.9598,106.6598,109.0861,307394405.0
NVDA,1137,OneDay,2024-08-02T00:00:00Z,103.5744,108.517,101.2579,106.8695,290451755.0
NVDA,1137,OneDay,2024-08-05T00:00:00Z,92.2015,103.2349,90.5839,100.0996,299109054.0
NVDA,1137,OneDay,2024-08-06T00:00:00Z,103.2349,107.5385,100.4191,103.9538,228560014.0
NVDA,1137,OneDay,2024-08-07T00:00:00Z,107.2888,108.507,98.552,98.7616,255528613.0
NVDA,1137,OneDay,2024-08-08T00:00:00Z,101.4376,105.3218,97.3837,104.9523,247949699.0
NVDA,1137,OneDay,2024-08-09T00:00:00Z,105.6113,106.4201,103.3048,104.5629,191612020.0
NVDA,1137,OneDay,2024-08-12T00:00:00Z,106.2903,110.8635,106.2903,108.8665,225738402.0
NVDA,1137,OneDay,2024-08-13T00:00:00Z,112.1515,115.9858,111.4226,115.9358,189079079.0
NVDA,1137,OneDay,2024-08-14T00:00:00Z,118.3622,118.3622,113.9189,117.8629,219714135.0
NVDA,1137,OneDay,2024-08-15T00:00:00Z,118.6118,123.0452,117.2938,122.6358,192404871.0
NVDA,1137,OneDay,2024-08-16T00:00:00Z,121.0382,124.8025,121.0382,124.3532,187808614.0
NVDA,1137,OneDay,2024-08-19T00:00:00Z,124.3033,129.6852,123.2249,129.6752,201822035.0
NVDA,1137,OneDay,2024-08-20T00:00:00Z,128.2873,129.6752,125.7112,126.9593,195843905.0
NVDA,1137,OneDay,2024-08-21T00:00:00Z,127.0292,129.146,126.48,128.2673,173992914.0
NVDA,1137,OneDay,2024-08-22T00:00:00Z,129.7251,130.5339,122.9154,123.4645,238619361.0
NVDA,1137,OneDay,2024-08-23T00:00:00Z,125.6013,129.3956,125.0422,129.0861,205539682.0
NVDA,1137,OneDay,2024-08-26T00:00:00Z,129.2359,131.0431,124.2034,126.2404,214718621.0
NVDA,1137,OneDay,2024-08-27T00:00:00Z,124.8724,128.9862,123.7142,128.0576,195064983.0
NVDA,1137,OneDay,2024-08-28T00:00:00Z,127.9877,128.0876,122.486,125.3118,253988019.0
NVDA,1137,OneDay,2024-08-29T00:00:00Z,120.7087,124.1934,116.6248,117.5933,286104261.0
NVDA,1137,OneDay,2024-08-30T00:00:00Z,119.3507,121.5274,117.0442,119.131,203866482.0
NVDA,1137,OneDay,2024-09-03T00:00:00Z,115.6463,115.8959,107.1191,107.828,296181440.0
NVDA,1137,OneDay,2024-09-04T00:00:00Z,104.9024,109.815,103.9638,106.1605,239075285.0
NVDA,1137,OneDay,2024-09-05T00:00:00Z,104.7526,109.4656,104.7526,106.7996,202670146.0
NVDA,1137,OneDay,2024-09-06T00:00:00Z,107.5484,107.8979,100.8385,102.6658,264425586.0
NVDA,1137,OneDay,2024-09-09T00:00:00Z,104.8225,106.3702,103.5544,106.3003,174828477.0
NVDA,1137,OneDay,2024-09-10T00:00:00Z,107.7282,109.196,104.7926,107.9678,177378847.0
NVDA,1137,OneDay,2024-09-11T00:00:00Z,109.3557,116.9643,107.2888,116.9543,286308365.0
NVDA,1137,OneDay,2024-09-12T00:00:00Z,116.485,120.5988,115.2069,118.8714,243465246.0
NVDA,1137,OneDay,2024-09-13T00:00:00Z,118.8215,119.7301,117.4236,118.8415,155796990.0
NVDA,1137,OneDay,2024-09-16T00:00:00Z,115.9957,117.9927,114.1885,116.515,159131612.0
NVDA,1137,OneDay,2024-09-17T00:00:00Z,118.3822,118.5918,114.6677,115.2569,151056915.0
NVDA,1137,OneDay,2024-09-18T00:00:00Z,115.5165,117.5135,113.1301,113.1301,196482557.0
NVDA,1137,OneDay,2024-09-19T00:00:00Z,117.3138,119.4705,117.2239,117.7731,176256729.0
NVDA,1137,OneDay,2024-09-20T00:00:00Z,117.2139,118.4221,115.2269,115.9059,154632144.0
NVDA,1137,OneDay,2024-09-23T00:00:00Z,116.1755,116.7945,114.7077,116.0756,126233104.0
NVDA,1137,OneDay,2024-09-24T00:00:00Z,116.485,121.6073,115.2069,120.6088,219636156.0
NVDA,1137,OneDay,2024-09-25T00:00:00Z,121.4775,124.7326,121.4575,123.2748,182088020.0
NVDA,1137,OneDay,2024-09-26T00:00:00Z,126.7097,127.4485,121.6173,123.8539,190743463.0
NVDA,1137,OneDay,2024-09-27T00:00:00Z,123.5045,123.6742,119.0811,121.148,173067511.0
NVDA,1137,OneDay,2024-09-30T00:00:00Z,118.462,121.2279,118.462,121.2279,128108677.0
NVDA,1137,OneDay,2024-10-01T00:00:00Z,121.6073,122.1964,115.6263,116.8145,185105487.0
NVDA,1137,OneDay,2024-10-02T00:00:00Z,116.3352,119.1909,114.9673,118.6218,129150708.0
NVDA,1137,OneDay,2024-10-03T00:00:00Z,120.9084,124.1635,120.1595,122.7456,176107435.0
NVDA,1137,OneDay,2024-10-04T00:00:00Z,124.7326,124.8025,121.7172,124.6827,149199717.0
NVDA,1137,OneDay,2024-10-07T00:00:00Z,125.152,130.4141,125.142,127.4685,223134663.0
NVDA,1137,OneDay,2024-10-08T00:00:00Z,130.0446,133.2698,129.2359,132.5908,178514823.0
NVDA,1137,OneDay,2024-10-09T00:00:00Z,133.799,134.2383,131.2029,132.3911,156070244.0
NVDA,1137,OneDay,2024-10-10T00:00:00Z,131.7521,134.7775,131.113,134.6178,157322624.0
NVDA,1137,OneDay,2024-10-14T00:00:00Z,136.2054,139.3806,136.2054,137.813,144432538.0
NVDA,1137,OneDay,2024-10-15T00:00:00Z,137.5633,138.3322,128.5669,131.6922,232977374.0
NVDA,1137,OneDay,2024-10-16T00:00:00Z,133.789,136.4051,131.3826,135.4665,164643066.0
NVDA,1137,OneDay,2024-10-17T00:00:00Z,139.101,140.6487,136.6847,136.7745,270452756.0
NVDA,1137,OneDay,2024-10-21T00:00:00Z,137.9627,143.3846,137.813,143.3846,162619570.0
NVDA,1137,OneDay,2024-10-22T00:00:00Z,142.5958,144.1834,141.5873,143.3447,133971086.0
NVDA,1137,OneDay,2024-10-23T00:00:00Z,142.0466,142.1664,137.2738,139.3507,181493894.0
NVDA,1137,OneDay,2024-10-24T00:00:00Z,140.6887,141.128,138.2623,140.0896,103445636.0
NVDA,1137,OneDay,2024-10-28T00:00:00Z,142.7855,142.7855,139.8499,140.2592,98977620.0
NVDA,1137,OneDay,2024-10-29T00:00:00Z,140.2093,142.0266,138.6916,141.068,91504516.0
NVDA,1137,OneDay,2024-10-30T00:00:00Z,139.0511,140.0895,136.6247,139.1309,96833239.0
NVDA,1137,OneDay,2024-10-31T00:00:00Z,137.1439,137.1439,131.9118,133.2897,149185160.0
NVDA,1137,OneDay,2024-11-01T00:00:00Z,134.7276,137.084,134.408,135.2168,111667117.0
NVDA,1137,OneDay,2024-11-04T00:00:00Z,137.0241,138.7415,135.3866,135.9557,113151760.0
NVDA,1137,OneDay,2024-11-05T00:00:00Z,137.3436,140.1494,137.3137,139.6701,95020782.0
NVDA,1137,OneDay,2024-11-06T00:00:00Z,142.7455,146.2602,141.8069,145.2517,132270125.0
NVDA,1137,OneDay,2024-11-07T00:00:00Z,146.1204,148.6766,145.9607,148.6766,112089240.0
NVDA,1137,OneDay,2024-11-08T00:00:00Z,148.6566,149.5253,146.0406,147.4185,96354320.0
NVDA,1137,OneDay,2024-11-11T00:00:00Z,148.0775,148.2273,143.3646,145.1219,106503359.0
NVDA,1137,OneDay,2024-11-12T00:00:00Z,146.0306,149.3855,145.8009,148.0875,115685078.0
NVDA,1137,OneDay,2024-11-13T00:00:00Z,148.8164,149.076,145.6911,146.2802,100896225.0
NVDA,1137,OneDay,2024-11-14T00:00:00Z,147.4185,148.7565,145.3316,146.6397,112466132.0
NVDA,1137,OneDay,2024-11-15T00:00:00Z,144.6926,144.9522,139.8698,141.787,135871514.0
NVDA,1137,OneDay,2024-11-18T00:00:00Z,139.7101,141.3177,136.9542,139.8199,118553483.0
NVDA,1137,OneDay,2024-11-19T00:00:00Z,140.7885,146.8893,140.7885,146.7195,132450527.0
NVDA,1137,OneDay,2024-11-21T00:00:00Z,148.7864,152.6207,140.5089,146.5398,242670310.0
NVDA,1137,OneDay,2024-11-22T00:00:00Z,145.6312,146.9192,140.8883,141.7071,147199378.0
NVDA,1137,OneDay,2024-11-25T00:00:00Z,141.6372,141.6372,135.6562,135.8259,164660034.0
NVDA,1137,OneDay,2024-11-26T00:00:00Z,137.4734,139.081,135.4664,136.6846,109699393.0
NVDA,1137,OneDay,2024-11-27T00:00:00Z,134.5378,135.1569,131.7321,135.1569,135058620.0
NVDA,1137,OneDay,2024-12-02T00:00:00Z,138.3022,140.2093,137.6232,138.3921,91448456.0
NVDA,1137,OneDay,2024-12-03T00:00:00Z,138.3721,140.2792,137.743,140.0096,88707789.0
NVDA,1137,OneDay,2024-12-04T00:00:00Z,141.7171,145.5513,140.1095,144.8124,132516555.0
NVDA,1137,OneDay,2024-12-05T00:00:00Z,144.7425,146.3102,143.734,144.8424,99553275.0
NVDA,1137,OneDay,2024-12-06T00:00:00Z,144.4729,145.4514,141.098,142.1864,106714237.0
NVDA,1137,OneDay,2024-12-09T00:00:00Z,138.6117,139.7201,136.9542,138.6117,98456354.0
NVDA,1137,OneDay,2024-12-10T00:00:00Z,139.6402,141.5773,133.5893,134.8374,118011530.0
NVDA,1137,OneDay,2024-12-11T00:00:00Z,137.4235,139.9397,135.0071,139.0511,105717183.0
NVDA,1137,OneDay,2024-12-12T00:00:00Z,136.6047,138.1924,135.6062,137.2438,90441839.0
NVDA,1137,OneDay,2024-12-13T00:00:00Z,138.6916,139.3506,132.3511,133.9088,138625116.0
NVDA,1137,OneDay,2024-12-16T00:00:00Z,133.6292,133.6691,130.2243,131.762,137763152.0
NVDA,1137,OneDay,2024-12-17T00:00:00Z,128.7665,131.3826,126.6796,130.1045,145879895.0
NVDA,1137,OneDay,2024-12-18T00:00:00Z,133.5793,136.4849,128.1075,128.3372,152942937.0
NVDA,1137,OneDay,2024-12-19T00:00:00Z,131.133,133.8089,129.3756,130.6836,117986950.0
NVDA,1137,OneDay,2024-12-20T00:00:00Z,129.2558,135.067,128.0276,134.6976,127427569.0
NVDA,1137,OneDay,2024-12-24T00:00:00Z,139.8499,141.6671,138.4819,140.0096,60877420.0
NVDA,1137,OneDay,2024-12-26T00:00:00Z,139.3107,140.6187,137.5234,139.73,72018220.0
NVDA,1137,OneDay,2024-12-27T00:00:00Z,138.3122,138.7615,134.5179,136.8344,98471454.0
NVDA,1137,OneDay,2024-12-30T00:00:00Z,135.2767,140.0196,133.8189,137.3137,107066428.0
NVDA,1137,OneDay,2024-12-31T00:00:00Z,137.4035,137.8129,133.6392,134.3082,92481729.0
NVDA,1137,OneDay,2025-01-02T00:00:00Z,135.786,138.6517,134.428,138.0625,115996032.0
NVDA,1137,OneDay,2025-01-03T00:00:00Z,140.1494,144.6726,139.78,144.3331,132581227.0
NVDA,1137,OneDay,2025-01-06T00:00:00Z,148.4669,151.9117,147.6581,149.1359,146926864.0
NVDA,1137,OneDay,2025-01-07T00:00:00Z,152.4509,152.6406,139.79,139.9497,210499115.0
NVDA,1137,OneDay,2025-01-08T00:00:00Z,142.3761,143.724,137.6831,139.8998,135698567.0
NVDA,1137,OneDay,2025-01-10T00:00:00Z,136.9742,137.1839,134.0186,135.736,120297464.0
NVDA,1137,OneDay,2025-01-13T00:00:00Z,129.8748,133.2398,129.4555,133.0601,111334278.0
NVDA,1137,OneDay,2025-01-14T00:00:00Z,135.6062,135.9857,129.8549,131.4325,115753881.0
NVDA,1137,OneDay,2025-01-15T00:00:00Z,133.4195,136.1954,131.1529,136.0056,105199527.0
NVDA,1137,OneDay,2025-01-16T00:00:00Z,138.1624,138.4719,133.3396,133.3796,117123937.0
NVDA,1137,OneDay,2025-01-17T00:00:00Z,136.2453,138.2822,135.2667,137.5134,116823714.0
NVDA,1137,OneDay,2025-01-21T00:00:00Z,138.6616,141.5972,136.9043,140.4689,100400238.0
NVDA,1137,OneDay,2025-01-22T00:00:00Z,143.4944,147.5583,143.4944,146.8593,130079688.0
NVDA,1137,OneDay,2025-01-23T00:00:00Z,144.6826,146.9692,143.5343,146.9492,92753149.0
NVDA,1137,OneDay,2025-01-24T00:00:00Z,148.2073,148.7066,141.6671,142.4659,136423271.0
NVDA,1137,OneDay,2025-01-27T00:00:00Z,124.4131,128.1574,116.5249,118.4221,444818199.0
NVDA,1137,OneDay,2025-01-28T00:00:00Z,121.138,128.7166,116.0955,128.6367,337370093.0
NVDA,1137,OneDay,2025-01-29T00:00:00Z,126.6197,126.6197,119.8998,123.2548,239382284.0
NVDA,1137,OneDay,2025-01-30T00:00:00Z,123.2248,124.6427,117.9328,124.443,220435559.0
NVDA,1137,OneDay,2025-01-31T00:00:00Z,123.5044,127.6482,119.0411,119.9398,212908950.0
NVDA,1137,OneDay,2025-02-03T00:00:00Z,113.7091,118.3821,113.1799,116.3452,203375144.0
NVDA,1137,OneDay,2025-02-04T00:00:00Z,116.6248,120.9982,116.5249,118.3821,147668737.0
NVDA,1137,OneDay,2025-02-05T00:00:00Z,121.7071,124.7625,120.5788,124.7625,156117117.0
NVDA,1137,OneDay,2025-02-06T00:00:00Z,126.7296,128.5369,125.0521,128.5369,149973153.0
NVDA,1137,OneDay,2025-02-07T00:00:00Z,128.9962,130.1644,127.4086,129.755,144200548.0
NVDA,1137,OneDay,2025-02-10T00:00:00Z,130.0446,134.7775,130.0446,133.3396,130426991.0
NVDA,1137,OneDay,2025-02-11T00:00:00Z,132.1215,134.2682,130.8534,132.5408,114972211.0
NVDA,1137,OneDay,2025-02-12T00:00:00Z,129.5254,132.0316,128.9163,130.9532,89345792.0
NVDA,1137,OneDay,2025-02-13T00:00:00Z,131.1729,136.2852,131.1729,134.9372,115710482.0
NVDA,1137,OneDay,2025-02-14T00:00:00Z,136.2353,138.9812,135.6462,138.6816,117841598.0
NVDA,1137,OneDay,2025-02-18T00:00:00Z,141.4075,143.2048,137.7231,139.1509,123616470.0
NVDA,1137,OneDay,2025-02-19T00:00:00Z,139.2108,141.1379,137.0241,138.9412,103861277.0
NVDA,1137,OneDay,2025-02-20T00:00:00Z,140.0296,140.2892,136.5948,139.9198,87394289.0
NVDA,1137,OneDay,2025-02-21T00:00:00Z,139.7001,141.2178,133.8389,134.1784,131688579.0
NVDA,1137,OneDay,2025-02-24T00:00:00Z,136.5748,138.3421,129.9847,130.0546,148604750.0
NVDA,1137,OneDay,2025-02-25T00:00:00Z,129.765,129.9747,124.3232,126.5099,166585587.0
NVDA,1137,OneDay,2025-02-26T00:00:00Z,129.7351,133.5094,128.2972,131.0131,165681181.0
NVDA,1137,OneDay,2025-02-27T00:00:00Z,134.3381,134.3981,119.9298,120.0596,255011017.0
NVDA,1137,OneDay,2025-02-28T00:00:00Z,117.4335,124.8025,116.2453,124.6227,212772719.0
NVDA,1137,OneDay,2025-03-03T00:00:00Z,122.9153,123.4545,112.1515,113.829,262625817.0
NVDA,1137,OneDay,2025-03-04T00:00:00Z,111.4925,119.111,109.9448,115.786,230400278.0
NVDA,1137,OneDay,2025-03-05T00:00:00Z,117.0142,118.0526,114.3382,117.0242,167754475.0
NVDA,1137,OneDay,2025-03-06T00:00:00Z,112.9403,115.157,110.0546,110.3342,189195503.0
NVDA,1137,OneDay,2025-03-07T00:00:00Z,110.8834,113.2898,107.4386,112.5309,211798149.0
NVDA,1137,OneDay,2025-03-10T00:00:00Z,109.6253,111.6622,105.3117,106.6897,216644385.0
NVDA,1137,OneDay,2025-03-11T00:00:00Z,106.6597,112.0516,104.7126,108.6368,212329479.0
NVDA,1137,OneDay,2025-03-12T00:00:00Z,113.9887,116.5549,112.7206,115.6762,192445857.0
NVDA,1137,OneDay,2025-03-13T00:00:00Z,116.6148,117.5733,113.6293,115.3567,178409142.0
NVDA,1137,OneDay,2025-03-14T00:00:00Z,118.2323,121.6871,117.9827,121.5773,155598110.0
NVDA,1137,OneDay,2025-03-17T00:00:00Z,122.466,122.476,117.8529,119.3906,156468661.0
NVDA,1137,OneDay,2025-03-18T00:00:00Z,118.0227,118.7815,114.3881,115.2768,186176123.0
NVDA,1137,OneDay,2025-03-19T00:00:00Z,117.2139,120.2493,115.5164,117.2438,159358711.0
NVDA,1137,OneDay,2025-03-20T00:00:00Z,116.6547,120.0097,116.465,118.1425,136578320.0
NVDA,1137,OneDay,2025-03-21T00:00:00Z,117.0741,117.803,115.2568,117.4934,126176986.0
NVDA,1137,OneDay,2025-03-24T00:00:00Z,119.7101,122.0266,119.1809,121.0681,120341160.0
NVDA,1137,OneDay,2025-03-25T00:00:00Z,120.3591,121.098,118.7516,120.4989,100876839.0
NVDA,1137,OneDay,2025-03-26T00:00:00Z,118.3921,118.5918,112.5708,113.5294,177997175.0
NVDA,1137,OneDay,2025-03-27T00:00:00Z,111.4525,114.2583,110.5339,111.1829,137106645.0
NVDA,1137,OneDay,2025-03-31T00:00:00Z,105.3617,108.7765,103.5045,107.8879,170153062.0
NVDA,1137,OneDay,2025-04-01T00:00:00Z,108.2274,110.0147,106.3202,109.9448,135611553.0
NVDA,1137,OneDay,2025-04-02T00:00:00Z,107.2289,111.802,106.6298,110.2643,130757867.0
NVDA,1137,OneDay,2025-04-03T00:00:00Z,103.2249,105.3816,101.4476,101.6273,193896835.0
NVDA,1137,OneDay,2025-04-04T00:00:00Z,99.151,99.8599,91.9718,94.2084,292191057.0
NVDA,1137,OneDay,2025-04-07T00:00:00Z,86.9793,101.5374,86.5,97.6133,354818149.0
NVDA,1137,OneDay,2025-04-08T00:00:00Z,103.794,105.6612,94.3382,96.5549,279302139.0
NVDA,1137,OneDay,2025-04-10T00:00:00Z,109.5554,110.6737,102.8654,107.4286,260029140.0
NVDA,1137,OneDay,2025-04-11T00:00:00Z,108.6467,111.3027,107.3687,110.5639,188876159.0
NVDA,1137,OneDay,2025-04-14T00:00:00Z,113.8589,114.0287,108.9063,110.5039,159838664.0
NVDA,1137,OneDay,2025-04-15T00:00:00Z,110.8834,113.4296,110.3342,111.9917,134029434.0
NVDA,1137,OneDay,2025-04-16T00:00:00Z,104.8624,106.5898,100.2993,104.3132,227671560.0
NVDA,1137,OneDay,2025-04-17T00:00:00Z,103.9039,104.1535,99.9099,101.3177,182881906.0
NVDA,1137,OneDay,2025-04-21T00:00:00Z,98.5819,99.181,94.8974,96.8744,161882222.0
NVDA,1137,OneDay,2025-04-22T00:00:00Z,98.3123,99.6503,97.144,98.8115,142309906.0
NVDA,1137,OneDay,2025-04-23T00:00:00Z,104.5629,104.5928,101.8669,102.476,115232096.0
NVDA,1137,OneDay,2025-04-24T00:00:00Z,103.2049,106.3602,102.9553,106.2304,128806547.0
NVDA,1137,OneDay,2025-04-25T00:00:00Z,106.6298,111.7421,105.6013,110.8135,155162058.0
NVDA,1137,OneDay,2025-04-28T00:00:00Z,109.5654,110.1545,105.8609,108.5469,125066898.0
NVDA,1137,OneDay,2025-04-29T00:00:00Z,107.4485,109.9548,107.3287,108.8065,108800649.0
NVDA,1137,OneDay,2025-04-30T00:00:00Z,104.2034,108.7066,103.9638,108.497,117848629.0
NVDA,1137,OneDay,2025-05-01T00:00:00Z,112.7705,114.7376,111.163,111.163,137394079.0
NVDA,1137,OneDay,2025-05-02T00:00:00Z,113.9987,115.1869,113.1999,114.3881,110316300.0
NVDA,1137,OneDay,2025-05-05T00:00:00Z,112.9902,114.478,112.491,113.5494,78386709.0
NVDA,1137,OneDay,2025-05-06T00:00:00Z,111.4226,114.5579,110.6737,113.2898,93500698.0
NVDA,1137,OneDay,2025-05-07T00:00:00Z,112.8105,117.4335,112.1215,116.9742,118003638.0
NVDA,1137,OneDay,2025-05-08T00:00:00Z,118.0326,118.4919,115.6961,117.1739,119931022.0
NVDA,1137,OneDay,2025-05-09T00:00:00Z,117.1739,118.0426,115.0371,116.455,86045700.0
NVDA,1137,OneDay,2025-05-12T00:00:00Z,121.6971,122.8055,120.0995,122.8055,127694423.0
NVDA,1137,OneDay,2025-05-13T00:00:00Z,124.463,131.0131,124.2832,129.755,194542065.0
NVDA,1137,OneDay,2025-05-14T00:00:00Z,132.6607,135.2168,131.4924,135.0571,160171283.0
NVDA,1137,OneDay,2025-05-15T00:00:00Z,134.2283,136.0855,132.4809,134.3681,135809961.0
NVDA,1137,OneDay,2025-05-16T00:00:00Z,135.6661,136.0855,133.2697,135.127,122833348.0
NVDA,1137,OneDay,2025-05-19T00:00:00Z,132.2712,135.6562,132.2712,135.3766,113272429.0
NVDA,1137,OneDay,2025-05-20T00:00:00Z,134.1285,134.3481,132.421,134.2083,100313182.0
NVDA,1137,OneDay,2025-05-21T00:00:00Z,132.8204,137.1839,130.3941,131.6122,182560618.0
NVDA,1137,OneDay,2025-05-22T00:00:00Z,132.0116,134.0386,131.3826,132.5109,116523870.0
NVDA,1137,OneDay,2025-05-23T00:00:00Z,129.7351,132.451,129.0261,130.9832,119728060.0
NVDA,1137,OneDay,2025-05-27T00:00:00Z,134.408,135.4465,133.12,135.1869,114707980.0
NVDA,1137,OneDay,2025-05-28T00:00:00Z,135.736,137.0341,134.5978,134.9273,148877547.0
NVDA,1137,OneDay,2025-05-29T00:00:00Z,141.8668,143.2448,137.733,138.9113,233022586.0
NVDA,1137,OneDay,2025-05-30T00:00:00Z,138.5718,139.3606,132.7206,134.7575,180262149.0
NVDA,1137,OneDay,2025-06-02T00:00:00Z,135.4964,137.9028,135.4964,137.2338,105662952.0
NVDA,1137,OneDay,2025-06-03T00:00:00Z,138.6816,141.777,137.763,141.1479,130321283.0
NVDA,1137,OneDay,2025-06-04T00:00:00Z,141.9767,142.1165,139.3306,141.7071,100429783.0
NVDA,1137,OneDay,2025-06-05T00:00:00Z,142.5159,143.744,138.6417,139.74,134668413.0
NVDA,1137,OneDay,2025-06-06T00:00:00Z,142.5258,143.0351,141.3077,141.4574,92667931.0
NVDA,1137,OneDay,2025-06-09T00:00:00Z,143.1849,144.7625,141.747,142.5258,107792954.0
NVDA,1137,OneDay,2025-06-10T00:00:00Z,142.6856,144.0635,141.3376,143.744,87634645.0
NVDA,1137,OneDay,2025-06-11T00:00:00Z,144.2433,144.7625,141.6671,142.6556,101576676.0
NVDA,1137,OneDay,2025-06-12T00:00:00Z,141.8169,144.7625,141.8169,144.7525,95711210.0
NVDA,1137,OneDay,2025-06-13T00:00:00Z,142.6656,143.3246,140.6487,141.6871,100518876.0
NVDA,1137,OneDay,2025-06-16T00:00:00Z,143.105,145.9407,143.105,144.3231,104596465.0
NVDA,1137,OneDay,2025-06-17T00:00:00Z,144.423,144.9722,143.5743,143.8039,80416815.0
NVDA,1137,OneDay,2025-06-18T00:00:00Z,143.6641,145.3915,142.9053,145.1918,94789970.0
NVDA,1137,OneDay,2025-06-20T00:00:00Z,145.2617,145.9407,142.446,143.5743,102888643.0
NVDA,1137,OneDay,2025-06-23T00:00:00Z,142.8753,144.4929,141.8169,143.9737,90752749.0
NVDA,1137,OneDay,2025-06-24T00:00:00Z,145.3716,147.6681,145.3716,147.6681,95573690.0
NVDA,1137,OneDay,2025-06-25T00:00:00Z,149.2657,154.2083,149.2657,153.9487,162925210.0
NVDA,1137,OneDay,2025-06-26T00:00:00Z,155.1169,156.4649,153.8189,154.8673,111965130.0
NVDA,1137,OneDay,2025-06-30T00:00:00Z,158.0625,158.3621,155.746,158.1424,93465592.0
NVDA,1137,OneDay,2025-07-01T00:00:00Z,156.2253,156.9242,151.2827,153.04,129151286.0
NVDA,1137,OneDay,2025-07-02T00:00:00Z,152.9901,157.3536,152.9901,156.9941,103857886.0
NVDA,1137,OneDay,2025-07-07T00:00:00Z,158.1424,159.051,157.1139,157.9427,80511071.0
NVDA,1137,OneDay,2025-07-08T00:00:00Z,158.9212,159.9696,158.1624,159.8199,79638283.0
NVDA,1137,OneDay,2025-07-09T00:00:00Z,161.3675,164.1434,161.3675,162.5857,107167441.0
NVDA,1137,OneDay,2025-07-10T00:00:00Z,163.7839,164.2332,161.3675,163.7839,99642578.0
NVDA,1137,OneDay,2025-07-11T00:00:00Z,163.8937,167.5982,163.6241,164.6726,120060105.0
NVDA,1137,OneDay,2025-07-14T00:00:00Z,165.062,165.1019,161.8069,163.8338,85755972.0
NVDA,1137,OneDay,2025-07-15T00:00:00Z,170.7934,172.1114,168.9561,170.384,129839855.0
NVDA,1137,OneDay,2025-07-16T00:00:00Z,170.9631,171.4524,168.6566,171.0929,93640364.0
NVDA,1137,OneDay,2025-07-17T00:00:00Z,171.7719,173.8787,170.5837,172.7604,94845698.0
NVDA,1137,OneDay,2025-07-18T00:00:00Z,173.3595,173.9586,171.013,172.0115,86605237.0
NVDA,1137,OneDay,2025-07-21T00:00:00Z,172.4109,173.06,170.9531,171.1129,70122994.0
NVDA,1137,OneDay,2025-07-22T00:00:00Z,170.9432,170.9432,164.373,166.7894,121515900.0
NVDA,1137,OneDay,2025-07-23T00:00:00Z,169.5153,170.9931,167.748,170.4139,91964428.0
NVDA,1137,OneDay,2025-07-24T00:00:00Z,172.0615,173.5592,171.063,173.4394,78777286.0
NVDA,1137,OneDay,2025-07-25T00:00:00Z,173.3595,174.4379,172.7105,173.2597,74898092.0
NVDA,1137,OneDay,2025-07-28T00:00:00Z,174.0485,176.4748,173.9886,176.375,76947039.0
NVDA,1137,OneDay,2025-07-29T00:00:00Z,177.7529,179.0909,174.9272,175.5363,103976257.0
NVDA,1137,OneDay,2025-07-30T00:00:00Z,175.5363,181.3176,175.067,180.6486,118354791.0
NVDA,1137,OneDay,2025-07-31T00:00:00Z,180.6486,185.1318,175.696,177.3036,156494211.0
NVDA,1137,OneDay,2025-08-01T00:00:00Z,177.3036,177.8927,170.6636,173.4094,122506046.0
NVDA,1137,OneDay,2025-08-04T00:00:00Z,173.5892,180.5487,172.9402,180.369,102338420.0
NVDA,1137,OneDay,2025-08-05T00:00:00Z,180.369,181.2676,175.6661,176.7844,107706526.0
NVDA,1137,OneDay,2025-08-06T00:00:00Z,176.7844,179.6101,175.3366,179.061,88630897.0
NVDA,1137,OneDay,2025-08-07T00:00:00Z,179.061,183.5642,176.4848,180.9581,106934453.0
NVDA,1137,OneDay,2025-08-08T00:00:00Z,180.9581,183.015,180.1393,182.4459,71536443.0
NVDA,1137,OneDay,2025-08-11T00:00:00Z,181.9067,183.5542,178.8213,181.667,96018115.0
NVDA,1137,OneDay,2025-08-12T00:00:00Z,181.667,183.5742,179.1908,182.5757,96100030.0
NVDA,1137,OneDay,2025-08-13T00:00:00Z,182.5757,183.674,179.0809,180.9581,122261592.0
NVDA,1137,OneDay,2025-08-14T00:00:00Z,180.9581,182.7155,179.1908,181.3775,86000974.0
NVDA,1137,OneDay,2025-08-15T00:00:00Z,181.3775,181.9566,177.7729,180.1893,88419437.0
NVDA,1137,OneDay,2025-08-18T00:00:00Z,180.5787,182.6356,178.8113,181.7369,91678324.0
NVDA,1137,OneDay,2025-08-19T00:00:00Z,181.7369,182.4758,175.2367,175.7459,128106818.0
NVDA,1137,OneDay,2025-08-20T00:00:00Z,175.7459,176.3051,168.5767,175.4963,149028377.0
NVDA,1137,OneDay,2025-08-21T00:00:00Z,175.5163,176.7045,173.5393,174.6276,100125989.0
NVDA,1137,OneDay,2025-08-22T00:00:00Z,174.6076,178.3121,170.354,177.723,106850746.0
NVDA,1137,OneDay,2025-08-25T00:00:00Z,179.6301,181.6271,176.2951,179.73,114152877.0
NVDA,1137,OneDay,2025-08-26T00:00:00Z,179.73,182.0964,178.5617,181.8268,125456978.0
NVDA,1137,OneDay,2025-08-27T00:00:00Z,181.8268,182.9751,171.6221,176.4249,159952000.0
NVDA,1137,OneDay,2025-08-28T00:00:00Z,176.4249,184.0634,175.1968,179.3405,198902269.0
NVDA,1137,OneDay,2025-08-29T00:00:00Z,179.3605,179.7,172.8902,173.8588,154479751.0
NVDA,1137,OneDay,2025-09-02T00:00:00Z,173.2597,173.4993,166.9791,169.9546,171293024.0
NVDA,1137,OneDay,2025-09-03T00:00:00Z,169.9047,172.1314,168.6266,170.1244,122063488.0
NVDA,1137,OneDay,2025-09-04T00:00:00Z,170.1244,171.712,169.1558,171.2327,108140052.0
NVDA,1137,OneDay,2025-09-05T00:00:00Z,171.2327,171.702,163.8338,166.8094,150230763.0
NVDA,1137,OneDay,2025-09-08T00:00:00Z,167.1489,170.6935,165.741,167.8478,119073280.0
NVDA,1137,OneDay,2025-09-09T00:00:00Z,167.8079,174.4878,166.4898,173.2097,111269101.0
NVDA,1137,OneDay,2025-09-10T00:00:00Z,173.1598,179.011,172.4908,176.6046,157985665.0
NVDA,1137,OneDay,2025-09-11T00:00:00Z,176.6046,179.9796,176.2352,176.7844,110389228.0
NVDA,1137,OneDay,2025-09-12T00:00:00Z,176.7844,178.3121,176.1753,177.5632,73996737.0
NVDA,1137,OneDay,2025-09-15T00:00:00Z,177.5532,178.0025,172.2712,177.0739,101828622.0
NVDA,1137,OneDay,2025-09-16T00:00:00Z,177.1039,177.5333,174.1184,174.7874,102700003.0
NVDA,1137,OneDay,2025-09-17T00:00:00Z,174.7974,175.686,168.1573,170.394,153257796.0
NVDA,1137,OneDay,2025-09-18T00:00:00Z,170.394,176.8143,170.3241,175.9656,135105714.0
NVDA,1137,OneDay,2025-09-19T00:00:00Z,175.9756,177.8028,174.9871,176.4349,109295313.0
NVDA,1137,OneDay,2025-09-22T00:00:00Z,176.0155,184.2532,174.1284,183.1448,194421668.0
NVDA,1137,OneDay,2025-09-23T00:00:00Z,183.1448,183.1648,177.044,178.0125,139337614.0
NVDA,1137,OneDay,2025-09-24T00:00:00Z,178.0125,179.8897,175.1369,176.375,107215213.0
NVDA,1137,OneDay,2025-09-25T00:00:00Z,176.355,179.9596,172.9402,177.054,143049080.0
NVDA,1137,OneDay,2025-09-26T00:00:00Z,177.054,178.5617,174.7175,177.9027,93345555.0
NVDA,1137,OneDay,2025-09-29T00:00:00Z,178.1324,183.664,177.9626,181.2077,134319798.0
NVDA,1137,OneDay,2025-09-30T00:00:00Z,181.1977,187.0589,180.2891,185.7309,172935146.0
NVDA,1137,OneDay,2025-10-01T00:00:00Z,185.7309,187.8378,183.6241,186.5996,130083204.0
NVDA,1137,OneDay,2025-10-02T00:00:00Z,186.5896,190.6835,186.4898,188.327,100066098.0
NVDA,1137,OneDay,2025-10-03T00:00:00Z,188.3171,190.0544,185.1119,187.1189,85682658.0
NVDA,1137,OneDay,2025-10-06T00:00:00Z,188.0874,189.695,182.5258,185.5612,112769383.0
NVDA,1137,OneDay,2025-10-07T00:00:00Z,185.5312,188.7564,184.1234,184.8523,101534365.0
NVDA,1137,OneDay,2025-10-08T00:00:00Z,184.8523,189.1258,184.7724,188.5567,93804635.0
NVDA,1137,OneDay,2025-10-09T00:00:00Z,188.5667,194.9571,187.8178,191.9216,129954717.0
NVDA,1137,OneDay,2025-10-10T00:00:00Z,191.9216,195.2866,182.7255,182.8852,162971612.0
NVDA,1137,OneDay,2025-10-13T00:00:00Z,187.3385,189.9746,185.7509,188.0275,106205057.0
NVDA,1137,OneDay,2025-10-14T00:00:00Z,188.0275,189.1758,179.5602,180.7384,141480183.0
NVDA,1137,OneDay,2025-10-15T00:00:00Z,180.7384,185.2616,177.024,179.9796,149040200.0
NVDA,1137,OneDay,2025-10-16T00:00:00Z,179.9796,182.995,179.5203,181.0979,124137345.0
NVDA,1137,OneDay,2025-10-17T00:00:00Z,181.0979,183.8138,175.9357,182.8852,107426466.0
NVDA,1137,OneDay,2025-10-20T00:00:00Z,183.5842,184.9122,181.4773,182.5757,92283036.0
NVDA,1137,OneDay,2025-10-21T00:00:00Z,182.5258,183.005,179.5303,180.6885,92364423.0
NVDA,1137,OneDay,2025-10-22T00:00:00Z,180.7684,183.1548,176.6246,179.4703,114468541.0
NVDA,1137,OneDay,2025-10-23T00:00:00Z,179.4703,182.7454,178.7315,182.1463,82490513.0
NVDA,1137,OneDay,2025-10-24T00:00:00Z,182.1463,187.1788,181.7369,185.9905,80498466.0
NVDA,1137,OneDay,2025-10-27T00:00:00Z,189.2357,191.4823,188.1673,191.3126,108475714.0
NVDA,1137,OneDay,2025-10-28T00:00:00Z,191.3126,204.4229,190.2841,204.2831,206669026.0
NVDA,1137,OneDay,2025-10-29T00:00:00Z,204.2831,211.8018,202.8053,207.2486,219822081.0
NVDA,1137,OneDay,2025-10-30T00:00:00Z,207.2486,210.2741,201.1478,203.7039,129903863.0
NVDA,1137,OneDay,2025-11-03T00:00:00Z,204.7923,211.003,202.7953,206.979,132280539.0
NVDA,1137,OneDay,2025-11-04T00:00:00Z,206.979,207.1488,196.1553,197.6031,132280539.0
NVDA,1137,OneDay,2025-11-05T00:00:00Z,197.6031,202.5956,192.5108,195.5063,132280539.0
NVDA,1137,OneDay,2025-11-06T00:00:00Z,195.5063,198.1922,186.1403,188.9561,43230938.0
NVDA,1137,OneDay,2025-11-07T00:00:00Z,188.9561,189.5652,178.7215,187.9276,43230938.0
NVDA,1137,OneDay,2025-11-10T00:00:00Z,192.9102,199.6101,192.2511,199.001,153034092.0
NVDA,1137,OneDay,2025-11-11T00:00:00Z,199.001,201.2376,191.013,192.8103,153034092.0
NVDA,1137,OneDay,2025-11-12T00:00:00Z,192.8103,196.1453,190.8433,193.01,153034092.0
NVDA,1137,OneDay,2025-11-13T00:00:00Z,193.01,194.4978,183.5941,185.6111,38832701.0
NVDA,1137,OneDay,2025-11-14T00:00:00Z,185.6111,190.6935,180.0794,189.9047,38832701.0
NVDA,1137,OneDay,2025-11-17T00:00:00Z,191.7719,192.6805,184.0435,186.2601,131104343.0
NVDA,1137,OneDay,2025-11-18T00:00:00Z,186.2601,186.3899,179.4404,180.8483,32600843.0
NVDA,1137,OneDay,2025-11-19T00:00:00Z,180.8083,195.1069,180.379,194.2981,3107505.0
NVDA,1137,OneDay,2025-11-20T00:00:00Z,194.2981,198.2821,178.8812,179.5303,82373517.0
NVDA,1137,OneDay,2025-11-24T00:00:00Z,180.6286,183.1348,176.2352,181.6071,200746650.0
NVDA,1137,OneDay,2025-11-25T00:00:00Z,181.6171,182.0265,169.2956,176.4449,35634851.0
NVDA,1137,OneDay,2025-11-26T00:00:00Z,176.4449,182.6056,174.2382,179.4304,35634851.0
NVDA,1137,OneDay,2025-11-27T00:00:00Z,179.4304,179.7,179.2007,179.2407,775136.0
NVDA,1137,OneDay,2025-11-28T00:00:00Z,179.8098,180.7185,176.2652,176.7245,71674451.0
NVDA,1137,OneDay,2025-12-01T00:00:00Z,173.679,180.359,172.9601,179.6101,141074017.0
NVDA,1137,OneDay,2025-12-02T00:00:00Z,179.6101,185.3116,178.7015,181.1778,141074017.0
NVDA,1137,OneDay,2025-12-03T00:00:00Z,181.1878,184.1733,178.8513,179.5303,141074017.0
NVDA,1137,OneDay,2025-12-04T00:00:00Z,179.5502,184.2332,179.5303,183.2347,3374043.0
NVDA,1137,OneDay,2025-12-05T00:00:00Z,183.2347,184.6625,180.6685,182.1763,3374043.0
NVDA,1137,OneDay,2025-12-08T00:00:00Z,182.386,189.695,181.5572,188.8562,145930291.0
NVDA,1137,OneDay,2025-12-09T00:00:00Z,188.8562,190.6735,183.0649,184.2532,145930291.0
NVDA,1137,OneDay,2025-12-10T00:00:00Z,184.2532,185.5911,181.1678,181.8068,15441421.0
NVDA,1137,OneDay,2025-12-11T00:00:00Z,181.7968,182.2462,176.355,180.7185,6026264.0
NVDA,1137,OneDay,2025-12-15T00:00:00Z,175.1169,178.1224,174.7774,176.2851,125837941.0
NVDA,1137,OneDay,2025-12-16T00:00:00Z,176.2851,177.9127,173.8488,176.9342,125837941.0
NVDA,1137,OneDay,2025-12-17T00:00:00Z,176.9342,178.0824,170.0745,170.6236,56134167.0
NVDA,1137,OneDay,2025-12-18T00:00:00Z,170.6236,175.8658,170.4639,173.7989,56134167.0
NVDA,1137,OneDay,2025-12-19T00:00:00Z,173.8088,180.7784,173.7889,180.5986,9536769.0
NVDA,1137,OneDay,2025-12-22T00:00:00Z,182.2362,184.3131,181.8468,183.1648,94934205.0
NVDA,1137,OneDay,2025-12-23T00:00:00Z,183.1648,189.0859,181.5472,188.4568,33370301.0
NVDA,1137,OneDay,2025-12-24T00:00:00Z,188.4568,188.8762,186.33,188.3171,33370301.0
NVDA,1137,OneDay,2025-12-26T00:00:00Z,189.1358,192.3909,189.1358,190.1144,104572129.0
NVDA,1137,OneDay,2025-12-29T00:00:00Z,190.3141,190.8133,185.671,187.7279,88365525.0
NVDA,1137,OneDay,2025-12-30T00:00:00Z,187.7279,188.6166,186.6695,186.9491,88365525.0
NVDA,1137,OneDay,2025-12-31T00:00:00Z,186.9491,190.2242,186.2002,186.36,88365525.0
NVDA,1137,OneDay,2026-01-02T00:00:00Z,187.4983,192.5906,187.1388,188.5267,107649398.0
NVDA,1137,OneDay,2026-01-05T00:00:00Z,189.4553,193.2496,185.8807,187.2686,141776088.0
NVDA,1137,OneDay,2026-01-06T00:00:00Z,187.2686,191.8517,186.5397,187.4284,141776088.0
NVDA,1137,OneDay,2026-01-07T00:00:00Z,187.4284,191.043,186.2901,188.7664,141776088.0
NVDA,1137,OneDay,2026-01-08T00:00:00Z,188.7664,190.5237,183.4344,184.8323,15696371.0
NVDA,1137,OneDay,2026-01-09T00:00:00Z,184.8223,186.6196,183.4444,184.6026,15696371.0
NVDA,1137,OneDay,2026-01-12T00:00:00Z,183.6441,186.8193,182.0864,184.5527,108204934.0
NVDA,1137,OneDay,2026-01-13T00:00:00Z,184.5427,187.8178,183.1548,185.2017,8229589.0
NVDA,1137,OneDay,2026-01-14T00:00:00Z,185.2017,185.661,180.5887,182.5557,8229589.0
NVDA,1137,OneDay,2026-01-15T00:00:00Z,182.5557,189.4054,181.7369,186.9391,37011043.0
NVDA,1137,OneDay,2026-01-16T00:00:00Z,186.9391,190.1343,185.8707,185.8707,37011043.0
NVDA,1137,OneDay,2026-01-20T00:00:00Z,182.5357,183.5742,177.5233,178.4619,163459155.0
NVDA,1137,OneDay,2026-01-21T00:00:00Z,178.4619,185.0819,177.683,183.1249,163459155.0
NVDA,1137,OneDay,2026-01-22T00:00:00Z,183.1448,185.8707,183.055,183.9336,163459155.0
NVDA,1137,OneDay,2026-01-23T00:00:00Z,183.9336,189.2556,183.1748,187.3884,163459155.0
NVDA,1137,OneDay,2026-01-26T00:00:00Z,186.7694,188.7963,185.3216,185.9706,99398534.0
NVDA,1137,OneDay,2026-01-27T00:00:00Z,185.9706,189.695,185.4314,188.4768,4710687.0
NVDA,1137,OneDay,2026-01-28T00:00:00Z,188.5068,192.7903,188.4768,191.9216,6013356.0
NVDA,1137,OneDay,2026-01-29T00:00:00Z,191.9216,193.1698,185.7908,191.7219,17694548.0
NVDA,1137,OneDay,2026-01-30T00:00:00Z,191.712,194.1683,188.0175,191.023,17694548.0
NVDA,1137,OneDay,2026-02-02T00:00:00Z,189.2057,190.0045,182.9751,184.7324,122647091.0
NVDA,1137,OneDay,2026-02-03T00:00:00Z,184.7225,187.1788,175.9656,179.4803,22261161.0
NVDA,1137,OneDay,2026-02-04T00:00:00Z,179.4803,181.4174,171.6621,177.1738,5175315.0
NVDA,1137,OneDay,2026-02-05T00:00:00Z,177.1738,178.382,169.8947,171.073,5175315.0
NVDA,1137,OneDay,2026-02-09T00:00:00Z,186.0305,193.3495,182.5457,189.695,144433248.0
NVDA,1137,OneDay,2026-02-10T00:00:00Z,189.685,192.1513,187.8378,188.3171,144433248.0
NVDA,1137,OneDay,2026-02-11T00:00:00Z,188.3171,192.9201,187.718,190.0744,7095071.0
NVDA,1137,OneDay,2026-02-12T00:00:00Z,190.0744,193.2896,186.2302,187.5881,30199274.0
NVDA,1137,OneDay,2026-02-13T00:00:00Z,187.5881,188.1473,181.3176,182.5158,30199274.0
NVDA,1137,OneDay,2026-02-17T00:00:00Z,183.1748,188.0874,178.9411,186.5198,118649022.0
NVDA,1137,OneDay,2026-02-18T00:00:00Z,186.4199,190.0744,185.2217,187.4484,118649022.0
NVDA,1137,OneDay,2026-02-19T00:00:00Z,187.4484,188.9062,185.3815,187.0889,118649022.0
NVDA,1137,OneDay,2026-02-20T00:00:00Z,187.0989,190.0145,185.6511,189.4753,11288485.0
NVDA,1137,OneDay,2026-02-23T00:00:00Z,188.38,193.91,187.62,191.68,126725537.0
NVDA,1137,OneDay,2026-02-24T00:00:00Z,191.68,193.75,187.42,192.54,126725537.0
NVDA,1137,OneDay,2026-02-25T00:00:00Z,192.6,203.29,192.4,201.07,36504971.0
NVDA,1137,OneDay,2026-02-26T00:00:00Z,201.01,201.5,184.32,185.16,77555526.0
NVDA,1137,OneDay,2026-02-27T00:00:00Z,185.2,186.65,176.53,177.14,77555526.0
NVDA,1137,OneDay,2026-03-02T00:00:00Z,175.45,183.45,173.1,181.94,153138038.0
NVDA,1137,OneDay,2026-03-03T00:00:00Z,182.0,182.23,176.05,179.52,153138038.0
NVDA,1137,OneDay,2026-03-04T00:00:00Z,179.52,184.69,177.0,182.65,153138038.0
NVDA,1137,OneDay,2026-03-05T00:00:00Z,182.65,184.05,177.95,182.42,19539243.0
NVDA,1137,OneDay,2026-03-06T00:00:00Z,182.42,182.98,176.82,177.89,19539243.0
NVDA,1137,OneDay,2026-03-09T00:00:00Z,174.18,182.88,173.0,181.9,129037804.0
NVDA,1137,OneDay,2026-03-10T00:00:00Z,181.9,186.4,180.8,184.9,130857576.0
NVDA,1137,OneDay,2026-03-11T00:00:00Z,184.9,187.59,184.06,185.5,103227692.0
NVDA,1137,OneDay,2026-03-12T00:00:00Z,185.5,185.74,181.76,183.15,119371081.0
NVDA,1137,OneDay,2026-03-13T00:00:00Z,183.15,186.06,179.94,180.18,101437128.0
NVDA,1137,OneDay,2026-03-16T00:00:00Z,181.55,188.78,181.25,182.53,150673451.0
NVDA,1137,OneDay,2026-03-17T00:00:00Z,182.56,185.27,181.69,182.04,134681194.0
NVDA,1137,OneDay,2026-03-18T00:00:00Z,182.0,183.98,179.91,180.18,115577566.0
NVDA,1137,OneDay,2026-03-19T00:00:00Z,180.18,181.24,175.8,179.05,122778359.0
NVDA,1137,OneDay,2026-03-20T00:00:00Z,179.05,179.57,171.73,172.76,122554634.0
NVDA,1137,OneDay,2026-03-23T00:00:00Z,172.65,178.34,169.33,175.55,126892533.0
NVDA,1137,OneDay,2026-03-24T00:00:00Z,175.55,177.48,173.98,177.15,106581061.0
NVDA,1137,OneDay,2026-03-25T00:00:00Z,177.15,181.2,176.5,178.41,113243964.0
NVDA,1137,OneDay,2026-03-26T00:00:00Z,178.41,178.8,171.08,172.08,131737559.0
NVDA,1137,OneDay,2026-03-27T00:00:00Z,172.1,173.78,167.01,167.61,115133149.0
NVDA,1137,OneDay,2026-03-30T00:00:00Z,165.26,169.46,164.27,165.1,134533693.0
NVDA,1137,OneDay,2026-03-31T00:00:00Z,165.1,174.81,162.95,174.27,168447058.0
NVDA,1137,OneDay,2026-04-01T00:00:00Z,174.27,177.36,173.75,175.71,118210705.0
NVDA,1137,OneDay,2026-04-02T00:00:00Z,175.7,177.47,170.2,176.99,103691866.0
NVDA,1137,OneDay,2026-04-03T00:00:00Z,176.95,177.04,176.66,176.72,518146.0
NVDA,1137,OneDay,2026-04-06T00:00:00Z,176.12,179.14,175.76,177.48,77200076.0
NVDA,1137,OneDay,2026-04-07T00:00:00Z,177.48,178.41,173.66,178.11,92950404.0
NVDA,1137,OneDay,2026-04-08T00:00:00Z,178.11,185.21,177.54,181.74,110866645.0
NVDA,1137,OneDay,2026-04-09T00:00:00Z,181.74,184.06,180.1,183.67,88805687.0
NVDA,1137,OneDay,2026-04-10T00:00:00Z,183.67,189.98,182.34,188.53,96908617.0
NVDA,1137,OneDay,2026-04-13T00:00:00Z,184.15,189.63,183.98,188.98,98972227.0
NVDA,1137,OneDay,2026-04-14T00:00:00Z,188.98,196.86,188.75,196.35,115842887.0
NVDA,1137,OneDay,2026-04-15T00:00:00Z,196.37,200.34,194.73,198.3,134449128.0
NVDA,1137,OneDay,2026-04-16T00:00:00Z,198.25,200.2,195.83,197.92,100868182.0
NVDA,1137,OneDay,2026-04-17T00:00:00Z,197.92,201.69,197.62,201.64,92213668.0
NVDA,1137,OneDay,2026-04-20T00:00:00Z,199.02,202.36,197.84,201.93,84642183.0
NVDA,1137,OneDay,2026-04-21T00:00:00Z,201.89,202.95,199.0,200.35,84443584.0
NVDA,1137,OneDay,2026-04-22T00:00:00Z,200.35,202.51,199.33,202.18,78316307.0
NVDA,1137,OneDay,2026-04-23T00:00:00Z,202.18,203.8,197.23,198.74,87240582.0
NVDA,1137,OneDay,2026-04-24T00:00:00Z,198.74,210.92,198.6,208.26,131935775.0
NVDA,1137,OneDay,2026-04-27T00:00:00Z,208.38,217.55,207.38,217.11,134510708.0
NVDA,1137,OneDay,2026-04-28T00:00:00Z,217.15,218.91,208.35,212.5,138640305.0
NVDA,1137,OneDay,2026-04-29T00:00:00Z,212.5,214.42,206.91,208.27,91053328.0
NVDA,1137,OneDay,2026-04-30T00:00:00Z,208.27,211.97,198.77,200.13,173937368.0
NVDA,1137,OneDay,2026-05-01T00:00:00Z,200.13,202.94,197.15,198.54,79184201.0
NVDA,1137,OneDay,2026-05-04T00:00:00Z,198.9,201.67,194.77,197.82,88477703.0
NVDA,1137,OneDay,2026-05-05T00:00:00Z,197.81,200.21,195.78,196.75,80547800.0
NVDA,1137,OneDay,2026-05-06T00:00:00Z,196.75,208.63,195.5,207.04,142338409.0
NVDA,1137,OneDay,2026-05-07T00:00:00Z,207.04,214.18,205.44,211.88,124278835.0
NVDA,1137,OneDay,2026-05-08T00:00:00Z,211.88,217.78,209.2,215.13,80812663.0
NVDA,1137,OneDay,2026-05-11T00:00:00Z,215.03,222.29,213.01,219.2,120577168.0
NVDA,1137,OneDay,2026-05-12T00:00:00Z,219.2,223.7,214.95,220.1,119072402.0
NVDA,1137,OneDay,2026-05-13T00:00:00Z,220.1,227.79,219.2,226.5,110827788.0
NVDA,1137,OneDay,2026-05-14T00:00:00Z,226.5,236.52,226.04,235.36,131557931.0
NVDA,1137,OneDay,2026-05-15T00:00:00Z,235.36,240.99,224.32,225.53,104952739.0
NVDA,1137,OneDay,2026-05-18T00:00:00Z,222.96,230.59,218.42,222.32,104268704.0
NVDA,1137,OneDay,2026-05-19T00:00:00Z,222.33,224.47,217.92,220.82,107510770.0
NVDA,1137,OneDay,2026-05-20T00:00:00Z,220.81,226.88,216.78,222.45,124341820.0
NVDA,1137,OneDay,2026-05-21T00:00:00Z,222.37,227.33,217.98,219.49,152388448.0
NVDA,1137,OneDay,2026-05-22T00:00:00Z,219.51,221.7,214.94,215.42,96080571.0
NVDA,1137,OneDay,2026-05-26T00:00:00Z,217.25,218.44,212.0,214.42,140104735.0
NVDA,1137,OneDay,2026-05-27T00:00:00Z,214.38,216.47,208.78,212.38,123598210.0
NVDA,1137,OneDay,2026-05-28T00:00:00Z,212.38,215.49,209.21,213.95,111074609.0
NVDA,1137,OneDay,2026-05-29T00:00:00Z,213.95,217.78,211.68,211.69,99241559.0
NVDA,1137,OneDay,2026-06-01T00:00:00Z,214.89,224.85,213.79,224.32,146806980.0
NVDA,1137,OneDay,2026-06-02T00:00:00Z,224.32,232.25,220.86,222.83,143529370.0
NVDA,1137,OneDay,2026-06-03T00:00:00Z,222.82,224.36,214.51,214.92,115836438.0
NVDA,1137,OneDay,2026-06-04T00:00:00Z,214.91,221.58,210.98,217.2,119714764.0
NVDA,1137,OneDay,2026-06-05T00:00:00Z,217.2,217.75,204.34,205.73,118656456.0
NVDA,1137,OneDay,2026-06-08T00:00:00Z,206.5,210.79,205.29,208.0,102310914.0
NVDA,1137,OneDay,2026-06-09T00:00:00Z,208.0,211.12,199.74,207.42,129107514.0
NVDA,1137,OneDay,2026-06-10T00:00:00Z,207.43,207.53,199.39,199.98,115846604.0
NVDA,1137,OneDay,2026-06-11T00:00:00Z,200.0,205.61,198.87,205.15,112422509.0
NVDA,1137,OneDay,2026-06-12T00:00:00Z,205.12,207.06,203.16,205.18,67412531.0
NVDA,1137,OneDay,2026-06-15T00:00:00Z,208.69,212.69,207.64,212.07,112767405.0
NVDA,1137,OneDay,2026-06-16T00:00:00Z,212.07,212.43,206.97,207.6,91753660.0
NVDA,1137,OneDay,2026-06-17T00:00:00Z,207.6,209.18,203.46,205.1,90886680.0
NVDA,1137,OneDay,2026-06-18T00:00:00Z,205.1,211.33,204.87,210.2,191872602.0
NVDA,1137,OneDay,2026-06-19T00:00:00Z,210.15,210.81,209.9,210.24,2684908.0
NVDA,1137,OneDay,2026-06-22T00:00:00Z,207.82,213.98,207.68,208.01,90846678.0
NVDA,1137,OneDay,2026-06-23T00:00:00Z,208.01,208.41,200.0,200.46,114587863.0
NVDA,1137,OneDay,2026-06-24T00:00:00Z,200.46,201.76,196.58,200.37,113024336.0
NVDA,1137,OneDay,2026-06-25T00:00:00Z,200.37,202.1,192.17,195.27,110482605.0
NVDA,1137,OneDay,2026-06-26T00:00:00Z,195.27,195.71,191.0,192.77,68508565.0
NVDA,1137,OneDay,2026-06-29T00:00:00Z,193.3,196.12,189.86,194.85,103076106.0
NVDA,1137,OneDay,2026-06-30T00:00:00Z,194.85,200.61,194.33,199.58,129752870.0
NVDA,1137,OneDay,2026-07-01T00:00:00Z,199.58,199.83,193.5,197.2,104010663.0
NVDA,1137,OneDay,2026-07-02T00:00:00Z,197.2,200.03,192.35,194.51,103209974.0
NVDA,1137,OneDay,2026-07-03T00:00:00Z,194.51,194.76,194.08,194.45,2138494.0
NVDA,1137,OneDay,2026-07-06T00:00:00Z,196.1,197.49,194.05,195.25,80515561.0
NVDA,1137,OneDay,2026-07-07T00:00:00Z,195.25,198.39,190.6,196.52,90919219.0
NVDA,1137,OneDay,2026-07-08T00:00:00Z,196.55,205.12,192.9,202.76,108607388.0
NVDA,1137,OneDay,2026-07-09T00:00:00Z,202.71,206.29,198.97,202.49,97429476.0
NVDA,1137,OneDay,2026-07-10T00:00:00Z,202.48,210.87,200.93,210.81,81331642.0
NVDA,1137,OneDay,2026-07-13T00:00:00Z,210.17,212.01,202.78,203.55,90161387.0
NVDA,1137,OneDay,2026-07-14T00:00:00Z,203.62,212.53,202.4,211.63,93305954.0
NVDA,1137,OneDay,2026-07-15T00:00:00Z,211.63,213.78,206.08,212.04,91683262.0
NVDA,1137,OneDay,2026-07-16T00:00:00Z,212.04,212.2,205.86,206.87,89463551.0
NVDA,1137,OneDay,2026-07-17T00:00:00Z,206.87,206.92,197.97,202.92,81312294.0
NVDA,1137,OneDay,2026-07-20T00:00:00Z,203.37,207.69,202.28,202.65,66175813.0
NVDA,1137,OneDay,2026-07-21T00:00:00Z,202.65,208.54,202.3,206.72,76605321.0
NVDA,1137,OneDay,2026-07-22T00:00:00Z,206.72,214.37,204.5,212.86,97271474.0
NVDA,1137,OneDay,2026-07-23T00:00:00Z,212.86,214.48,205.97,209.08,84635637.0
NVDA,1137,OneDay,2026-07-24T00:00:00Z,209.08,211.87,204.84,206.83,60739996.0
NVDA,1137,OneDay,2026-07-27T00:00:00Z,208.64,209.71,195.45,196.91,108905347.0
NVDA,1137,OneDay,2026-07-28T00:00:00Z,196.91,198.69,192.75,197.12,94351493.0
NVDA,1137,OneDay,2026-07-29T00:00:00Z,197.12,198.54,188.89,189.6,104500705.0
NVDA,1137,OneDay,2026-07-30T00:00:00Z,189.6,197.23,188.78,195.47,93574379.0
NVDA,1137,OneDay,2026-07-31T00:00:00Z,195.47,201.94,195.0,201.3,69937241.0
NVDA,1137,OneDay,2026-08-03T00:00:00Z,201.1,208.72,196.83,206.64,93594351.0
NVDA,1137,OneDay,2026-08-04T00:00:00Z,206.64,213.69,205.51,213.64,95044025.0
NVDA,1137,OneDay,2026-08-05T00:00:00Z,213.58,222.18,213.23,219.96,112382221.0
NVDA,1137,OneDay,2026-08-06T00:00:00Z,219.96,223.6,217.26,218.95,80914370.0
NVDA,1137,OneDay,2026-08-07T00:00:00Z,218.95,224.75,218.58,224.0,59147731.0
NVDA,1137,OneDay,2026-08-10T00:00:00Z,224.27,225.35,216.76,219.3,83470018.0
NVDA,1137,OneDay,2026-08-11T00:00:00Z,219.3,222.24,216.31,217.6,73837432.0
NVDA,1137,OneDay,2026-08-12T00:00:00Z,217.6,225.08,217.6,223.41,79085347.0
NVDA,1137,OneDay,2026-08-13T00:00:00Z,223.41,227.14,223.0,225.36,72727170.0
NVDA,1137,OneDay,2026-08-14T00:00:00Z,225.37,227.46,224.51,225.14,41847305.0
NVDA,1137,OneDay,2026-08-17T00:00:00Z,225.31,227.91,224.86,224.98,71153769.0
NVDA,1137,OneDay,2026-08-18T00:00:00Z,224.98,225.32,218.69,219.62,74550082.0
NVDA,1137,OneDay,2026-08-19T00:00:00Z,219.62,222.72,216.79,218.04,71404928.0
NVDA,1137,OneDay,2026-08-20T00:00:00Z,218.01,219.81,215.66,216.89,39171234.0
META,1003,OneDay,2022-07-22T00:00:00Z,172.8243,175.412,168.2584,169.1276,
META,1003,OneDay,2022-07-25T00:00:00Z,168.5582,170.3565,164.6517,166.49,
META,1003,OneDay,2022-07-26T00:00:00Z,165.371,165.381,157.8078,159.0267,
META,1003,OneDay,2022-07-27T00:00:00Z,162.7734,170.6862,161.8842,169.2975,
META,1003,OneDay,2022-07-28T00:00:00Z,160.4655,161.3047,154.7706,160.6253,
META,1003,OneDay,2022-07-29T00:00:00Z,157.1884,159.9659,155.0303,159.0267,
META,1003,OneDay,2022-08-01T00:00:00Z,157.4082,165.0213,155.1003,159.6961,
META,1003,OneDay,2022-08-02T00:00:00Z,158.0177,162.074,157.8878,160.0958,
META,1003,OneDay,2022-08-03T00:00:00Z,162.3538,169.3275,161.4046,168.5382,
META,1003,OneDay,2022-08-04T00:00:00Z,167.7489,171.9651,166.6599,170.4864,
META,1003,OneDay,2022-08-05T00:00:00Z,166.4601,171.4356,165.6508,167.0096,
META,1003,OneDay,2022-08-08T00:00:00Z,167.9187,175.9515,166.9696,170.1068,
META,1003,OneDay,2022-08-09T00:00:00Z,168.3583,169.2475,166.4501,168.3983,
META,1003,OneDay,2022-08-10T00:00:00Z,175.5319,180.2776,173.8134,178.1295,
META,1003,OneDay,2022-08-11T00:00:00Z,179.6582,182.8853,176.2013,177.3003,
META,1003,OneDay,2022-08-12T00:00:00Z,180.6373,181.1868,178.779,180.2576,
META,1003,OneDay,2022-08-15T00:00:00Z,178.8988,181.2267,178.0496,180.5574,
META,1003,OneDay,2022-08-16T00:00:00Z,179.1486,180.7971,176.8707,179.3984,
META,1003,OneDay,2022-08-17T00:00:00Z,176.3611,177.8798,174.0132,174.5328,
META,1003,OneDay,2022-08-18T00:00:00Z,173.7435,175.5918,171.6953,174.4129,
META,1003,OneDay,2022-08-19T00:00:00Z,169.847,172.105,166.9096,167.7988,
META,1003,OneDay,2022-08-22T00:00:00Z,164.8515,164.8515,162.114,162.9332,
META,1003,OneDay,2022-08-23T00:00:00Z,162.2638,164.8615,160.5554,160.925,
META,1003,OneDay,2022-08-24T00:00:00Z,160.1058,165.2911,159.6362,162.9932,
META,1003,OneDay,2022-08-25T00:00:00Z,164.8115,168.6681,163.9923,168.6681,
META,1003,OneDay,2022-08-26T00:00:00Z,168.2185,170.7062,161.5245,161.6844,
META,1003,OneDay,2022-08-29T00:00:00Z,160.4555,162.8833,158.8669,158.9069,
META,1003,OneDay,2022-08-30T00:00:00Z,160.2057,161.4646,155.7597,156.9986,
META,1003,OneDay,2022-08-31T00:00:00Z,166.6799,167.649,161.9941,162.7334,
META,1003,OneDay,2022-09-01T00:00:00Z,163.2829,167.1894,160.2057,165.421,
META,1003,OneDay,2022-09-02T00:00:00Z,167.4192,167.679,159.0867,160.2456,
META,1003,OneDay,2022-09-06T00:00:00Z,159.9159,161.5045,157.5481,158.2574,
META,1003,OneDay,2022-09-07T00:00:00Z,157.8378,160.7952,156.6689,160.2556,
META,1003,OneDay,2022-09-08T00:00:00Z,158.3274,162.024,157.5781,161.9741,
META,1003,OneDay,2022-09-09T00:00:00Z,163.203,169.3075,163.1231,169.0177,
META,1003,OneDay,2022-09-12T00:00:00Z,167.561,171.607,167.5409,168.7066,
META,1003,OneDay,2022-09-13T00:00:00Z,160.7785,160.9482,152.431,152.7306,
META,1003,OneDay,2022-09-14T00:00:00Z,152.9902,153.2298,148.8564,151.3027,
META,1003,OneDay,2022-09-15T00:00:00Z,149.5453,153.8988,148.477,149.3656,
META,1003,OneDay,2022-09-16T00:00:00Z,147.8978,148.0176,144.0736,146.2703,
META,1003,OneDay,2022-09-19T00:00:00Z,145.2518,148.3471,145.1819,147.758,
META,1003,OneDay,2022-09-20T00:00:00Z,145.5214,148.5968,145.0022,145.761,
META,1003,OneDay,2022-09-21T00:00:00Z,146.1604,149.2758,141.787,141.797,
META,1003,OneDay,2022-09-22T00:00:00Z,141.2578,144.3132,140.6687,142.5359,
META,1003,OneDay,2022-09-23T00:00:00Z,141.108,142.3661,138.6817,140.1295,
META,1003,OneDay,2022-09-26T00:00:00Z,139.8599,141.9967,135.9957,136.0356,
META,1003,OneDay,2022-09-27T00:00:00Z,137.8429,139.1909,133.9188,134.1585,
META,1003,OneDay,2022-09-28T00:00:00Z,134.3282,141.787,134.0586,141.3776,
META,1003,OneDay,2022-09-29T00:00:00Z,139.1709,139.5703,134.9972,136.1255,
META,1003,OneDay,2022-09-30T00:00:00Z,135.8959,140.7585,135.3467,135.4266,
META,1003,OneDay,2022-10-03T00:00:00Z,137.114,139.3806,135.8959,138.2723,
META,1003,OneDay,2022-10-04T00:00:00Z,140.2593,142.1465,139.131,140.0696,
META,1003,OneDay,2022-10-05T00:00:00Z,138.0726,139.9897,134.5778,138.5918,
META,1003,OneDay,2022-10-06T00:00:00Z,137.4435,141.2079,136.3951,138.7615,
META,1003,OneDay,2022-10-07T00:00:00Z,136.6248,137.9827,132.2413,133.2798,
META,1003,OneDay,2022-10-10T00:00:00Z,133.4595,135.8759,131.6822,133.4795,
META,1003,OneDay,2022-10-11T00:00:00Z,131.5823,132.3911,126.7995,128.3073,
META,1003,OneDay,2022-10-12T00:00:00Z,128.1874,129.4256,126.0806,127.2688,
META,1003,OneDay,2022-10-13T00:00:00Z,123.6443,130.9333,122.3562,130.0147,
META,1003,OneDay,2022-10-14T00:00:00Z,131.133,131.5624,126.3302,126.5599,
META,1003,OneDay,2022-10-17T00:00:00Z,130.2044,134.5579,130.2044,133.9488,
META,1003,OneDay,2022-10-18T00:00:00Z,137.0441,137.5833,131.1929,132.5609,
META,1003,OneDay,2022-10-19T00:00:00Z,132.7506,136.7645,132.0416,133.0401,
META,1003,OneDay,2022-10-20T00:00:00Z,132.6607,136.5449,131.113,131.2329,
META,1003,OneDay,2022-10-21T00:00:00Z,125.841,129.8649,125.2618,129.825,
META,1003,OneDay,2022-10-24T00:00:00Z,126.9193,133.1799,124.3732,129.5254,
META,1003,OneDay,2022-10-25T00:00:00Z,130.464,138.1125,130.464,137.2438,
META,1003,OneDay,2022-10-26T00:00:00Z,131.4026,135.3267,128.3372,129.5654,
META,1003,OneDay,2022-10-27T00:00:00Z,98.0527,102.3163,96.2554,97.6333,
META,1003,OneDay,2022-10-28T00:00:00Z,99.2809,100.6788,97.3538,99.0113,
META,1003,OneDay,2022-10-31T00:00:00Z,98.0627,99.1311,92.4611,92.9803,
META,1003,OneDay,2022-11-01T00:00:00Z,94.2384,97.3238,93.4197,95.0173,
META,1003,OneDay,2022-11-02T00:00:00Z,94.2185,95.0073,90.3543,90.3942,
META,1003,OneDay,2022-11-03T00:00:00Z,89.9748,90.3043,88.2874,88.7567,
META,1003,OneDay,2022-11-04T00:00:00Z,90.2444,91.223,87.9579,90.6738,
META,1003,OneDay,2022-11-07T00:00:00Z,94.8076,96.7147,92.9604,96.6248,
META,1003,OneDay,2022-11-08T00:00:00Z,95.826,97.6433,94.6578,96.3752,
META,1003,OneDay,2022-11-09T00:00:00Z,101.5275,104.7227,100.7287,101.2878,
META,1003,OneDay,2022-11-10T00:00:00Z,106.8295,112.5709,104.483,111.6822,
META,1003,OneDay,2022-11-11T00:00:00Z,108.9863,114.7077,108.6568,112.7706,
META,1003,OneDay,2022-11-14T00:00:00Z,110.7636,116.0856,110.7636,114.0786,
META,1003,OneDay,2022-11-15T00:00:00Z,116.2653,118.5419,114.2584,116.9443,
META,1003,OneDay,2022-11-16T00:00:00Z,114.2184,115.826,112.491,113.0202,
META,1003,OneDay,2022-11-17T00:00:00Z,110.2144,112.1415,109.6353,111.2629,
META,1003,OneDay,2022-11-18T00:00:00Z,113.6493,114.1286,110.474,111.8719,
META,1003,OneDay,2022-11-21T00:00:00Z,111.2129,112.1715,109.0362,109.6253,
META,1003,OneDay,2022-11-22T00:00:00Z,109.7052,111.4326,108.1575,111.3228,
META,1003,OneDay,2022-11-23T00:00:00Z,111.6623,112.471,110.5639,112.0617,
META,1003,OneDay,2022-11-25T00:00:00Z,111.0731,112.511,110.8834,111.2629,
META,1003,OneDay,2022-11-28T00:00:00Z,110.8235,111.842,108.2174,108.6767,
META,1003,OneDay,2022-11-29T00:00:00Z,109.3258,110.7237,108.3672,109.2758,
META,1003,OneDay,2022-11-30T00:00:00Z,109.3457,117.8929,109.3457,117.8929,
META,1003,OneDay,2022-12-01T00:00:00Z,119.171,120.9982,118.2623,120.2793,
META,1003,OneDay,2022-12-02T00:00:00Z,117.6732,123.794,117.4935,123.2848,
META,1003,OneDay,2022-12-05T00:00:00Z,121.7771,124.473,121.158,122.2963,
META,1003,OneDay,2022-12-06T00:00:00Z,119.6303,120.2793,113.5694,113.9089,
META,1003,OneDay,2022-12-07T00:00:00Z,113.16,115.6962,112.7007,113.7791,
META,1003,OneDay,2022-12-08T00:00:00Z,116.4151,117.134,114.4081,115.1271,
META,1003,OneDay,2022-12-09T00:00:00Z,115.0572,117.3437,113.6892,115.6962,
META,1003,OneDay,2022-12-12T00:00:00Z,114.7876,115.5364,112.9603,114.498,
META,1003,OneDay,2022-12-13T00:00:00Z,122.0766,123.0951,118.462,119.9997,
META,1003,OneDay,2022-12-14T00:00:00Z,119.4605,123.9438,119.2808,121.4076,
META,1003,OneDay,2022-12-15T00:00:00Z,117.5834,118.4221,113.839,116.0656,
META,1003,OneDay,2022-12-16T00:00:00Z,119.6503,123.1151,118.6418,119.151,
META,1003,OneDay,2022-12-19T00:00:00Z,116.6148,117.5933,114.1585,114.2783,
META,1003,OneDay,2022-12-20T00:00:00Z,113.18,117.134,112.3113,116.9044,
META,1003,OneDay,2022-12-21T00:00:00Z,116.485,120.1495,115.5564,119.5704,
META,1003,OneDay,2022-12-22T00:00:00Z,117.5135,118.3422,114.1984,116.9543,
META,1003,OneDay,2022-12-23T00:00:00Z,115.846,117.9927,115.3767,117.8629,
META,1003,OneDay,2022-12-27T00:00:00Z,117.6433,118.4121,115.8859,116.6947,
META,1003,OneDay,2022-12-28T00:00:00Z,116.2054,117.9129,115.3667,115.4266,
META,1003,OneDay,2022-12-29T00:00:00Z,116.5749,120.8285,115.5963,120.0596,
META,1003,OneDay,2022-12-30T00:00:00Z,117.833,120.2294,117.5834,120.2194,
META,1003,OneDay,2023-01-03T00:00:00Z,122.7356,126.1505,121.2578,124.513,
META,1003,OneDay,2023-01-04T00:00:00Z,127.5284,128.8165,125.6612,127.1889,
META,1003,OneDay,2023-01-05T00:00:00Z,125.9308,128.2973,124.3332,126.7097,
META,1003,OneDay,2023-01-06T00:00:00Z,128.9363,130.1345,125.8609,129.835,
META,1003,OneDay,2023-01-09T00:00:00Z,131.163,132.7106,129.0861,129.2858,
META,1003,OneDay,2023-01-10T00:00:00Z,127.778,133.1899,127.6882,132.6907,
META,1003,OneDay,2023-01-11T00:00:00Z,130.7037,133.6293,130.1545,132.6807,
META,1003,OneDay,2023-01-12T00:00:00Z,133.4995,137.4535,131.5723,136.465,
META,1003,OneDay,2023-01-13T00:00:00Z,134.8674,137.1739,134.8674,136.7046,
META,1003,OneDay,2023-01-17T00:00:00Z,136.1854,136.495,134.1085,135.0272,
META,1003,OneDay,2023-01-18T00:00:00Z,135.4266,137.0341,132.6607,132.8105,
META,1003,OneDay,2023-01-19T00:00:00Z,132.0616,137.2039,131.9717,135.9258,
META,1003,OneDay,2023-01-20T00:00:00Z,135.9558,139.7201,134.4081,139.0811,
META,1003,OneDay,2023-01-23T00:00:00Z,139.3806,143.4745,138.5019,143.0751,
META,1003,OneDay,2023-01-24T00:00:00Z,141.4974,144.7525,141.148,143.0052,
META,1003,OneDay,2023-01-25T00:00:00Z,141.0881,142.9453,140.0995,141.2179,
META,1003,OneDay,2023-01-26T00:00:00Z,144.3531,147.2688,143.0851,147.0191,
META,1003,OneDay,2023-01-27T00:00:00Z,148.437,152.9402,147.1989,151.4525,
META,1003,OneDay,2023-01-30T00:00:00Z,149.2758,150.8534,146.7296,146.7695,
META,1003,OneDay,2023-01-31T00:00:00Z,147.8179,149.6152,147.2887,148.7465,
META,1003,OneDay,2023-02-01T00:00:00Z,148.0077,153.3297,146.8294,152.7905,
META,1003,OneDay,2023-02-02T00:00:00Z,182.9951,196.7444,179.8898,188.4569,
META,1003,OneDay,2023-02-03T00:00:00Z,182.9052,196.4349,182.9052,186.2103,
META,1003,OneDay,2023-02-06T00:00:00Z,186.1404,190.384,185.2317,185.7809,
META,1003,OneDay,2023-02-07T00:00:00Z,185.4215,193.4694,184.1234,191.4524,
META,1003,OneDay,2023-02-08T00:00:00Z,189.9846,190.4938,182.6356,183.1349,
META,1003,OneDay,2023-02-09T00:00:00Z,185.9307,186.3001,177.0041,177.5033,
META,1003,OneDay,2023-02-10T00:00:00Z,175.6062,178.5817,173.09,173.8289,
META,1003,OneDay,2023-02-13T00:00:00Z,177.4434,180.7085,175.5563,178.9811,
META,1003,OneDay,2023-02-14T00:00:00Z,177.2637,181.2078,175.6362,179.1708,
META,1003,OneDay,2023-02-15T00:00:00Z,176.0555,177.8029,175.067,176.8643,
META,1003,OneDay,2023-02-16T00:00:00Z,172.441,175.5762,171.6422,172.1114,
META,1003,OneDay,2023-02-17T00:00:00Z,169.745,172.9003,169.5453,172.6407,
META,1003,OneDay,2023-02-21T00:00:00Z,173.8289,177.8428,171.6222,171.8119,
META,1003,OneDay,2023-02-22T00:00:00Z,170.7635,172.4809,169.4355,170.8034,
META,1003,OneDay,2023-02-23T00:00:00Z,171.8518,173.4095,169.1259,171.7919,
META,1003,OneDay,2023-02-24T00:00:00Z,167.748,170.444,167.4185,170.0845,
META,1003,OneDay,2023-02-27T00:00:00Z,171.7919,172.8204,168.8064,169.2657,
META,1003,OneDay,2023-02-28T00:00:00Z,172.2612,177.2737,171.9417,174.6876,
META,1003,OneDay,2023-03-01T00:00:00Z,174.6177,177.5433,173.05,173.09,
META,1003,OneDay,2023-03-02T00:00:00Z,172.0815,174.7175,171.1729,174.2582,
META,1003,OneDay,2023-03-03T00:00:00Z,178.4419,186.3201,176.7744,184.9222,
META,1003,OneDay,2023-03-06T00:00:00Z,187.5383,189.3256,184.373,184.5727,
META,1003,OneDay,2023-03-07T00:00:00Z,188.5068,189.6751,183.734,184.1534,
META,1003,OneDay,2023-03-08T00:00:00Z,182.3561,184.9522,181.0281,184.6925,
META,1003,OneDay,2023-03-09T00:00:00Z,186.2602,188.6266,180.0296,181.3875,
META,1003,OneDay,2023-03-10T00:00:00Z,180.9681,184.4629,178.5218,179.1808,
META,1003,OneDay,2023-03-13T00:00:00Z,177.5533,183.4544,174.5777,180.6386,
META,1003,OneDay,2023-03-14T00:00:00Z,186.8094,194.0086,186.6596,193.7989,
META,1003,OneDay,2023-03-15T00:00:00Z,192.391,197.3535,190.5537,197.3535,
META,1003,OneDay,2023-03-16T00:00:00Z,197.7729,205.4214,195.7859,204.6825,
META,1003,OneDay,2023-03-17T00:00:00Z,199.9796,201.5372,195.1369,195.5063,
META,1003,OneDay,2023-03-20T00:00:00Z,198.5318,199.021,193.3795,197.5133,
META,1003,OneDay,2023-03-21T00:00:00Z,202.4459,203.045,197.673,201.6071,
META,1003,OneDay,2023-03-22T00:00:00Z,202.6655,206.9891,199.4104,199.4104,
META,1003,OneDay,2023-03-23T00:00:00Z,202.7754,207.5083,201.8268,203.9336,
META,1003,OneDay,2023-03-24T00:00:00Z,205.1318,207.2187,203.2447,205.711,
META,1003,OneDay,2023-03-27T00:00:00Z,204.363,205.5013,201.058,202.4159,
META,1003,OneDay,2023-03-28T00:00:00Z,199.8198,200.7085,197.6032,200.399,
META,1003,OneDay,2023-03-29T00:00:00Z,202.7754,205.3515,202.2162,205.002,
META,1003,OneDay,2023-03-30T00:00:00Z,202.7654,207.7279,202.5857,207.4983,
META,1003,OneDay,2023-03-31T00:00:00Z,206.5397,211.8318,206.4399,211.712,
META,1003,OneDay,2023-04-03T00:00:00Z,208.367,213.1598,207.8977,212.7704,
META,1003,OneDay,2023-04-04T00:00:00Z,212.9002,215.8957,212.2312,214.2581,
META,1003,OneDay,2023-04-05T00:00:00Z,213.7389,214.7973,209.6251,211.1828,
META,1003,OneDay,2023-04-06T00:00:00Z,209.0759,216.6046,208.3171,215.7559,
META,1003,OneDay,2023-04-10T00:00:00Z,214.0784,215.3365,210.334,214.378,
META,1003,OneDay,2023-04-11T00:00:00Z,215.5063,215.656,213.0899,213.4993,
META,1003,OneDay,2023-04-12T00:00:00Z,214.1783,216.5048,212.2611,213.659,
META,1003,OneDay,2023-04-13T00:00:00Z,215.656,220.7883,215.656,220.0295,
META,1003,OneDay,2023-04-14T00:00:00Z,217.4433,221.7169,217.2337,221.1478,
META,1003,OneDay,2023-04-17T00:00:00Z,219.3904,220.5886,216.7943,218.5117,
META,1003,OneDay,2023-04-18T00:00:00Z,219.66,220.0594,215.8857,217.5732,
META,1003,OneDay,2023-04-19T00:00:00Z,213.1798,216.9741,212.6905,215.3165,
META,1003,OneDay,2023-04-20T00:00:00Z,212.7404,216.4049,212.4508,212.7204,
META,1003,OneDay,2023-04-21T00:00:00Z,210.4039,213.0599,209.4454,212.5207,
META,1003,OneDay,2023-04-24T00:00:00Z,212.6805,213.5492,210.3939,212.4409,
META,1003,OneDay,2023-04-25T00:00:00Z,210.5337,210.8732,206.8193,207.1288,
META,1003,OneDay,2023-04-26T00:00:00Z,211.5222,213.709,208.5767,209.0759,
META,1003,OneDay,2023-04-27T00:00:00Z,238.8212,241.2476,236.4748,238.1123,
META,1003,OneDay,2023-04-28T00:00:00Z,238.6515,240.0594,235.3964,239.7399,
META,1003,OneDay,2023-05-01T00:00:00Z,238.5017,243.5342,236.1053,242.7254,
META,1003,OneDay,2023-05-02T00:00:00Z,242.995,244.5027,238.6315,238.7913,
META,1003,OneDay,2023-05-03T00:00:00Z,239.0709,241.3474,232.4109,236.8642,
META,1003,OneDay,2023-05-04T00:00:00Z,236.2052,237.8127,232.5706,233.0199,
META,1003,OneDay,2023-05-05T00:00:00Z,231.0629,234.2781,229.5452,232.2811,
META,1003,OneDay,2023-05-08T00:00:00Z,230.7733,235.2466,229.9645,232.8502,
META,1003,OneDay,2023-05-09T00:00:00Z,231.003,235.4862,230.7434,233.0898,
META,1003,OneDay,2023-05-10T00:00:00Z,234.957,236.305,230.3839,232.7603,
META,1003,OneDay,2023-05-11T00:00:00Z,233.1797,237.8427,231.9516,235.3265,
META,1003,OneDay,2023-05-12T00:00:00Z,235.3265,236.5247,231.1028,233.3794,
META,1003,OneDay,2023-05-15T00:00:00Z,236.3849,239.8697,234.957,238.3919,
META,1003,OneDay,2023-05-16T00:00:00Z,235.8757,239.2506,235.5162,238.4318,
META,1003,OneDay,2023-05-17T00:00:00Z,238.1023,243.4443,237.7528,242.0664,
META,1003,OneDay,2023-05-18T00:00:00Z,241.647,246.6894,241.2076,246.4298,
META,1003,OneDay,2023-05-19T00:00:00Z,246.949,248.2571,243.0449,245.2416,
META,1003,OneDay,2023-05-22T00:00:00Z,245.0619,253.0598,245.0619,247.9875,14860668.0
META,1003,OneDay,2023-05-23T00:00:00Z,247.4782,251.1926,246.33,246.4098,9036747.0
META,1003,OneDay,2023-05-24T00:00:00Z,244.9021,249.1857,244.8322,248.8362,9150079.0
META,1003,OneDay,2023-05-25T00:00:00Z,253.1896,255.2166,248.7863,252.2211,11226926.0
META,1003,OneDay,2023-05-26T00:00:00Z,252.5406,261.9066,252.3309,261.627,13655776.0
META,1003,OneDay,2023-05-30T00:00:00Z,265.4812,268.1771,260.928,262.1462,12342042.0
META,1003,OneDay,2023-05-31T00:00:00Z,259.59,264.5326,258.0523,264.5326,9099817.0
META,1003,OneDay,2023-06-01T00:00:00Z,266.2301,273.569,266.1901,272.1012,13717565.0
META,1003,OneDay,2023-06-02T00:00:00Z,272.1911,274.897,270.7133,272.0713,10857808.0
META,1003,OneDay,2023-06-05T00:00:00Z,270.1142,275.1167,269.2655,271.0229,11436304.0
META,1003,OneDay,2023-06-06T00:00:00Z,269.7348,276.0952,269.2855,270.6634,10753308.0
META,1003,OneDay,2023-06-07T00:00:00Z,271.0428,273.7887,262.4358,263.1647,12888039.0
META,1003,OneDay,2023-06-08T00:00:00Z,260.0194,267.2086,258.5017,264.1632,11349427.0
META,1003,OneDay,2023-06-09T00:00:00Z,261.7368,267.5181,261.3075,264.5326,8448690.0
META,1003,OneDay,2023-06-12T00:00:00Z,267.3683,271.2525,264.9819,270.6734,8083342.0
META,1003,OneDay,2023-06-13T00:00:00Z,273.9984,275.2365,268.6664,270.933,8447591.0
META,1003,OneDay,2023-06-14T00:00:00Z,271.5421,274.5276,267.9075,272.92,8993931.0
META,1003,OneDay,2023-06-15T00:00:00Z,271.9415,283.5341,270.9929,281.2974,12638575.0
META,1003,OneDay,2023-06-16T00:00:00Z,283.4642,287.4182,279.7797,280.3289,14888672.0
META,1003,OneDay,2023-06-20T00:00:00Z,278.4817,284.3528,275.8057,284.0333,9440087.0
META,1003,OneDay,2023-06-21T00:00:00Z,282.8551,283.3044,277.9425,281.2675,8852299.0
META,1003,OneDay,2023-06-22T00:00:00Z,278.921,284.7622,277.3833,284.4227,9164631.0
META,1003,OneDay,2023-06-23T00:00:00Z,281.1077,289.2055,278.5715,288.0972,14067094.0
META,1003,OneDay,2023-06-26T00:00:00Z,288.207,289.2555,277.1736,278.1022,12705001.0
META,1003,OneDay,2023-06-27T00:00:00Z,281.1976,288.8561,280.239,286.6694,13858488.0
META,1003,OneDay,2023-06-28T00:00:00Z,284.0633,289.0258,283.6339,284.7522,9099526.0
META,1003,OneDay,2023-06-29T00:00:00Z,284.0133,286.0303,280.259,281.1476,7905341.0
META,1003,OneDay,2023-07-03T00:00:00Z,285.2615,288.8661,284.4028,285.7108,4719417.0
META,1003,OneDay,2023-07-05T00:00:00Z,286.9689,297.6429,285.9305,293.7986,19199125.0
META,1003,OneDay,2023-07-06T00:00:00Z,294.897,297.6129,290.893,291.2425,26703855.0
META,1003,OneDay,2023-07-07T00:00:00Z,291.562,295.7257,288.217,290.234,13812944.0
META,1003,OneDay,2023-07-10T00:00:00Z,295.586,297.6628,286.5995,293.6089,20616737.0
META,1003,OneDay,2023-07-11T00:00:00Z,294.0383,299.56,291.5021,297.8725,14881887.0
META,1003,OneDay,2023-07-12T00:00:00Z,301.0877,308.9758,299.6499,308.8161,20529275.0
META,1003,OneDay,2023-07-13T00:00:00Z,312.8001,315.556,309.8845,312.9898,16527433.0
META,1003,OneDay,2023-07-14T00:00:00Z,311.532,314.1181,306.899,308.0073,11497948.0
META,1003,OneDay,2023-07-17T00:00:00Z,306.24,310.863,304.2529,309.9943,12995706.0
META,1003,OneDay,2023-07-18T00:00:00Z,310.7232,313.6788,307.1386,311.5819,10743191.0
META,1003,OneDay,2023-07-19T00:00:00Z,311.8515,318.172,310.0442,315.7057,11583735.0
META,1003,OneDay,2023-07-20T00:00:00Z,313.9584,314.9469,301.7866,302.1461,11861049.0
META,1003,OneDay,2023-07-24T00:00:00Z,295.1666,296.9839,287.8676,291.0028,14081260.0
META,1003,OneDay,2023-07-25T00:00:00Z,294.4776,297.5929,291.562,293.9884,9220669.0
META,1003,OneDay,2023-07-26T00:00:00Z,300.3188,301.2574,291.4622,298.222,19068564.0
META,1003,OneDay,2023-07-27T00:00:00Z,323.0846,323.8834,309.505,311.3423,35172376.0
META,1003,OneDay,2023-07-28T00:00:00Z,315.6358,325.5709,313.7587,324.7721,20156058.0
META,1003,OneDay,2023-07-31T00:00:00Z,322.7252,325.0217,317.1036,317.9424,13203159.0
META,1003,OneDay,2023-08-01T00:00:00Z,317.1236,323.6039,314.188,322.1361,12659243.0
META,1003,OneDay,2023-08-02T00:00:00Z,316.9239,317.7327,310.174,313.8785,11042362.0
META,1003,OneDay,2023-08-03T00:00:00Z,310.5435,315.3962,310.5435,312.6503,8442903.0
META,1003,OneDay,2023-08-04T00:00:00Z,314.3278,317.8425,309.7547,310.194,9049792.0
META,1003,OneDay,2023-08-07T00:00:00Z,312.88,316.5245,310.0243,316.1551,9692048.0
META,1003,OneDay,2023-08-08T00:00:00Z,314.8271,317.3233,309.6548,312.2809,8751271.0
META,1003,OneDay,2023-08-09T00:00:00Z,312.9299,312.9299,302.3957,304.882,11428901.0
META,1003,OneDay,2023-08-10T00:00:00Z,307.0487,311.8216,303.4242,305.2714,8238220.0
META,1003,OneDay,2023-08-11T00:00:00Z,302.216,304.213,299.8995,300.9978,8224972.0
META,1003,OneDay,2023-08-14T00:00:00Z,300.0692,305.7008,297.7827,305.511,9125595.0
META,1003,OneDay,2023-08-15T00:00:00Z,305.8505,306.6693,299.58,301.7467,5845710.0
META,1003,OneDay,2023-08-16T00:00:00Z,298.9209,300.5685,293.9684,294.0483,9899905.0
META,1003,OneDay,2023-08-17T00:00:00Z,292.0812,295.536,284.7722,285.2415,11738094.0
META,1003,OneDay,2023-08-18T00:00:00Z,277.3633,285.2016,273.9984,282.3658,17689427.0
META,1003,OneDay,2023-08-21T00:00:00Z,282.5655,290.0143,281.4172,289.4152,9923059.0
META,1003,OneDay,2023-08-22T00:00:00Z,291.8616,292.0113,286.3199,287.1586,6410748.0
META,1003,OneDay,2023-08-23T00:00:00Z,287.8576,296.9339,287.2485,293.6688,8789673.0
META,1003,OneDay,2023-08-24T00:00:00Z,298.1621,298.6014,286.3199,286.4197,8897167.0
META,1003,OneDay,2023-08-25T00:00:00Z,285.6808,287.8476,275.616,284.9719,12963067.0
META,1003,OneDay,2023-08-28T00:00:00Z,287.6679,290.8531,285.3214,290.0842,7851405.0
META,1003,OneDay,2023-08-29T00:00:00Z,288.6963,298.6813,287.7677,297.4831,11453974.0
META,1003,OneDay,2023-08-30T00:00:00Z,296.4447,297.7926,292.9799,294.5176,9216549.0
META,1003,OneDay,2023-08-31T00:00:00Z,295.7757,300.6084,295.2764,295.7058,8658225.0
META,1003,OneDay,2023-09-01T00:00:00Z,297.8426,301.1576,294.0283,295.7058,7164297.0
META,1003,OneDay,2023-09-05T00:00:00Z,296.8041,300.888,295.0667,299.6099,7592904.0
META,1003,OneDay,2023-09-06T00:00:00Z,301.577,302.6953,295.1866,298.6014,9482196.0
META,1003,OneDay,2023-09-07T00:00:00Z,297.2235,306.5395,291.7817,298.4916,21594040.0
META,1003,OneDay,2023-09-08T00:00:00Z,299.0807,304.7222,296.6344,297.3733,9605856.0
META,1003,OneDay,2023-09-11T00:00:00Z,300.868,308.4267,300.7981,307.1286,11335749.0
META,1003,OneDay,2023-09-12T00:00:00Z,306.1201,308.0872,299.7697,301.2774,7482085.0
META,1003,OneDay,2023-09-13T00:00:00Z,301.8765,306.5894,300.858,304.5425,7634643.0
META,1003,OneDay,2023-09-14T00:00:00Z,306.0602,312.3408,304.6024,311.2424,10331322.0
META,1003,OneDay,2023-09-15T00:00:00Z,311.2125,311.2125,298.6514,299.6199,12283565.0
META,1003,OneDay,2023-09-18T00:00:00Z,297.6728,303.1146,297.6728,302.186,6589635.0
META,1003,OneDay,2023-09-19T00:00:00Z,301.7966,305.6409,299.4202,304.5425,9901467.0
META,1003,OneDay,2023-09-20T00:00:00Z,304.4726,307.508,298.9809,299.1606,9638180.0
META,1003,OneDay,2023-09-21T00:00:00Z,294.5875,299.7497,292.8201,295.2565,12912712.0
META,1003,OneDay,2023-09-22T00:00:00Z,298.5615,304.8021,297.8326,298.8011,14755462.0
META,1003,OneDay,2023-09-25T00:00:00Z,295.7158,300.4786,293.2595,300.3588,10583308.0
META,1003,OneDay,2023-09-26T00:00:00Z,297.583,299.8096,295.576,298.6514,11176856.0
META,1003,OneDay,2023-09-27T00:00:00Z,299.58,300.7881,286.4497,297.3533,22818127.0
META,1003,OneDay,2023-09-28T00:00:00Z,298.8011,305.8106,296.2649,303.4641,13913798.0
META,1003,OneDay,2023-09-29T00:00:00Z,307.4182,310.0842,298.911,299.6199,15114064.0
META,1003,OneDay,2023-10-02T00:00:00Z,301.3273,306.6593,301.1576,306.3398,9444006.0
META,1003,OneDay,2023-10-03T00:00:00Z,304.243,306.2899,299.1905,300.4187,10200289.0
META,1003,OneDay,2023-10-04T00:00:00Z,299.2704,306.4197,299.0008,305.1216,9294547.0
META,1003,OneDay,2023-10-05T00:00:00Z,304.1231,305.7307,299.0607,304.0532,12041928.0
META,1003,OneDay,2023-10-09T00:00:00Z,311.7117,319.6698,311.3323,317.8226,13826968.0
META,1003,OneDay,2023-10-10T00:00:00Z,318.5714,324.1331,317.6428,321.3373,11773960.0
META,1003,OneDay,2023-10-12T00:00:00Z,327.3582,329.9443,322.216,323.6139,11921688.0
META,1003,OneDay,2023-10-13T00:00:00Z,322.6054,324.5025,311.9314,314.168,12911938.0
META,1003,OneDay,2023-10-16T00:00:00Z,317.7826,321.2873,315.0268,320.7581,8702024.0
META,1003,OneDay,2023-10-17T00:00:00Z,318.182,323.8735,316.864,323.6438,9628773.0
META,1003,OneDay,2023-10-18T00:00:00Z,321.5669,325.3013,315.1066,316.3448,10004325.0
META,1003,OneDay,2023-10-19T00:00:00Z,319.5999,321.2973,311.2724,312.2709,10774270.0
META,1003,OneDay,2023-10-20T00:00:00Z,313.1496,314.7072,306.0103,308.1471,12359977.0
META,1003,OneDay,2023-10-23T00:00:00Z,309.565,316.844,306.9089,313.5989,10498954.0
META,1003,OneDay,2023-10-24T00:00:00Z,316.3148,317.8026,310.1541,312.1011,10671895.0
META,1003,OneDay,2023-10-25T00:00:00Z,310.3138,310.3138,298.4017,299.0907,19797392.0
META,1003,OneDay,2023-10-26T00:00:00Z,292.9499,293.1097,279.0109,287.7577,41740874.0
META,1003,OneDay,2023-10-30T00:00:00Z,298.7013,308.7761,298.6314,302.226,18325976.0
META,1003,OneDay,2023-10-31T00:00:00Z,302.9349,303.0847,296.4147,300.878,10254965.0
META,1003,OneDay,2023-11-01T00:00:00Z,301.9364,312.2409,301.4072,311.4322,12218494.0
META,1003,OneDay,2023-11-02T00:00:00Z,317.9524,318.172,307.8675,310.4736,12897652.0
META,1003,OneDay,2023-11-03T00:00:00Z,312.3608,315.0367,310.5535,314.1481,9273876.0
META,1003,OneDay,2023-11-06T00:00:00Z,315.0567,317.8126,313.9284,315.2764,7726889.0
META,1003,OneDay,2023-11-07T00:00:00Z,315.8256,320.4686,314.6274,318.3218,7938078.0
META,1003,OneDay,2023-11-08T00:00:00Z,318.0822,320.828,314.3977,319.3902,7443844.0
META,1003,OneDay,2023-11-09T00:00:00Z,318.831,323.6338,318.4017,320.0692,7880374.0
META,1003,OneDay,2023-11-10T00:00:00Z,319.2903,328.3767,319.0208,328.3767,10006937.0
META,1003,OneDay,2023-11-13T00:00:00Z,326.1001,331.7816,325.2115,328.6463,8665738.0
META,1003,OneDay,2023-11-14T00:00:00Z,334.0582,337.483,332.8001,335.476,8975471.0
META,1003,OneDay,2023-11-15T00:00:00Z,336.7541,336.9738,329.535,332.141,7860444.0
META,1003,OneDay,2023-11-16T00:00:00Z,327.9973,334.0582,325.9204,333.7786,10711079.0
META,1003,OneDay,2023-11-17T00:00:00Z,328.9159,334.9868,328.9159,334.5574,6939847.0
META,1003,OneDay,2023-11-20T00:00:00Z,334.1281,341.2474,333.6687,339.3802,8417826.0
META,1003,OneDay,2023-11-21T00:00:00Z,337.8025,339.3103,335.3962,336.4346,6409696.0
META,1003,OneDay,2023-11-22T00:00:00Z,338.1021,342.3557,338.0921,341.1275,6110246.0
META,1003,OneDay,2023-11-24T00:00:00Z,339.5599,341.2873,336.2449,337.6128,2936441.0
META,1003,OneDay,2023-11-27T00:00:00Z,335.3662,339.3402,333.7187,334.2279,8036554.0
META,1003,OneDay,2023-11-28T00:00:00Z,333.9983,338.851,333.1895,338.3417,6838727.0
META,1003,OneDay,2023-11-29T00:00:00Z,338.7411,339.3203,330.2938,331.6817,9205774.0
META,1003,OneDay,2023-11-30T00:00:00Z,331.1625,332.9199,321.9164,326.7491,10432936.0
META,1003,OneDay,2023-12-05T00:00:00Z,318.162,321.3173,314.887,317.9424,9839462.0
META,1003,OneDay,2023-12-06T00:00:00Z,320.6583,321.6568,316.5644,316.9339,6302027.0
META,1003,OneDay,2023-12-07T00:00:00Z,317.6628,327.6877,317.5629,326.2599,9237593.0
META,1003,OneDay,2023-12-08T00:00:00Z,323.2045,332.6503,323.0247,332.3108,6782054.0
META,1003,OneDay,2023-12-11T00:00:00Z,327.508,328.157,319.53,324.9319,14442844.0
META,1003,OneDay,2023-12-12T00:00:00Z,324.5225,333.9683,324.183,333.6887,9834044.0
META,1003,OneDay,2023-12-13T00:00:00Z,333.5689,337.8125,332.1111,333.9783,9247573.0
META,1003,OneDay,2023-12-14T00:00:00Z,333.0996,333.7786,328.157,332.4606,10740229.0
META,1003,OneDay,2023-12-18T00:00:00Z,336.5944,346.9788,336.5145,344.0531,10990297.0
META,1003,OneDay,2023-12-19T00:00:00Z,344.7321,352.9997,344.7321,349.7646,10054341.0
META,1003,OneDay,2023-12-20T00:00:00Z,347.7776,354.3277,347.2384,348.816,9287745.0
META,1003,OneDay,2023-12-21T00:00:00Z,353.0097,355.8255,348.6762,353.5888,8558440.0
META,1003,OneDay,2023-12-22T00:00:00Z,354.7471,356.5843,350.6632,352.9198,6928049.0
META,1003,OneDay,2023-12-26T00:00:00Z,353.6687,356.4046,352.9398,354.2778,5643977.0
META,1003,OneDay,2023-12-27T00:00:00Z,354.9767,358.3716,354.827,357.3132,6545495.0
META,1003,OneDay,2023-12-28T00:00:00Z,358.9508,361.3272,357.2733,357.8125,7099837.0
META,1003,OneDay,2023-12-29T00:00:00Z,359.2104,359.2204,351.2723,353.5189,8577767.0
META,1003,OneDay,2024-01-02T00:00:00Z,350.7531,352.5803,339.51,345.5509,10921292.0
META,1003,OneDay,2024-01-03T00:00:00Z,343.2743,347.3582,342.7851,343.7736,8287432.0
META,1003,OneDay,2024-01-04T00:00:00Z,344.4126,347.5878,342.8549,346.6293,6031390.0
META,1003,OneDay,2024-01-08T00:00:00Z,354.2878,358.4116,351.5119,358.102,6782817.0
META,1003,OneDay,2024-01-09T00:00:00Z,357.463,360.0691,354.797,356.8439,6678892.0
META,1003,OneDay,2024-01-10T00:00:00Z,360.3387,372.3506,358.5314,369.8843,13772155.0
META,1003,OneDay,2024-01-11T00:00:00Z,371.7615,371.7615,362.3756,369.1055,9918186.0
META,1003,OneDay,2024-01-16T00:00:00Z,372.8099,374.9467,366.6792,366.8789,7962292.0
META,1003,OneDay,2024-01-17T00:00:00Z,366.2398,367.9872,358.0721,367.6078,7389280.0
META,1003,OneDay,2024-01-18T00:00:00Z,371.5019,376.2648,370.3936,375.5758,8617283.0
META,1003,OneDay,2024-01-19T00:00:00Z,378.9407,383.7535,377.403,382.785,10141961.0
META,1003,OneDay,2024-01-22T00:00:00Z,387.7974,389.6347,380.5583,381.1175,9479506.0
META,1003,OneDay,2024-01-23T00:00:00Z,384.8519,387.7675,381.4869,384.5723,8504859.0
META,1003,OneDay,2024-01-24T00:00:00Z,389.9143,395.5558,387.2383,390.1439,9285456.0
META,1003,OneDay,2024-01-25T00:00:00Z,389.2053,394.7869,385.0815,392.6801,8623412.0
META,1003,OneDay,2024-01-26T00:00:00Z,394.4375,396.1249,390.9926,393.3691,6929439.0
META,1003,OneDay,2024-01-29T00:00:00Z,394.8868,402.2857,392.5104,400.4285,9959355.0
META,1003,OneDay,2024-01-30T00:00:00Z,403.6636,405.6806,398.9906,399.42,10713279.0
META,1003,OneDay,2024-01-31T00:00:00Z,387.6576,397.3631,387.6576,389.445,11118859.0
META,1003,OneDay,2024-02-01T00:00:00Z,393.1494,399.6896,392.4604,394.1579,12824485.0
META,1003,OneDay,2024-02-02T00:00:00Z,461.6864,485.1212,452.4703,474.1377,52765961.0
META,1003,OneDay,2024-02-05T00:00:00Z,470.1138,470.8726,458.7608,458.8906,24967426.0
META,1003,OneDay,2024-02-06T00:00:00Z,465.5007,466.2795,453.3589,453.6585,13204122.0
META,1003,OneDay,2024-02-07T00:00:00Z,456.3944,470.7328,455.5057,468.656,13697938.0
META,1003,OneDay,2024-02-08T00:00:00Z,468.3964,469.8342,464.3524,469.2551,10099833.0
META,1003,OneDay,2024-02-09T00:00:00Z,472.4203,472.5501,466.7189,467.0084,10513426.0
META,1003,OneDay,2024-02-12T00:00:00Z,467.7074,478.3414,465.8701,468.3165,12194614.0
META,1003,OneDay,2024-02-13T00:00:00Z,455.7454,466.8287,454.4174,459.1103,9525810.0
META,1003,OneDay,2024-02-14T00:00:00Z,468.1867,473.3289,465.4208,472.9495,8739419.0
META,1003,OneDay,2024-02-15T00:00:00Z,474.0778,487.8272,471.5916,483.1342,13298307.0
META,1003,OneDay,2024-02-16T00:00:00Z,475.965,477.982,468.5062,472.4503,12625367.0
META,1003,OneDay,2024-02-20T00:00:00Z,469.295,475.3958,465.9001,470.7628,9320883.0
META,1003,OneDay,2024-02-21T00:00:00Z,466.1697,468.2066,461.1073,467.2481,6983956.0
META,1003,OneDay,2024-02-22T00:00:00Z,479.1003,489.2251,475.3459,485.3309,11348167.0
META,1003,OneDay,2024-02-23T00:00:00Z,488.3464,493.4687,481.6065,483.5037,9824731.0
META,1003,OneDay,2024-02-26T00:00:00Z,482.6749,485.271,479.8791,480.9575,6311020.0
META,1003,OneDay,2024-02-27T00:00:00Z,479.7293,486.4692,479.2001,486.4193,6022169.0
META,1003,OneDay,2024-02-28T00:00:00Z,484.9914,490.1637,482.0558,482.8247,6752259.0
META,1003,OneDay,2024-02-29T00:00:00Z,487.7772,490.8426,481.8861,489.1352,6871284.0
META,1003,OneDay,2024-03-01T00:00:00Z,493.7982,503.4437,493.4687,501.6264,9054580.0
META,1003,OneDay,2024-03-04T00:00:00Z,499.7493,503.6035,495.6754,497.4627,6677912.0
META,1003,OneDay,2024-03-05T00:00:00Z,493.4287,494.7568,487.288,489.7742,7912246.0
META,1003,OneDay,2024-03-06T00:00:00Z,498.3813,502.0059,493.5586,495.5456,6453222.0
META,1003,OneDay,2024-03-07T00:00:00Z,502.0857,518.8705,500.6479,511.5116,10633927.0
META,1003,OneDay,2024-03-08T00:00:00Z,514.3972,522.6249,498.601,504.9814,9888585.0
META,1003,OneDay,2024-03-11T00:00:00Z,495.6454,495.8152,475.306,482.9145,12302571.0
META,1003,OneDay,2024-03-12T00:00:00Z,492.62,501.4267,483.943,498.8007,8479218.0
META,1003,OneDay,2024-03-13T00:00:00Z,494.8167,499.9889,490.2935,494.8167,6114056.0
META,1003,OneDay,2024-03-14T00:00:00Z,498.5511,498.9904,487.4477,490.9924,6035091.0
META,1003,OneDay,2024-03-15T00:00:00Z,489.1352,489.295,480.608,483.5636,7592249.0
META,1003,OneDay,2024-03-18T00:00:00Z,490.0638,496.5241,486.0898,496.3743,5776580.0
META,1003,OneDay,2024-03-19T00:00:00Z,486.4492,495.7553,480.628,495.2959,5430980.0
META,1003,OneDay,2024-03-20T00:00:00Z,498.7208,507.268,494.4672,504.7318,6189551.0
META,1003,OneDay,2024-03-21T00:00:00Z,512.8196,512.8196,505.241,506.9684,4727787.0
META,1003,OneDay,2024-03-22T00:00:00Z,506.2195,509.1651,503.5535,508.576,3805581.0
META,1003,OneDay,2024-03-25T00:00:00Z,504.602,506.3094,499.4797,502.1756,4080351.0
META,1003,OneDay,2024-03-26T00:00:00Z,504.7418,509.1651,494.4772,495.0863,6011878.0
META,1003,OneDay,2024-03-27T00:00:00Z,497.283,498.6709,487.3479,493.1592,5430793.0
META,1003,OneDay,2024-03-28T00:00:00Z,489.4847,490.7528,484.4123,485.1712,7831587.0
META,1003,OneDay,2024-04-01T00:00:00Z,485.1612,496.5441,481.0473,490.7528,4936133.0
META,1003,OneDay,2024-04-02T00:00:00Z,485.6105,496.6739,484.1427,496.2944,5671348.0
META,1003,OneDay,2024-04-03T00:00:00Z,499.4697,506.3993,498.7108,506.0298,6855723.0
META,1003,OneDay,2024-04-04T00:00:00Z,516.6539,529.0952,509.8441,510.1636,16053460.0
META,1003,OneDay,2024-04-05T00:00:00Z,515.7951,529.8141,513.5685,526.6888,11513026.0
META,1003,OneDay,2024-04-08T00:00:00Z,527.2579,530.563,518.1117,518.5011,7633059.0
META,1003,OneDay,2024-04-09T00:00:00Z,521.3069,524.7617,505.94,516.1446,6413554.0
META,1003,OneDay,2024-04-10T00:00:00Z,507.7273,521.6264,505.0413,519.1202,6602132.0
META,1003,OneDay,2024-04-11T00:00:00Z,520.8276,522.9843,516.4841,522.1855,5624956.0
META,1003,OneDay,2024-04-12T00:00:00Z,516.8036,519.22,508.5261,511.0523,5616586.0
META,1003,OneDay,2024-04-15T00:00:00Z,514.8466,517.6424,496.5541,499.3499,6559068.0
META,1003,OneDay,2024-04-16T00:00:00Z,498.2914,503.8131,496.8336,499.2899,5092946.0
META,1003,OneDay,2024-04-17T00:00:00Z,500.7478,500.8776,486.4093,493.6185,7180492.0
META,1003,OneDay,2024-04-18T00:00:00Z,500.1087,511.2819,498.3014,501.0573,8644948.0
META,1003,OneDay,2024-04-19T00:00:00Z,498.581,499.6494,475.0563,479.979,11880992.0
META,1003,OneDay,2024-04-22T00:00:00Z,489.235,490.9924,472.9495,480.8876,10209438.0
META,1003,OneDay,2024-04-23T00:00:00Z,489.3349,497.8321,488.1667,495.3459,9021668.0
META,1003,OneDay,2024-04-24T00:00:00Z,507.7073,508.5361,483.8731,492.8896,14890641.0
META,1003,OneDay,2024-04-26T00:00:00Z,441.4269,445.6505,431.352,442.645,19806588.0
META,1003,OneDay,2024-04-29T00:00:00Z,437.9621,438.2117,427.9371,431.7015,12857989.0
META,1003,OneDay,2024-04-30T00:00:00Z,430.9826,438.8408,429.0754,429.5647,10063852.0
META,1003,OneDay,2024-05-01T00:00:00Z,426.5193,449.0654,426.5193,438.681,12440000.0
META,1003,OneDay,2024-05-02T00:00:00Z,437.4928,443.1443,431.6116,441.1473,8772013.0
META,1003,OneDay,2024-05-03T00:00:00Z,445.0215,453.3689,443.334,451.302,9802596.0
META,1003,OneDay,2024-05-06T00:00:00Z,454.9865,465.3709,452.5801,464.9715,8613784.0
META,1003,OneDay,2024-05-07T00:00:00Z,465.5307,470.7029,460.7179,467.6874,8154403.0
META,1003,OneDay,2024-05-08T00:00:00Z,462.9046,474.8267,462.9046,471.7613,6953654.0
META,1003,OneDay,2024-05-09T00:00:00Z,470.0938,475.286,466.8986,474.627,5720984.0
META,1003,OneDay,2024-05-13T00:00:00Z,470.5731,472.4003,462.1557,467.3379,7915449.0
META,1003,OneDay,2024-05-14T00:00:00Z,461.6665,471.7513,459.33,470.9925,5957603.0
META,1003,OneDay,2024-05-15T00:00:00Z,473.5386,481.6864,470.4932,480.8377,6654646.0
META,1003,OneDay,2024-05-16T00:00:00Z,472.1707,476.8536,472.0509,472.3005,8788249.0
META,1003,OneDay,2024-05-20T00:00:00Z,469.0554,472.3604,466.3794,468.0868,6295436.0
META,1003,OneDay,2024-05-21T00:00:00Z,466.649,469.7643,461.5966,464.003,6795136.0
META,1003,OneDay,2024-05-22T00:00:00Z,466.5891,472.9395,464.9216,466.7788,5624272.0
META,1003,OneDay,2024-05-23T00:00:00Z,472.3504,473.5586,460.8377,465.1612,6793767.0
META,1003,OneDay,2024-05-28T00:00:00Z,475.8352,480.0089,474.1277,479.5496,5614447.0
META,1003,OneDay,2024-05-29T00:00:00Z,475.0663,479.0503,472.9895,473.6085,4523933.0
META,1003,OneDay,2024-05-30T00:00:00Z,470.4033,470.6829,464.0629,466.4093,5872097.0
META,1003,OneDay,2024-05-31T00:00:00Z,465.3409,468.2765,453.8183,465.8102,7063639.0
META,1003,OneDay,2024-06-03T00:00:00Z,469.1552,478.8107,467.5776,476.7638,6259344.0
META,1003,OneDay,2024-06-04T00:00:00Z,476.1847,478.1417,472.5102,476.2346,4669201.0
META,1003,OneDay,2024-06-05T00:00:00Z,483.1841,495.8251,483.1841,494.1477,9107511.0
META,1003,OneDay,2024-06-06T00:00:00Z,492.6998,501.8461,490.0838,492.8796,6295279.0
META,1003,OneDay,2024-06-07T00:00:00Z,493.6584,498.0917,489.4447,491.961,4457536.0
META,1003,OneDay,2024-06-10T00:00:00Z,492.6998,501.7562,492.6,501.6564,4869688.0
META,1003,OneDay,2024-06-11T00:00:00Z,499.4297,506.6489,497.5526,506.5191,4979132.0
META,1003,OneDay,2024-06-12T00:00:00Z,511.7013,511.7013,503.5436,507.877,7235225.0
META,1003,OneDay,2024-06-13T00:00:00Z,504.7617,508.4861,500.608,503.244,5053868.0
META,1003,OneDay,2024-06-14T00:00:00Z,500.9874,506.1996,500.0488,503.3838,4945202.0
META,1003,OneDay,2024-06-17T00:00:00Z,500.7178,509.914,495.256,505.5905,5712130.0
META,1003,OneDay,2024-06-18T00:00:00Z,502.7647,505.1711,494.2675,498.7707,7574312.0
META,1003,OneDay,2024-06-20T00:00:00Z,500.1287,502.8646,496.0248,501.1072,5096531.0
META,1003,OneDay,2024-06-21T00:00:00Z,500.568,501.4667,491.6914,494.0179,7498611.0
META,1003,OneDay,2024-06-24T00:00:00Z,499.6993,506.8985,493.5086,498.1916,7812727.0
META,1003,OneDay,2024-06-25T00:00:00Z,496.2745,509.894,495.5655,509.5945,6296597.0
META,1003,OneDay,2024-06-26T00:00:00Z,505.7702,512.8596,504.1127,512.55,4555218.0
META,1003,OneDay,2024-06-27T00:00:00Z,515.1262,521.9858,514.4871,518.3114,5178371.0
META,1003,OneDay,2024-06-28T00:00:00Z,517.1431,521.0373,503.4038,503.4038,6635685.0
META,1003,OneDay,2024-07-01T00:00:00Z,504.0528,505.3708,492.4103,503.913,5895530.0
META,1003,OneDay,2024-07-02T00:00:00Z,500.2285,509.6943,498.6309,508.7457,3960593.0
META,1003,OneDay,2024-07-03T00:00:00Z,505.9599,510.4232,505.251,509.235,2898419.0
META,1003,OneDay,2024-07-05T00:00:00Z,511.6114,539.869,511.0323,539.2399,12245848.0
META,1003,OneDay,2024-07-08T00:00:00Z,541.187,541.187,525.85,527.9968,8198163.0
META,1003,OneDay,2024-07-09T00:00:00Z,531.9509,536.5739,527.4077,529.175,4932958.0
META,1003,OneDay,2024-07-10T00:00:00Z,529.8241,537.9519,527.5774,533.7182,5734452.0
META,1003,OneDay,2024-07-11T00:00:00Z,530.1037,534.4371,507.5975,511.931,9478637.0
META,1003,OneDay,2024-07-12T00:00:00Z,497.8321,507.1382,493.4986,497.3329,11226147.0
META,1003,OneDay,2024-07-15T00:00:00Z,495.0363,505.6304,492.62,494.607,6507515.0
META,1003,OneDay,2024-07-16T00:00:00Z,498.0019,503.0543,485.1013,488.9255,8259088.0
META,1003,OneDay,2024-07-17T00:00:00Z,475.945,476.2945,458.4213,461.4668,15856796.0
META,1003,OneDay,2024-07-18T00:00:00Z,473.8282,478.4612,463.8432,475.5456,11063920.0
META,1003,OneDay,2024-07-19T00:00:00Z,475.8851,485.91,474.9964,476.2246,7980551.0
META,1003,OneDay,2024-07-22T00:00:00Z,486.7488,491.272,483.1542,486.5191,6711202.0
META,1003,OneDay,2024-07-23T00:00:00Z,489.7543,494.4272,487.0184,487.7772,6081266.0
META,1003,OneDay,2024-07-24T00:00:00Z,471.8012,475.5856,459.8791,460.8477,8905245.0
META,1003,OneDay,2024-07-25T00:00:00Z,461.946,462.7149,441.986,453.2791,10439880.0
META,1003,OneDay,2024-07-26T00:00:00Z,465.1512,468.9855,458.8307,464.9915,7411346.0
META,1003,OneDay,2024-07-29T00:00:00Z,470.0339,473.1592,464.3025,465.0813,6067021.0
META,1003,OneDay,2024-07-30T00:00:00Z,465.4508,471.8412,456.0249,462.5751,5606164.0
META,1003,OneDay,2024-07-31T00:00:00Z,468.4962,475.5656,466.1098,473.5985,9000899.0
META,1003,OneDay,2024-08-01T00:00:00Z,518.5211,526.2195,491.3619,496.9535,26148651.0
META,1003,OneDay,2024-08-02T00:00:00Z,488.1367,500.1986,475.5057,487.2181,13610969.0
META,1003,OneDay,2024-08-05T00:00:00Z,453.8083,482.5351,451.6315,474.8267,11718031.0
META,1003,OneDay,2024-08-06T00:00:00Z,478.4912,501.7063,478.2915,493.6384,11743958.0
META,1003,OneDay,2024-08-07T00:00:00Z,502.7547,509.3049,486.1896,487.3279,11920135.0
META,1003,OneDay,2024-08-08T00:00:00Z,495.6155,509.0653,493.9779,509.0653,8586137.0
META,1003,OneDay,2024-08-09T00:00:00Z,506.599,517.5026,504.9215,517.1331,7423504.0
META,1003,OneDay,2024-08-12T00:00:00Z,516.4342,517.0932,508.3364,515.236,5167444.0
META,1003,OneDay,2024-08-13T00:00:00Z,518.4412,530.6029,517.5226,527.6873,7904991.0
META,1003,OneDay,2024-08-14T00:00:00Z,527.5974,532.9693,522.3253,525.9798,5880949.0
META,1003,OneDay,2024-08-15T00:00:00Z,529.2649,538.8106,525.91,536.3942,6748135.0
META,1003,OneDay,2024-08-16T00:00:00Z,530.8525,532.52,524.0128,526.539,7341010.0
META,1003,OneDay,2024-08-19T00:00:00Z,525.4606,530.6828,521.9759,528.3263,5483725.0
META,1003,OneDay,2024-08-20T00:00:00Z,526.3493,530.1136,525.1012,525.7502,4134254.0
META,1003,OneDay,2024-08-21T00:00:00Z,526.7687,538.4711,526.2395,534.3573,7814381.0
META,1003,OneDay,2024-08-22T00:00:00Z,535.2959,543.2239,527.887,530.6428,7782717.0
META,1003,OneDay,2024-08-23T00:00:00Z,535.3458,538.8505,524.2724,527.218,5708943.0
META,1003,OneDay,2024-08-26T00:00:00Z,525.0812,526.2494,514.0977,520.1486,4968932.0
META,1003,OneDay,2024-08-27T00:00:00Z,517.3828,523.0842,514.5271,518.1915,3264541.0
META,1003,OneDay,2024-08-28T00:00:00Z,516.4841,520.2185,511.6813,515.6554,4597949.0
META,1003,OneDay,2024-08-29T00:00:00Z,517.4427,526.1196,514.9464,517.3628,4675760.0
META,1003,OneDay,2024-08-30T00:00:00Z,520.7078,522.535,514.4372,521.0872,4190275.0
META,1003,OneDay,2024-09-03T00:00:00Z,519.6394,524.552,507.917,510.7427,6247039.0
META,1003,OneDay,2024-09-04T00:00:00Z,505.2909,515.6853,503.3339,512.3204,3891747.0
META,1003,OneDay,2024-09-05T00:00:00Z,511.4617,520.6878,511.4617,515.2659,4453532.0
META,1003,OneDay,2024-09-06T00:00:00Z,520.2984,523.4636,497.4527,499.4896,6834523.0
META,1003,OneDay,2024-09-09T00:00:00Z,505.0613,510.4831,501.277,504.0228,4019564.0
META,1003,OneDay,2024-09-10T00:00:00Z,507.5176,513.1192,499.25,504.3124,4415143.0
META,1003,OneDay,2024-09-11T00:00:00Z,506.0598,512.1406,494.8566,512.1406,5220130.0
META,1003,OneDay,2024-09-12T00:00:00Z,515.4257,525.85,514.4072,524.3523,6317157.0
META,1003,OneDay,2024-09-13T00:00:00Z,518.9504,526.6888,516.2644,523.5535,4785097.0
META,1003,OneDay,2024-09-16T00:00:00Z,522.555,533.219,516.7238,532.3503,5261861.0
META,1003,OneDay,2024-09-17T00:00:00Z,537.0632,541.197,529.7442,535.0562,5720817.0
META,1003,OneDay,2024-09-18T00:00:00Z,536.2045,543.2739,533.1191,536.7836,5344496.0
META,1003,OneDay,2024-09-19T00:00:00Z,548.4062,561.157,545.7102,558.1915,7849234.0
META,1003,OneDay,2024-09-20T00:00:00Z,559.0701,563.6033,555.5055,560.5978,6405825.0
META,1003,OneDay,2024-09-23T00:00:00Z,567.9069,572.9693,561.5564,563.4536,5821003.0
META,1003,OneDay,2024-09-24T00:00:00Z,565.9198,566.2194,553.4086,562.2454,5587416.0
META,1003,OneDay,2024-09-25T00:00:00Z,562.9543,575.825,562.8545,567.4476,9242402.0
META,1003,OneDay,2024-09-26T00:00:00Z,573.9378,576.4241,561.5065,567.3976,7051498.0
META,1003,OneDay,2024-09-27T00:00:00Z,569.4845,569.6043,563.6932,566.2494,4017976.0
META,1003,OneDay,2024-09-30T00:00:00Z,565.9598,573.7381,563.9628,572.3302,4921498.0
META,1003,OneDay,2024-10-01T00:00:00Z,579.1999,582.0356,569.1849,575.2658,8336429.0
META,1003,OneDay,2024-10-02T00:00:00Z,573.6682,574.9363,568.6957,571.6413,3589881.0
META,1003,OneDay,2024-10-03T00:00:00Z,568.506,582.3951,567.8969,581.7261,6533958.0
META,1003,OneDay,2024-10-04T00:00:00Z,583.3736,595.9148,580.5279,595.106,7252423.0
META,1003,OneDay,2024-10-07T00:00:00Z,599.9787,601.8758,583.1639,583.4934,6047531.0
META,1003,OneDay,2024-10-08T00:00:00Z,588.5558,592.5698,585.091,591.6811,3963749.0
META,1003,OneDay,2024-10-09T00:00:00Z,591.8209,591.8209,580.7675,589.6742,5655763.0
META,1003,OneDay,2024-10-10T00:00:00Z,585.82,589.115,581.6462,582.7745,4082555.0
META,1003,OneDay,2024-10-14T00:00:00Z,592.6796,598.9702,589.095,589.3347,4421656.0
META,1003,OneDay,2024-10-15T00:00:00Z,588.4161,588.9852,579.2798,584.8514,4919669.0
META,1003,OneDay,2024-10-16T00:00:00Z,580.2383,580.7076,573.1789,575.785,6289366.0
META,1003,OneDay,2024-10-17T00:00:00Z,582.1255,583.9727,574.2773,576.0746,6301642.0
META,1003,OneDay,2024-10-21T00:00:00Z,575.4356,575.9348,568.2563,574.1275,4275248.0
META,1003,OneDay,2024-10-22T00:00:00Z,572.49,582.5848,571.2019,581.0871,4318115.0
META,1003,OneDay,2024-10-23T00:00:00Z,578.9303,583.6732,561.5963,563.1041,6883275.0
META,1003,OneDay,2024-10-24T00:00:00Z,566.0097,567.847,560.6677,566.9683,3585142.0
META,1003,OneDay,2024-10-28T00:00:00Z,580.3781,582.6247,573.2588,577.0431,4661067.0
META,1003,OneDay,2024-10-29T00:00:00Z,579.0301,592.6796,574.4769,591.9607,6831589.0
META,1003,OneDay,2024-10-30T00:00:00Z,597.5223,599.5792,588.4859,591.112,13033031.0
META,1003,OneDay,2024-10-31T00:00:00Z,582.7645,588.8454,562.1555,567.8169,14777617.0
META,1003,OneDay,2024-11-01T00:00:00Z,568.1664,572.6996,561.6762,566.0696,8115449.0
META,1003,OneDay,2024-11-04T00:00:00Z,564.5718,567.7071,557.2628,559.8289,6967255.0
META,1003,OneDay,2024-11-05T00:00:00Z,567.4275,572.3302,565.81,571.5713,4934545.0
META,1003,OneDay,2024-11-06T00:00:00Z,563.793,571.9907,554.3871,570.8124,10175069.0
META,1003,OneDay,2024-11-07T00:00:00Z,574.6167,593.7979,574.6167,590.6626,8120101.0
META,1003,OneDay,2024-11-08T00:00:00Z,589.6541,592.1105,583.6831,588.2562,4851389.0
META,1003,OneDay,2024-11-11T00:00:00Z,585.5303,585.5303,575.6552,582.3451,5571066.0
META,1003,OneDay,2024-11-12T00:00:00Z,585.1709,598.6207,579.5393,583.6731,9360940.0
META,1003,OneDay,2024-11-13T00:00:00Z,581.6761,584.6117,574.3072,579.3496,5327411.0
META,1003,OneDay,2024-11-14T00:00:00Z,576.2143,579.6492,572.1405,576.6637,4951244.0
META,1003,OneDay,2024-11-15T00:00:00Z,570.7825,570.7825,551.1819,552.8694,9009661.0
META,1003,OneDay,2024-11-18T00:00:00Z,555.166,558.9702,549.2548,553.3287,6978290.0
META,1003,OneDay,2024-11-19T00:00:00Z,549.7741,560.5079,549.7741,560.1984,4735759.0
META,1003,OneDay,2024-11-21T00:00:00Z,567.3676,568.466,548.2763,562.445,5996275.0
META,1003,OneDay,2024-11-22T00:00:00Z,560.9173,561.5763,553.7581,558.1714,4982453.0
META,1003,OneDay,2024-11-25T00:00:00Z,560.1984,571.4914,555.6253,564.1525,5477259.0
META,1003,OneDay,2024-11-26T00:00:00Z,565.091,576.5039,565.0611,572.5199,5466958.0
META,1003,OneDay,2024-11-27T00:00:00Z,572.7895,572.7895,563.2738,568.3761,3712833.0
META,1003,OneDay,2024-12-02T00:00:00Z,576.0146,593.5782,574.9562,591.9207,6554218.0
META,1003,OneDay,2024-12-03T00:00:00Z,591.8608,613.2187,590.6127,612.5997,8241695.0
META,1003,OneDay,2024-12-04T00:00:00Z,610.8823,616.6037,604.2023,612.5797,7157638.0
META,1003,OneDay,2024-12-05T00:00:00Z,616.2043,618.7704,606.0994,607.4973,3986453.0
META,1003,OneDay,2024-12-06T00:00:00Z,608.4859,628.7354,607.5872,622.7045,7444782.0
META,1003,OneDay,2024-12-09T00:00:00Z,621.4164,625.1109,605.3805,612.6496,5472826.0
META,1003,OneDay,2024-12-10T00:00:00Z,615.5452,624.5917,611.8808,618.2811,4675912.0
META,1003,OneDay,2024-12-11T00:00:00Z,621.676,637.3425,621.676,631.5812,5771120.0
META,1003,OneDay,2024-12-12T00:00:00Z,629.5941,635.5652,626.2392,629.714,3984491.0
META,1003,OneDay,2024-12-13T00:00:00Z,626.0295,629.9037,615.9646,619.1898,4130489.0
META,1003,OneDay,2024-12-16T00:00:00Z,627.6571,629.9137,617.682,622.7744,4924842.0
META,1003,OneDay,2024-12-17T00:00:00Z,626.8682,631.1218,615.6751,618.351,4834494.0
META,1003,OneDay,2024-12-18T00:00:00Z,619.0001,626.3191,595.745,595.7749,7188643.0
META,1003,OneDay,2024-12-19T00:00:00Z,609.4943,609.9836,594.1174,594.4469,5785389.0
META,1003,OneDay,2024-12-20T00:00:00Z,587.9267,602.1154,583.124,584.1025,8948820.0
META,1003,OneDay,2024-12-24T00:00:00Z,600.5378,606.6886,598.3411,606.419,2414712.0
META,1003,OneDay,2024-12-26T00:00:00Z,604.3421,604.9811,598.0515,602.1454,3557130.0
META,1003,OneDay,2024-12-27T00:00:00Z,599.1998,600.5078,588.9153,598.9003,4267519.0
META,1003,OneDay,2024-12-30T00:00:00Z,588.1564,595.9247,584.7016,590.2532,3794446.0
META,1003,OneDay,2024-12-31T00:00:00Z,590.3631,592.8993,582.9243,584.6616,3055624.0
META,1003,OneDay,2025-01-02T00:00:00Z,590.1534,603.9227,586.9981,598.3511,6011138.0
META,1003,OneDay,2025-01-03T00:00:00Z,602.9841,608.366,595.4854,603.9427,4972886.0
META,1003,OneDay,2025-01-06T00:00:00Z,610.9222,629.9536,604.6416,629.4444,7538786.0
META,1003,OneDay,2025-01-07T00:00:00Z,629.3944,630.0734,607.3176,616.9232,6624351.0
META,1003,OneDay,2025-01-08T00:00:00Z,611.5812,615.1259,602.415,609.7539,5252907.0
META,1003,OneDay,2025-01-10T00:00:00Z,608.8453,628.8652,596.4539,614.6566,11042852.0
META,1003,OneDay,2025-01-13T00:00:00Z,606.6087,607.7869,597.5822,607.2277,5958316.0
META,1003,OneDay,2025-01-14T00:00:00Z,602.9142,603.7829,587.6372,592.7894,7672232.0
META,1003,OneDay,2025-01-15T00:00:00Z,609.9237,621.3965,605.72,616.3341,6959886.0
META,1003,OneDay,2025-01-16T00:00:00Z,611.5812,615.0959,608.8353,610.2332,4333268.0
META,1003,OneDay,2025-01-17T00:00:00Z,622.4249,622.4249,602.7844,611.6811,7341299.0
META,1003,OneDay,2025-01-21T00:00:00Z,616.1643,620.0585,608.1963,615.3256,5237658.0
META,1003,OneDay,2025-01-22T00:00:00Z,619.3395,632.5098,619.3395,622.2652,5971539.0
META,1003,OneDay,2025-01-23T00:00:00Z,626.4089,635.4054,620.1983,635.2756,5142741.0
META,1003,OneDay,2025-01-24T00:00:00Z,634.6166,651.002,633.5282,646.0494,10103057.0
META,1003,OneDay,2025-01-27T00:00:00Z,630.2631,662.4049,624.3121,658.8202,15774663.0
META,1003,OneDay,2025-01-28T00:00:00Z,667.7568,681.3464,658.4708,673.1587,12305784.0
META,1003,OneDay,2025-01-29T00:00:00Z,671.3314,679.9785,664.7513,676.4338,9941502.0
META,1003,OneDay,2025-01-30T00:00:00Z,696.1442,709.4242,675.2456,685.7598,17941106.0
META,1003,OneDay,2025-01-31T00:00:00Z,692.0503,704.0223,684.5216,688.8052,11351828.0
META,1003,OneDay,2025-02-03T00:00:00Z,676.7932,702.8441,676.7932,696.0543,12237204.0
META,1003,OneDay,2025-02-04T00:00:00Z,700.3978,706.5286,690.5725,703.0438,8044260.0
META,1003,OneDay,2025-02-05T00:00:00Z,701.9455,716.913,698.0413,703.0538,9873672.0
META,1003,OneDay,2025-02-06T00:00:00Z,704.4117,717.6918,702.4447,710.872,7793593.0
META,1003,OneDay,2025-02-07T00:00:00Z,715.2854,723.7327,710.6823,713.7477,9174855.0
META,1003,OneDay,2025-02-10T00:00:00Z,715.6149,719.7986,710.263,716.0043,7134126.0
META,1003,OneDay,2025-02-11T00:00:00Z,711.0418,722.4447,708.9849,718.3508,6792074.0
META,1003,OneDay,2025-02-12T00:00:00Z,712.2899,725.9194,712.0603,724.1421,6459994.0
META,1003,OneDay,2025-02-13T00:00:00Z,719.549,727.4172,716.9529,727.4172,6669348.0
META,1003,OneDay,2025-02-14T00:00:00Z,724.5315,739.6688,724.5315,735.7047,8843448.0
META,1003,OneDay,2025-02-18T00:00:00Z,734.3068,734.3468,705.3803,715.1456,11963270.0
META,1003,OneDay,2025-02-19T00:00:00Z,703.9425,705.5001,694.2969,702.3149,10272304.0
META,1003,OneDay,2025-02-20T00:00:00Z,695.0957,704.3518,692.5596,693.6579,6251042.0
META,1003,OneDay,2025-02-21T00:00:00Z,695.8147,702.5945,681.3264,682.3349,7865308.0
META,1003,OneDay,2025-02-24T00:00:00Z,683.0039,685.6499,661.5461,667.0379,9318447.0
META,1003,OneDay,2025-02-25T00:00:00Z,663.9525,666.7583,640.8972,656.304,12488689.0
META,1003,OneDay,2025-02-26T00:00:00Z,658.8302,681.8157,657.8018,672.6295,8845103.0
META,1003,OneDay,2025-02-27T00:00:00Z,683.1437,687.2875,656.5936,656.8432,7163415.0
META,1003,OneDay,2025-02-28T00:00:00Z,656.7533,668.1362,641.5961,667.2875,7914429.0
META,1003,OneDay,2025-03-03T00:00:00Z,671.6609,679.6689,649.9236,653.8078,6001218.0
META,1003,OneDay,2025-03-04T00:00:00Z,642.5846,648.7054,622.6646,638.8303,12136859.0
META,1003,OneDay,2025-03-05T00:00:00Z,641.4563,658.3509,636.5737,655.3355,7366770.0
META,1003,OneDay,2025-03-06T00:00:00Z,645.3305,649.3744,623.1638,626.8483,7883622.0
META,1003,OneDay,2025-03-07T00:00:00Z,624.5118,633.0889,599.709,624.4619,12626828.0
META,1003,OneDay,2025-03-10T00:00:00Z,606.3191,608.9152,586.0895,596.7535,12642831.0
META,1003,OneDay,2025-03-11T00:00:00Z,594.0975,613.5482,594.0975,604.8913,9701176.0
META,1003,OneDay,2025-03-12T00:00:00Z,624.7814,632.0505,608.3361,618.8703,9173109.0
META,1003,OneDay,2025-03-13T00:00:00Z,617.3825,618.1513,585.6302,589.6042,10377304.0
META,1003,OneDay,2025-03-14T00:00:00Z,601.8159,607.8368,593.9078,606.7085,6962087.0
META,1003,OneDay,2025-03-17T00:00:00Z,606.6087,611.721,597.1329,603.8628,9089119.0
META,1003,OneDay,2025-03-18T00:00:00Z,597.3326,597.3326,573.798,581.4964,11919798.0
META,1003,OneDay,2025-03-19T00:00:00Z,582.9842,591.2118,573.9477,582.9542,10207751.0
META,1003,OneDay,2025-03-20T00:00:00Z,580.1484,608.9651,578.7106,584.4819,13988256.0
META,1003,OneDay,2025-03-21T00:00:00Z,581.0571,596.5638,579.9587,595.2957,10241386.0
META,1003,OneDay,2025-03-24T00:00:00Z,612.6796,621.3665,611.3815,617.6121,8762608.0
META,1003,OneDay,2025-03-25T00:00:00Z,626.9581,632.8493,620.2781,625.2107,8080130.0
META,1003,OneDay,2025-03-26T00:00:00Z,624.4119,625.4104,605.72,609.8738,7483402.0
META,1003,OneDay,2025-03-27T00:00:00Z,601.5463,613.1688,599.2198,601.3965,5889609.0
META,1003,OneDay,2025-03-31T00:00:00Z,562.7346,577.7021,552.45,574.5668,10056375.0
META,1003,OneDay,2025-04-01T00:00:00Z,572.1005,588.9053,571.0321,585.091,7948927.0
META,1003,OneDay,2025-04-02T00:00:00Z,573.8778,591.6112,572.3901,583.3935,7640274.0
META,1003,OneDay,2025-04-03T00:00:00Z,545.3307,551.6313,529.5045,530.4032,20150234.0
META,1003,OneDay,2025-04-04T00:00:00Z,502.6149,516.8934,493.6184,503.6833,20707706.0
META,1003,OneDay,2025-04-07T00:00:00Z,483.2939,537.5724,481.267,515.9049,21232064.0
META,1003,OneDay,2025-04-08T00:00:00Z,539.799,546.3692,502.0657,509.5744,14905748.0
META,1003,OneDay,2025-04-10T00:00:00Z,574.7665,579.7091,534.497,545.4705,15817816.0
META,1003,OneDay,2025-04-11T00:00:00Z,534.6168,546.2593,528.2065,542.3852,9892072.0
META,1003,OneDay,2025-04-14T00:00:00Z,555.9648,556.3741,527.4176,530.3033,8013066.0
META,1003,OneDay,2025-04-15T00:00:00Z,529.9538,536.8535,516.7237,520.6478,9182006.0
META,1003,OneDay,2025-04-16T00:00:00Z,507.7172,512.4302,494.9065,501.6064,11120582.0
META,1003,OneDay,2025-04-17T00:00:00Z,503.7232,506.4292,497.2829,500.8276,8779708.0
META,1003,OneDay,2025-04-21T00:00:00Z,489.8141,492.6399,479.1402,483.6634,8977679.0
META,1003,OneDay,2025-04-22T00:00:00Z,492.3004,506.0298,485.6404,499.2899,9882334.0
META,1003,OneDay,2025-04-23T00:00:00Z,527.8071,534.2873,515.7052,519.3597,8995740.0
META,1003,OneDay,2025-04-24T00:00:00Z,517.2729,532.8694,516.8435,532.2104,6794928.0
META,1003,OneDay,2025-04-25T00:00:00Z,542.9243,548.8954,535.3957,546.3292,8929173.0
META,1003,OneDay,2025-04-28T00:00:00Z,555.0361,557.2229,539.7691,548.7256,9196386.0
META,1003,OneDay,2025-04-29T00:00:00Z,543.9628,555.6652,543.4835,553.5384,6942044.0
META,1003,OneDay,2025-04-30T00:00:00Z,536.0946,548.0566,528.8655,547.3377,11664539.0
META,1003,OneDay,2025-05-01T00:00:00Z,587.6472,591.2817,569.8739,570.8424,18503920.0
META,1003,OneDay,2025-05-02T00:00:00Z,583.6631,603.2737,577.4325,596.2742,14259886.0
META,1003,OneDay,2025-05-05T00:00:00Z,589.8638,602.2153,587.1479,597.9018,7178241.0
META,1003,OneDay,2025-05-06T00:00:00Z,591.072,594.8963,585.7201,586.2792,5784964.0
META,1003,OneDay,2025-05-07T00:00:00Z,588.6756,601.9756,585.78,596.0346,7502650.0
META,1003,OneDay,2025-05-08T00:00:00Z,605.3206,610.1833,595.6352,596.5837,8004957.0
META,1003,OneDay,2025-05-09T00:00:00Z,602.0955,605.9497,590.8024,591.6511,5872311.0
META,1003,OneDay,2025-05-12T00:00:00Z,631.7609,639.3595,620.0884,638.6705,11515841.0
META,1003,OneDay,2025-05-13T00:00:00Z,643.7928,659.7788,641.8258,655.655,9847643.0
META,1003,OneDay,2025-05-14T00:00:00Z,660.1383,661.5362,653.3285,658.0714,6318058.0
META,1003,OneDay,2025-05-15T00:00:00Z,651.8208,656.2042,637.8418,641.8657,7629696.0
META,1003,OneDay,2025-05-16T00:00:00Z,632.35,639.3994,625.2007,639.3095,9191527.0
META,1003,OneDay,2025-05-19T00:00:00Z,627.1878,641.8857,627.1878,639.8088,5068329.0
META,1003,OneDay,2025-05-20T00:00:00Z,634.8862,638.351,631.3016,636.1443,3698065.0
META,1003,OneDay,2025-05-21T00:00:00Z,631.711,645.5102,629.1748,634.0874,5544328.0
META,1003,OneDay,2025-05-22T00:00:00Z,632.9491,642.1553,629.684,635.5552,4467030.0
META,1003,OneDay,2025-05-23T00:00:00Z,623.054,631.4514,621.7759,625.7699,4460893.0
META,1003,OneDay,2025-05-27T00:00:00Z,635.3155,641.9855,631.7509,640.977,4920893.0
META,1003,OneDay,2025-05-28T00:00:00Z,645.8897,649.8038,641.6361,642.6945,4229885.0
META,1003,OneDay,2025-05-29T00:00:00Z,650.7024,652.1003,638.4908,643.9326,4610219.0
META,1003,OneDay,2025-05-30T00:00:00Z,641.4863,648.336,631.8508,646.5786,6128561.0
META,1003,OneDay,2025-06-02T00:00:00Z,644.8113,672.0803,644.7614,670.0833,8971020.0
META,1003,OneDay,2025-06-03T00:00:00Z,673.4283,674.1672,664.0324,666.2191,5742656.0
META,1003,OneDay,2025-06-04T00:00:00Z,667.9166,686.7882,667.5871,686.4088,7558783.0
META,1003,OneDay,2025-06-05T00:00:00Z,688.1062,693.0788,681.2366,683.1237,6147450.0
META,1003,OneDay,2025-06-06T00:00:00Z,694.0273,701.4662,690.7223,696.7133,5840697.0
META,1003,OneDay,2025-06-09T00:00:00Z,699.6888,703.9325,693.578,693.6879,4955163.0
META,1003,OneDay,2025-06-10T00:00:00Z,698.95,701.8456,690.6025,701.3264,5050703.0
META,1003,OneDay,2025-06-11T00:00:00Z,704.9809,706.9979,690.952,693.1387,5034852.0
META,1003,OneDay,2025-06-12T00:00:00Z,691.5611,694.2071,685.9994,692.2201,3861495.0
META,1003,OneDay,2025-06-13T00:00:00Z,686.0194,693.3384,679.9984,681.5561,5005957.0
META,1003,OneDay,2025-06-16T00:00:00Z,698.95,705.8696,692.5096,700.7073,7191376.0
META,1003,OneDay,2025-06-17T00:00:00Z,702.5645,704.7013,695.7348,695.8846,4573735.0
META,1003,OneDay,2025-06-18T00:00:00Z,696.4837,700.4377,693.8876,694.3768,4030067.0
META,1003,OneDay,2025-06-20T00:00:00Z,698.0014,700.4577,677.8816,681.5761,7406408.0
META,1003,OneDay,2025-06-23T00:00:00Z,681.9854,697.9215,677.7318,697.2725,5427443.0
META,1003,OneDay,2025-06-24T00:00:00Z,703.4432,712.0303,701.1966,711.3713,6809004.0
META,1003,OneDay,2025-06-25T00:00:00Z,713.538,715.4052,704.3518,707.6269,4830741.0
META,1003,OneDay,2025-06-26T00:00:00Z,713.6878,727.1077,709.9534,725.3104,6672508.0
META,1003,OneDay,2025-06-30T00:00:00Z,739.9284,746.6183,733.2285,737.9913,6709062.0
META,1003,OneDay,2025-07-01T00:00:00Z,734.9159,736.0942,714.247,717.9414,7678007.0
META,1003,OneDay,2025-07-02T00:00:00Z,713.9574,718.9699,711.7308,712.23,4789506.0
META,1003,OneDay,2025-07-07T00:00:00Z,716.9329,725.8196,712.3698,717.2225,4542500.0
META,1003,OneDay,2025-07-08T00:00:00Z,719.569,721.4162,713.7278,719.7088,3876221.0
META,1003,OneDay,2025-07-09T00:00:00Z,724.5116,736.2739,724.1221,731.551,6274419.0
META,1003,OneDay,2025-07-10T00:00:00Z,731.4312,734.187,718.4706,725.9594,5256916.0
META,1003,OneDay,2025-07-11T00:00:00Z,720.9469,723.9125,708.6554,716.2639,6040770.0
META,1003,OneDay,2025-07-14T00:00:00Z,716.0543,726.6384,716.0243,719.7587,4797689.0
META,1003,OneDay,2025-07-15T00:00:00Z,722.7841,722.7841,708.905,709.1746,5894329.0
META,1003,OneDay,2025-07-16T00:00:00Z,711.4412,712.1801,698.271,701.7258,6209712.0
META,1003,OneDay,2025-07-17T00:00:00Z,703.2934,703.9624,696.0044,700.0882,6128353.0
META,1003,OneDay,2025-07-18T00:00:00Z,699.3394,703.3533,690.6125,703.1636,6033658.0
META,1003,OneDay,2025-07-21T00:00:00Z,706.5386,715.7447,706.5386,712.0103,4716195.0
META,1003,OneDay,2025-07-22T00:00:00Z,714.4567,714.4567,700.2979,703.7328,4652452.0
META,1003,OneDay,2025-07-23T00:00:00Z,706.0593,713.4382,703.8626,712.2999,4331454.0
META,1003,OneDay,2025-07-24T00:00:00Z,718.5006,722.0952,712.9489,713.8675,5247333.0
META,1003,OneDay,2025-07-25T00:00:00Z,715.6549,719.4791,710.892,711.7108,4391389.0
META,1003,OneDay,2025-07-28T00:00:00Z,714.7063,723.3034,711.6409,716.5635,4790127.0
META,1003,OneDay,2025-07-29T00:00:00Z,718.4207,723.1037,698.8501,702.9639,8947670.0
META,1003,OneDay,2025-07-30T00:00:00Z,702.9639,770.842,690.1731,753.7277,15772110.0
META,1003,OneDay,2025-07-31T00:00:00Z,753.7277,783.2833,752.6693,770.7621,25722367.0
META,1003,OneDay,2025-08-01T00:00:00Z,770.7621,772.839,744.182,748.7651,11497539.0
META,1003,OneDay,2025-08-04T00:00:00Z,750.2629,776.833,749.8735,776.6333,11076046.0
META,1003,OneDay,2025-08-05T00:00:00Z,776.6333,781.6757,761.4361,761.4361,8198647.0
META,1003,OneDay,2025-08-06T00:00:00Z,761.4361,772.3497,759.3592,768.3956,6780736.0
META,1003,OneDay,2025-08-07T00:00:00Z,768.3956,778.4006,758.5904,762.1151,6343264.0
META,1003,OneDay,2025-08-08T00:00:00Z,761.7756,768.4755,757.2723,767.9962,4030231.0
META,1003,OneDay,2025-08-11T00:00:00Z,767.8664,772.0701,763.4531,764.5514,5449471.0
META,1003,OneDay,2025-08-12T00:00:00Z,764.7511,792.3496,763.7326,789.1644,9661741.0
META,1003,OneDay,2025-08-13T00:00:00Z,789.1644,793.8274,777.0526,778.2408,6277553.0
META,1003,OneDay,2025-08-14T00:00:00Z,778.2408,786.4285,771.3112,779.8285,5601967.0
META,1003,OneDay,2025-08-15T00:00:00Z,779.8285,794.8259,779.2194,783.8724,5798247.0
META,1003,OneDay,2025-08-18T00:00:00Z,786.4186,788.8549,755.4251,765.5998,11368066.0
META,1003,OneDay,2025-08-19T00:00:00Z,765.9493,766.6483,748.3557,749.3143,8607326.0
META,1003,OneDay,2025-08-20T00:00:00Z,749.3742,749.5839,729.9035,744.4716,8228152.0
META,1003,OneDay,2025-08-21T00:00:00Z,743.8924,747.2474,732.0103,737.0927,6355451.0
META,1003,OneDay,2025-08-22T00:00:00Z,737.0927,755.6648,732.4896,753.7876,6441718.0
META,1003,OneDay,2025-08-25T00:00:00Z,754.0372,757.0627,748.9748,751.5709,4638659.0
META,1003,OneDay,2025-08-26T00:00:00Z,751.6208,753.508,746.7781,752.5794,6063328.0
META,1003,OneDay,2025-08-27T00:00:00Z,752.5794,753.0986,741.7656,745.0807,5933664.0
META,1003,OneDay,2025-08-28T00:00:00Z,745.1805,751.8505,739.7387,748.2259,5757195.0
META,1003,OneDay,2025-08-29T00:00:00Z,748.2259,749.2843,734.2369,737.3922,5103158.0
META,1003,OneDay,2025-09-02T00:00:00Z,736.1441,736.7132,720.7173,735.2954,6856434.0
META,1003,OneDay,2025-09-03T00:00:00Z,735.1955,740.6174,732.839,736.2939,5735387.0
META,1003,OneDay,2025-09-04T00:00:00Z,736.2939,759.3792,734.7362,747.4471,7968769.0
META,1003,OneDay,2025-09-05T00:00:00Z,747.4471,756.6732,743.8825,750.9518,5525581.0
META,1003,OneDay,2025-09-08T00:00:00Z,754.7661,765.2104,750.0931,750.5824,10603206.0
META,1003,OneDay,2025-09-09T00:00:00Z,750.5824,764.9907,750.5824,763.3732,7880892.0
META,1003,OneDay,2025-09-10T00:00:00Z,763.3732,766.1889,749.9034,751.3812,9451653.0
META,1003,OneDay,2025-09-11T00:00:00Z,751.3812,755.7346,747.4571,750.2229,6438347.0
META,1003,OneDay,2025-09-12T00:00:00Z,750.203,756.2139,742.6144,754.5464,4040062.0
META,1003,OneDay,2025-09-15T00:00:00Z,754.4666,772.5394,748.0762,763.2534,7258384.0
META,1003,OneDay,2025-09-16T00:00:00Z,763.2534,780.0082,762.6642,777.0227,8213620.0
META,1003,OneDay,2025-09-17T00:00:00Z,776.9328,781.6557,765.1605,773.1385,6746153.0
META,1003,OneDay,2025-09-18T00:00:00Z,773.1385,787.4171,772.14,778.83,7715580.0
META,1003,OneDay,2025-09-19T00:00:00Z,778.83,789.0446,768.0462,777.1425,9505232.0
META,1003,OneDay,2025-09-22T00:00:00Z,775.3352,784.1719,763.0736,764.851,8677363.0
META,1003,OneDay,2025-09-23T00:00:00Z,764.851,769.1944,749.9334,754.7162,7565670.0
META,1003,OneDay,2025-09-24T00:00:00Z,754.7162,760.2079,751.4311,759.9383,6855866.0
META,1003,OneDay,2025-09-25T00:00:00Z,759.9383,761.9853,743.523,747.2774,7987493.0
META,1003,OneDay,2025-09-26T00:00:00Z,747.2774,752.859,736.2639,742.4446,4913915.0
META,1003,OneDay,2025-09-29T00:00:00Z,744.3817,750.3727,738.0013,741.1865,6632905.0
META,1003,OneDay,2025-09-30T00:00:00Z,741.1865,744.182,725.2005,732.5295,11532429.0
META,1003,OneDay,2025-10-01T00:00:00Z,732.5295,733.5979,709.1546,716.8031,14342334.0
META,1003,OneDay,2025-10-02T00:00:00Z,716.7432,726.7083,715.9245,725.4801,8133399.0
META,1003,OneDay,2025-10-03T00:00:00Z,725.4801,730.4526,709.1247,709.3643,9296691.0
META,1003,OneDay,2025-10-06T00:00:00Z,710.9719,715.6648,689.5641,713.9973,14891554.0
META,1003,OneDay,2025-10-07T00:00:00Z,713.9275,718.221,704.6414,710.932,7889982.0
META,1003,OneDay,2025-10-08T00:00:00Z,710.932,718.4407,706.7482,716.224,7559782.0
META,1003,OneDay,2025-10-09T00:00:00Z,715.9245,732.3797,711.3114,731.9005,8736693.0
META,1003,OneDay,2025-10-10T00:00:00Z,731.9005,736.6234,703.563,704.1921,9548733.0
META,1003,OneDay,2025-10-13T00:00:00Z,714.926,719.4192,706.5685,713.4681,6863722.0
META,1003,OneDay,2025-10-14T00:00:00Z,713.578,718.86,698.251,707.6169,6664704.0
META,1003,OneDay,2025-10-15T00:00:00Z,707.6169,722.6044,706.4587,714.9459,7601126.0
META,1003,OneDay,2025-10-16T00:00:00Z,714.9459,724.1122,702.8341,709.9335,6436959.0
META,1003,OneDay,2025-10-17T00:00:00Z,709.9335,717.4222,696.0643,715.9444,5273702.0
META,1003,OneDay,2025-10-20T00:00:00Z,716.4237,732.5994,715.2954,730.203,6345264.0
META,1003,OneDay,2025-10-21T00:00:00Z,730.203,737.1426,727.6069,728.905,5545187.0
META,1003,OneDay,2025-10-22T00:00:00Z,728.905,739.3692,722.9439,730.7821,5946081.0
META,1003,OneDay,2025-10-23T00:00:00Z,730.7821,741.0467,729.1346,733.508,7171363.0
META,1003,OneDay,2025-10-24T00:00:00Z,733.4981,740.0981,730.0532,737.4421,5370136.0
META,1003,OneDay,2025-10-27T00:00:00Z,743.6328,754.4666,743.1635,750.6922,8062896.0
META,1003,OneDay,2025-10-28T00:00:00Z,750.6922,757.1226,744.4516,751.1715,8637266.0
META,1003,OneDay,2025-10-29T00:00:00Z,751.1715,757.0627,681.1767,686.0993,14894537.0
META,1003,OneDay,2025-10-30T00:00:00Z,686.0993,707.6369,649.1947,669.5042,61048040.0
META,1003,OneDay,2025-11-03T00:00:00Z,654.0574,658.1313,635.7649,638.0514,22348679.0
META,1003,OneDay,2025-11-04T00:00:00Z,638.0415,640.6376,624.4119,625.2607,22348679.0
META,1003,OneDay,2025-11-05T00:00:00Z,625.2307,641.0669,616.4339,636.7035,22348679.0
META,1003,OneDay,2025-11-06T00:00:00Z,636.6935,641.6361,616.8832,618.3211,2080212.0
META,1003,OneDay,2025-11-07T00:00:00Z,618.2013,621.4863,600.3481,620.8273,2322081.0
META,1003,OneDay,2025-11-10T00:00:00Z,624.7714,637.8917,622.5248,630.9321,13828044.0
META,1003,OneDay,2025-11-11T00:00:00Z,630.8123,632.7993,618.4309,625.5702,13828044.0
META,1003,OneDay,2025-11-12T00:00:00Z,625.5802,630.6026,606.8683,608.386,7964196.0
META,1003,OneDay,2025-11-13T00:00:00Z,608.386,616.5138,602.1054,607.088,7964196.0
META,1003,OneDay,2025-11-14T00:00:00Z,607.088,612.6895,594.3072,608.5358,7964196.0
META,1003,OneDay,2025-11-17T00:00:00Z,609.2347,613.059,594.5069,600.0685,12355706.0
META,1003,OneDay,2025-11-18T00:00:00Z,600.0685,602.6147,582.9043,594.6267,6621291.0
META,1003,OneDay,2025-11-19T00:00:00Z,594.397,599.8988,580.3781,592.44,6621291.0
META,1003,OneDay,2025-11-20T00:00:00Z,592.41,605.75,582.455,583.6232,6621291.0
META,1003,OneDay,2025-11-24T00:00:00Z,599.9187,615.6551,593.6282,613.3785,18176410.0
META,1003,OneDay,2025-11-25T00:00:00Z,613.3785,636.0445,609.085,634.2571,627406.0
META,1003,OneDay,2025-11-26T00:00:00Z,634.2571,640.977,629.5442,632.0904,627406.0
META,1003,OneDay,2025-11-27T00:00:00Z,632.0804,633.019,632.0804,632.7694,35180.0
META,1003,OneDay,2025-11-28T00:00:00Z,633.4484,647.028,633.1288,646.8682,6004511.0
META,1003,OneDay,2025-12-01T00:00:00Z,638.1912,644.1922,633.3086,640.1183,10149871.0
META,1003,OneDay,2025-12-02T00:00:00Z,640.1183,646.8283,637.0929,645.3305,10149871.0
META,1003,OneDay,2025-12-03T00:00:00Z,645.3305,647.8268,637.9316,639.2397,10149871.0
META,1003,OneDay,2025-12-04T00:00:00Z,639.2596,685.7498,636.9231,661.1268,12345724.0
META,1003,OneDay,2025-12-05T00:00:00Z,661.1268,673.5881,660.1882,672.4997,12345724.0
META,1003,OneDay,2025-12-08T00:00:00Z,672.5396,675.5351,664.6016,665.9995,10005679.0
META,1003,OneDay,2025-12-09T00:00:00Z,665.9995,667.1777,652.4498,655.3654,10005679.0
META,1003,OneDay,2025-12-10T00:00:00Z,655.3654,661.0369,642.4349,647.6271,2503488.0
META,1003,OneDay,2025-12-11T00:00:00Z,647.6271,654.1872,635.046,652.4199,2503488.0
META,1003,OneDay,2025-12-15T00:00:00Z,642.6645,651.8507,637.7419,646.0295,11054373.0
META,1003,OneDay,2025-12-16T00:00:00Z,646.0295,661.5062,638.0415,655.7748,11054373.0
META,1003,OneDay,2025-12-17T00:00:00Z,655.8447,660.1083,646.7484,649.2546,527710.0
META,1003,OneDay,2025-12-18T00:00:00Z,649.2546,669.3944,646.6286,663.004,2307907.0
META,1003,OneDay,2025-12-19T00:00:00Z,662.974,668.9151,657.8018,658.4708,2307907.0
META,1003,OneDay,2025-12-22T00:00:00Z,661.1068,672.3799,655.635,659.8088,11144088.0
META,1003,OneDay,2025-12-23T00:00:00Z,659.8088,664.941,657.013,663.4533,11144088.0
META,1003,OneDay,2025-12-24T00:00:00Z,663.653,667.1477,660.3479,666.7084,11144088.0
META,1003,OneDay,2025-12-26T00:00:00Z,666.0194,667.6769,660.308,662.1752,4575448.0
META,1003,OneDay,2025-12-29T00:00:00Z,661.8557,662.0055,653.3684,656.9031,6159300.0
META,1003,OneDay,2025-12-30T00:00:00Z,656.5836,671.1218,655.3754,664.7014,590249.0
META,1003,OneDay,2025-12-31T00:00:00Z,664.7014,665.8796,658.4508,659.1597,590249.0
META,1003,OneDay,2026-01-02T00:00:00Z,660.0684,665.0509,642.5147,649.3844,9061933.0
META,1003,OneDay,2026-01-05T00:00:00Z,650.323,663.4333,645.6301,658.0115,9037526.0
META,1003,OneDay,2026-01-06T00:00:00Z,658.0015,664.3919,650.9421,658.7104,9037526.0
META,1003,OneDay,2026-01-07T00:00:00Z,658.5107,659.4393,643.8427,647.5272,1354378.0
META,1003,OneDay,2026-01-08T00:00:00Z,647.5272,648.3859,634.7564,645.031,1354378.0
META,1003,OneDay,2026-01-09T00:00:00Z,645.031,653.8976,641.3864,652.0404,1354378.0
META,1003,OneDay,2026-01-12T00:00:00Z,647.6271,654.8262,640.318,641.5362,11409198.0
META,1003,OneDay,2026-01-13T00:00:00Z,641.5362,643.8328,623.1838,630.0535,2021606.0
META,1003,OneDay,2026-01-14T00:00:00Z,630.0535,630.2532,613.8977,615.076,2021606.0
META,1003,OneDay,2026-01-15T00:00:00Z,615.076,623.1738,613.2986,620.0185,2021606.0
META,1003,OneDay,2026-01-16T00:00:00Z,620.0185,627.9466,618.7504,619.2896,2021606.0
META,1003,OneDay,2026-01-20T00:00:00Z,606.6286,611.1119,599.1399,604.6416,11466886.0
META,1003,OneDay,2026-01-21T00:00:00Z,604.5917,617.1628,599.1698,613.8278,11466886.0
META,1003,OneDay,2026-01-22T00:00:00Z,613.8278,647.1677,613.8079,645.8298,3142033.0
META,1003,OneDay,2026-01-23T00:00:00Z,645.8298,665.3305,640.4478,657.7518,3142033.0
META,1003,OneDay,2026-01-26T00:00:00Z,653.7479,674.2271,652.4798,671.1118,12354891.0
META,1003,OneDay,2026-01-27T00:00:00Z,671.1118,675.8047,663.8028,672.989,12354891.0
META,1003,OneDay,2026-01-28T00:00:00Z,673.1387,739.4491,636.4339,724.7811,5339676.0
META,1003,OneDay,2026-01-29T00:00:00Z,724.7811,742.0852,708.935,733.5779,25038775.0
META,1003,OneDay,2026-01-30T00:00:00Z,733.5779,733.8775,712.5096,715.8645,25038775.0
META,1003,OneDay,2026-02-02T00:00:00Z,711.541,719.8386,691.9605,704.7413,10405698.0
META,1003,OneDay,2026-02-03T00:00:00Z,704.7413,713.538,685.3903,689.2745,10405698.0
META,1003,OneDay,2026-02-04T00:00:00Z,689.2745,692.3599,663.004,670.992,2874232.0
META,1003,OneDay,2026-02-05T00:00:00Z,670.992,680.1382,653.1687,655.5651,2874232.0
META,1003,OneDay,2026-02-09T00:00:00Z,664.0923,682.1252,655.5452,676.6235,10762119.0
META,1003,OneDay,2026-02-10T00:00:00Z,676.6235,678.95,668.7653,669.8537,10762119.0
META,1003,OneDay,2026-02-11T00:00:00Z,669.8537,677.7518,656.1942,667.4473,2451934.0
META,1003,OneDay,2026-02-12T00:00:00Z,667.4473,674.3469,644.312,649.5242,1328902.0
META,1003,OneDay,2026-02-13T00:00:00Z,649.5242,650.333,633.6181,638.6505,1328902.0
META,1003,OneDay,2026-02-17T00:00:00Z,638.2412,654.6066,627.8767,643.1238,9582564.0
META,1003,OneDay,2026-02-18T00:00:00Z,643.1238,646.4289,627.2676,641.5062,466542.0
META,1003,OneDay,2026-02-19T00:00:00Z,641.5062,645.9695,635.7948,643.034,466542.0
META,1003,OneDay,2026-02-20T00:00:00Z,643.034,662.2351,637.7519,654.5566,466542.0
META,1003,OneDay,2026-02-23T00:00:00Z,649.0,657.2,636.0,637.5,6002012.0
META,1003,OneDay,2026-02-24T00:00:00Z,637.5,641.3,628.98,638.5,1017414.0
META,1003,OneDay,2026-02-25T00:00:00Z,638.51,654.9,637.08,653.72,960649.0
META,1003,OneDay,2026-02-26T00:00:00Z,653.72,660.68,646.25,654.3,87511.0
META,1003,OneDay,2026-02-27T00:00:00Z,654.13,655.92,638.1,648.06,87511.0
META,1003,OneDay,2026-03-02T00:00:00Z,639.1,659.78,632.25,652.8,7357572.0
META,1003,OneDay,2026-03-03T00:00:00Z,651.6,658.93,636.82,653.0,2184077.0
META,1003,OneDay,2026-03-04T00:00:00Z,653.5,672.69,647.28,667.35,2184077.0
META,1003,OneDay,2026-03-05T00:00:00Z,667.52,670.44,650.29,658.8,2152752.0
META,1003,OneDay,2026-03-06T00:00:00Z,658.8,663.3,636.07,644.75,2152752.0
META,1003,OneDay,2026-03-09T00:00:00Z,631.25,648.49,626.26,646.4,10018027.0
META,1003,OneDay,2026-03-10T00:00:00Z,646.4,660.13,642.88,653.56,7157580.0
META,1003,OneDay,2026-03-11T00:00:00Z,653.56,658.84,648.35,652.85,6686471.0
META,1003,OneDay,2026-03-12T00:00:00Z,652.85,653.3,636.91,639.1,8462593.0
META,1003,OneDay,2026-03-13T00:00:00Z,639.1,639.8,609.72,613.56,11818801.0
META,1003,OneDay,2026-03-16T00:00:00Z,623.01,634.61,619.5,625.25,10015238.0
META,1003,OneDay,2026-03-17T00:00:00Z,625.2,636.36,621.3,623.0,7709327.0
META,1003,OneDay,2026-03-18T00:00:00Z,623.0,626.32,614.01,615.01,7840838.0
META,1003,OneDay,2026-03-19T00:00:00Z,615.0,617.9,602.26,607.0,9612946.0
META,1003,OneDay,2026-03-20T00:00:00Z,607.0,609.49,587.22,593.43,9892021.0
META,1003,OneDay,2026-03-23T00:00:00Z,589.5,608.54,583.03,604.51,9599125.0
META,1003,OneDay,2026-03-24T00:00:00Z,604.51,607.34,590.97,597.0,8133317.0
META,1003,OneDay,2026-03-25T00:00:00Z,597.0,603.51,593.6,595.4,8802126.0
META,1003,OneDay,2026-03-26T00:00:00Z,595.4,595.4,543.4,548.2,25698484.0
META,1003,OneDay,2026-03-27T00:00:00Z,548.26,553.18,520.25,525.75,17709044.0
META,1003,OneDay,2026-03-30T00:00:00Z,518.94,539.5,518.94,535.66,16517120.0
META,1003,OneDay,2026-03-31T00:00:00Z,535.66,573.88,532.17,572.6,23789810.0
META,1003,OneDay,2026-04-01T00:00:00Z,572.6,592.39,571.28,579.05,15732716.0
META,1003,OneDay,2026-04-02T00:00:00Z,579.05,582.5,559.75,574.45,9726465.0
META,1003,OneDay,2026-04-03T00:00:00Z,574.45,574.91,574.0,574.2,239613.0
META,1003,OneDay,2026-04-06T00:00:00Z,573.16,582.9,572.0,573.53,7120316.0
META,1003,OneDay,2026-04-07T00:00:00Z,573.75,575.97,564.76,574.71,6762464.0
META,1003,OneDay,2026-04-08T00:00:00Z,574.73,629.75,574.5,610.87,22474571.0
META,1003,OneDay,2026-04-09T00:00:00Z,611.29,637.4,610.8,629.0,13958738.0
META,1003,OneDay,2026-04-10T00:00:00Z,629.0,638.36,624.32,629.67,7453107.0
META,1003,OneDay,2026-04-13T00:00:00Z,618.84,635.3,618.65,635.18,6815619.0
META,1003,OneDay,2026-04-14T00:00:00Z,635.18,666.21,634.85,661.21,13360158.0
META,1003,OneDay,2026-04-15T00:00:00Z,661.21,678.45,659.48,672.4,11129803.0
META,1003,OneDay,2026-04-16T00:00:00Z,672.35,677.65,667.65,676.0,7079410.0
META,1003,OneDay,2026-04-17T00:00:00Z,676.0,691.3,675.13,688.54,7852722.0
META,1003,OneDay,2026-04-20T00:00:00Z,677.8,684.54,668.08,670.05,9126333.0
META,1003,OneDay,2026-04-21T00:00:00Z,670.4,676.24,667.33,671.13,6350322.0
META,1003,OneDay,2026-04-22T00:00:00Z,671.13,678.3,669.64,672.66,6557241.0
META,1003,OneDay,2026-04-23T00:00:00Z,672.66,673.19,653.1,656.3,8555828.0
META,1003,OneDay,2026-04-24T00:00:00Z,656.5,680.56,654.0,674.96,7282628.0
META,1003,OneDay,2026-04-27T00:00:00Z,677.0,682.35,670.0,677.45,9669331.0
META,1003,OneDay,2026-04-28T00:00:00Z,677.45,682.03,665.56,670.11,7859385.0
META,1003,OneDay,2026-04-29T00:00:00Z,670.11,674.4,621.12,625.0,11660670.0
META,1003,OneDay,2026-04-30T00:00:00Z,625.0,633.15,600.0,614.0,36639389.0
META,1003,OneDay,2026-05-01T00:00:00Z,614.3,617.41,606.06,608.97,12691100.0
META,1003,OneDay,2026-05-04T00:00:00Z,609.33,613.92,602.75,609.92,11585725.0
META,1003,OneDay,2026-05-05T00:00:00Z,609.92,614.97,600.36,603.68,12009197.0
META,1003,OneDay,2026-05-06T00:00:00Z,603.61,619.78,598.22,612.0,14441099.0
META,1003,OneDay,2026-05-07T00:00:00Z,612.0,624.82,610.85,616.26,8900104.0
META,1003,OneDay,2026-05-08T00:00:00Z,616.26,619.75,606.06,609.51,7505504.0
META,1003,OneDay,2026-05-11T00:00:00Z,608.5,609.41,598.05,599.1,11589861.0
META,1003,OneDay,2026-05-12T00:00:00Z,599.1,603.6,592.6,602.26,8461081.0
META,1003,OneDay,2026-05-13T00:00:00Z,602.3,619.77,596.66,614.91,10664799.0
META,1003,OneDay,2026-05-14T00:00:00Z,614.91,623.65,612.64,617.0,7789639.0
META,1003,OneDay,2026-05-15T00:00:00Z,617.0,621.07,606.0,614.58,5964105.0
META,1003,OneDay,2026-05-18T00:00:00Z,611.25,615.48,604.11,610.7,9497298.0
META,1003,OneDay,2026-05-19T00:00:00Z,610.7,613.6,600.51,602.4,8679823.0
META,1003,OneDay,2026-05-20T00:00:00Z,602.4,607.82,597.81,604.51,8567939.0
META,1003,OneDay,2026-05-21T00:00:00Z,604.51,609.46,594.87,606.8,10331773.0
META,1003,OneDay,2026-05-22T00:00:00Z,606.9,614.69,605.0,610.52,5088557.0
META,1003,OneDay,2026-05-26T00:00:00Z,613.88,614.2,605.35,610.65,8882952.0
META,1003,OneDay,2026-05-27T00:00:00Z,610.65,638.19,607.0,636.25,16317315.0
META,1003,OneDay,2026-05-28T00:00:00Z,636.25,643.68,626.1,633.6,12934707.0
META,1003,OneDay,2026-05-29T00:00:00Z,633.6,634.88,623.35,632.65,8109233.0
META,1003,OneDay,2026-06-01T00:00:00Z,633.4,637.44,597.19,598.67,19545408.0
META,1003,OneDay,2026-06-02T00:00:00Z,598.66,608.79,596.68,601.4,12987428.0
META,1003,OneDay,2026-06-03T00:00:00Z,601.46,623.92,597.1,619.72,16507664.0
META,1003,OneDay,2026-06-04T00:00:00Z,619.72,642.18,615.71,625.17,15727994.0
META,1003,OneDay,2026-06-05T00:00:00Z,625.67,628.53,582.98,593.05,15010718.0
META,1003,OneDay,2026-06-08T00:00:00Z,594.03,600.3,579.22,585.8,14354232.0
META,1003,OneDay,2026-06-09T00:00:00Z,585.8,597.53,581.15,588.22,13990098.0
META,1003,OneDay,2026-06-10T00:00:00Z,589.01,591.23,569.7,571.75,12732073.0
META,1003,OneDay,2026-06-11T00:00:00Z,571.7,576.68,557.0,571.07,13297425.0
META,1003,OneDay,2026-06-12T00:00:00Z,571.3,577.5,560.9,566.97,7908258.0
META,1003,OneDay,2026-06-15T00:00:00Z,573.54,601.16,572.29,593.2,12235438.0
META,1003,OneDay,2026-06-16T00:00:00Z,593.35,605.66,590.89,598.07,8622472.0
META,1003,OneDay,2026-06-17T00:00:00Z,598.0,601.17,566.54,570.49,14912092.0
META,1003,OneDay,2026-06-18T00:00:00Z,570.33,580.1,563.12,577.44,23039574.0
META,1003,OneDay,2026-06-19T00:00:00Z,577.2,577.9,573.18,574.3,677830.0
META,1003,OneDay,2026-06-22T00:00:00Z,573.0,576.44,559.86,562.15,10828500.0
META,1003,OneDay,2026-06-23T00:00:00Z,562.15,572.09,557.53,562.51,9717562.0
META,1003,OneDay,2026-06-24T00:00:00Z,562.51,568.78,555.6,558.2,10116420.0
META,1003,OneDay,2026-06-25T00:00:00Z,558.2,560.2,540.15,543.63,12596371.0
META,1003,OneDay,2026-06-26T00:00:00Z,543.63,556.78,538.05,550.53,7872496.0
META,1003,OneDay,2026-06-29T00:00:00Z,553.5,570.76,551.4,562.22,10615994.0
META,1003,OneDay,2026-06-30T00:00:00Z,563.05,565.41,551.5,562.26,14200896.0
META,1003,OneDay,2026-07-01T00:00:00Z,562.15,628.18,560.06,613.13,32654664.0
META,1003,OneDay,2026-07-02T00:00:00Z,613.11,616.18,580.42,583.6,15331279.0
META,1003,OneDay,2026-07-03T00:00:00Z,583.61,585.15,582.66,584.66,798651.0
META,1003,OneDay,2026-07-06T00:00:00Z,587.29,603.5,581.72,599.88,12711490.0
META,1003,OneDay,2026-07-07T00:00:00Z,599.88,625.07,596.83,615.25,13129841.0
META,1003,OneDay,2026-07-08T00:00:00Z,615.0,618.5,598.0,603.26,10063987.0
META,1003,OneDay,2026-07-09T00:00:00Z,603.6,633.19,577.08,626.8,18394511.0
META,1003,OneDay,2026-07-10T00:00:00Z,626.8,677.65,626.2,669.23,24040534.0
META,1003,OneDay,2026-07-13T00:00:00Z,666.23,676.42,654.2,656.57,13539074.0
META,1003,OneDay,2026-07-14T00:00:00Z,656.57,666.32,645.31,658.4,12588746.0
META,1003,OneDay,2026-07-15T00:00:00Z,658.4,685.8,656.55,679.28,13529830.0
META,1003,OneDay,2026-07-16T00:00:00Z,679.28,689.6,660.17,663.0,11724367.0
META,1003,OneDay,2026-07-17T00:00:00Z,663.0,666.5,626.11,646.21,12415289.0
META,1003,OneDay,2026-07-20T00:00:00Z,639.21,652.98,636.12,645.55,7166081.0
META,1003,OneDay,2026-07-21T00:00:00Z,645.55,654.71,636.07,642.0,7163353.0
META,1003,OneDay,2026-07-22T00:00:00Z,642.1,648.05,621.55,621.58,7711227.0
META,1003,OneDay,2026-07-23T00:00:00Z,621.55,623.17,597.2,606.2,11203452.0
META,1003,OneDay,2026-07-24T00:00:00Z,606.2,610.23,594.67,595.1,6125515.0
META,1003,OneDay,2026-07-27T00:00:00Z,600.5,610.16,593.1,595.5,8560612.0
META,1003,OneDay,2026-07-28T00:00:00Z,595.5,600.3,587.0,594.17,8600208.0
META,1003,OneDay,2026-07-29T00:00:00Z,594.17,599.79,533.13,536.67,13993615.0
META,1003,OneDay,2026-07-30T00:00:00Z,536.51,549.9,518.23,541.03,28591198.0
META,1003,OneDay,2026-07-31T00:00:00Z,541.03,558.17,539.03,556.42,13772129.0
META,1003,OneDay,2026-08-03T00:00:00Z,558.4,597.38,558.4,589.22,18377729.0
META,1003,OneDay,2026-08-04T00:00:00Z,589.22,592.7,575.4,588.22,13424458.0
META,1003,OneDay,2026-08-05T00:00:00Z,588.22,603.29,580.11,589.0,10569431.0
META,1003,OneDay,2026-08-06T00:00:00Z,589.27,595.74,585.0,587.88,8300764.0
META,1003,OneDay,2026-08-07T00:00:00Z,587.88,598.65,584.77,591.98,5895809.0
META,1003,OneDay,2026-08-10T00:00:00Z,592.36,609.83,592.0,593.15,10905895.0
META,1003,OneDay,2026-08-11T00:00:00Z,593.15,612.19,593.15,599.83,9829809.0
META,1003,OneDay,2026-08-12T00:00:00Z,599.83,603.8,577.5,578.75,10971089.0
META,1003,OneDay,2026-08-13T00:00:00Z,578.75,595.77,578.0,592.8,8083284.0
META,1003,OneDay,2026-08-14T00:00:00Z,592.8,601.55,589.29,589.74,4862182.0
META,1003,OneDay,2026-08-17T00:00:00Z,589.56,591.15,564.75,568.85,12439897.0
META,1003,OneDay,2026-08-18T00:00:00Z,569.03,569.2,543.21,545.25,19458936.0
META,1003,OneDay,2026-08-19T00:00:00Z,545.27,553.93,537.26,547.3,11839896.0
META,1003,OneDay,2026-08-20T00:00:00Z,547.3,553.5,539.35,541.54,5866366.0
JPM,1023,OneDay,2022-07-22T00:00:00Z,115.1163,116.1354,113.5577,114.6467,
JPM,1023,OneDay,2022-07-25T00:00:00Z,115.5659,116.3452,114.6467,115.1063,
JPM,1023,OneDay,2022-07-26T00:00:00Z,114.4569,115.466,112.9183,113.3379,
JPM,1023,OneDay,2022-07-27T00:00:00Z,113.9274,115.6258,113.188,115.1063,
JPM,1023,OneDay,2022-07-28T00:00:00Z,114.9065,115.8456,113.4078,114.6567,
JPM,1023,OneDay,2022-07-29T00:00:00Z,115.5759,116.3552,114.6767,115.3561,
JPM,1023,OneDay,2022-08-01T00:00:00Z,114.327,114.9964,112.9582,114.1372,
JPM,1023,OneDay,2022-08-02T00:00:00Z,113.7475,114.287,112.169,112.3288,
JPM,1023,OneDay,2022-08-03T00:00:00Z,113.208,113.9873,111.6294,113.4778,
JPM,1023,OneDay,2022-08-04T00:00:00Z,112.7584,113.188,110.9201,112.2689,
JPM,1023,OneDay,2022-08-05T00:00:00Z,112.2489,116.0754,111.9292,115.6658,
JPM,1023,OneDay,2022-08-08T00:00:00Z,116.1853,116.565,114.0772,114.2271,
JPM,1023,OneDay,2022-08-09T00:00:00Z,114.6667,115.8656,114.2671,115.3061,
JPM,1023,OneDay,2022-08-10T00:00:00Z,117.7339,119.2026,117.4042,118.2535,
JPM,1023,OneDay,2022-08-11T00:00:00Z,119.872,121.051,119.1926,120.0019,
JPM,1023,OneDay,2022-08-12T00:00:00Z,120.5114,122.11,119.3225,122.07,
JPM,1023,OneDay,2022-08-15T00:00:00Z,120.9011,122.5996,120.4915,122.3198,
JPM,1023,OneDay,2022-08-16T00:00:00Z,121.9102,124.1182,121.8203,123.5087,
JPM,1023,OneDay,2022-08-17T00:00:00Z,122.0101,123.0292,121.5805,122.4297,
JPM,1023,OneDay,2022-08-18T00:00:00Z,122.11,122.3298,120.4315,121.5805,
JPM,1023,OneDay,2022-08-19T00:00:00Z,120.5714,120.8212,117.9937,118.5532,
JPM,1023,OneDay,2022-08-22T00:00:00Z,116.615,116.9546,115.3961,116.585,
JPM,1023,OneDay,2022-08-23T00:00:00Z,116.4751,117.1545,115.2861,115.3861,
JPM,1023,OneDay,2022-08-24T00:00:00Z,115.0364,116.2952,114.337,115.6658,
JPM,1023,OneDay,2022-08-25T00:00:00Z,116.1254,118.5932,115.5359,118.5932,
JPM,1023,OneDay,2022-08-26T00:00:00Z,118.6731,119.852,114.4969,114.4969,
JPM,1023,OneDay,2022-08-29T00:00:00Z,113.9274,114.7466,113.3579,114.2571,
JPM,1023,OneDay,2022-08-30T00:00:00Z,114.7866,115.436,113.248,114.2571,
JPM,1023,OneDay,2022-08-31T00:00:00Z,114.327,114.9065,113.228,113.6276,
JPM,1023,OneDay,2022-09-01T00:00:00Z,113.0382,114.4969,111.7993,114.4269,
JPM,1023,OneDay,2022-09-02T00:00:00Z,115.7557,117.3343,113.0781,113.5777,
JPM,1023,OneDay,2022-09-06T00:00:00Z,114.2271,114.6267,111.9392,113.6676,
JPM,1023,OneDay,2022-09-07T00:00:00Z,112.8783,115.9955,112.6385,115.7757,
JPM,1023,OneDay,2022-09-08T00:00:00Z,114.9864,118.6731,114.5268,118.5033,
JPM,1023,OneDay,2022-09-09T00:00:00Z,119.1227,119.942,118.5632,119.2126,
JPM,1023,OneDay,2022-09-12T00:00:00Z,120.9011,121.7223,119.8899,120.3891,
JPM,1023,OneDay,2022-09-13T00:00:00Z,117.9628,118.7217,115.5963,116.1755,
JPM,1023,OneDay,2022-09-14T00:00:00Z,116.6947,117.6433,114.7077,115.9658,
JPM,1023,OneDay,2022-09-15T00:00:00Z,115.9758,119.181,115.5564,117.6732,
JPM,1023,OneDay,2022-09-16T00:00:00Z,116.2154,117.2039,115.2069,117.0442,
JPM,1023,OneDay,2022-09-19T00:00:00Z,115.4865,118.5519,115.3966,117.9528,
JPM,1023,OneDay,2022-09-20T00:00:00Z,117.0542,117.4835,114.468,115.7262,
JPM,1023,OneDay,2022-09-21T00:00:00Z,116.0457,116.2853,112.2614,112.2713,
JPM,1023,OneDay,2022-09-22T00:00:00Z,113.0602,113.3397,110.9034,110.9733,
JPM,1023,OneDay,2022-09-23T00:00:00Z,109.9149,110.1046,106.9993,109.0462,
JPM,1023,OneDay,2022-09-26T00:00:00Z,107.7781,109.4156,105.8909,106.6098,
JPM,1023,OneDay,2022-09-27T00:00:00Z,107.0592,107.9878,104.493,105.7112,
JPM,1023,OneDay,2022-09-28T00:00:00Z,105.5614,108.5569,105.4616,107.868,
JPM,1023,OneDay,2022-09-29T00:00:00Z,106.5699,107.0891,104.2234,105.9109,
JPM,1023,OneDay,2022-09-30T00:00:00Z,105.9009,107.4486,104.2434,104.483,
JPM,1023,OneDay,2022-10-03T00:00:00Z,105.7611,108.1675,104.2833,107.5584,
JPM,1023,OneDay,2022-10-04T00:00:00Z,110.2144,112.8205,109.6453,112.5909,
JPM,1023,OneDay,2022-10-05T00:00:00Z,109.7451,110.7636,108.6568,110.1845,
JPM,1023,OneDay,2022-10-06T00:00:00Z,109.156,109.9948,107.7681,108.0077,
JPM,1023,OneDay,2022-10-07T00:00:00Z,107.1391,107.5185,105.1021,105.8011,
JPM,1023,OneDay,2022-10-10T00:00:00Z,106.6897,107.0791,104.3732,104.8625,
JPM,1023,OneDay,2022-10-11T00:00:00Z,104.1735,104.3233,101.6872,101.7172,
JPM,1023,OneDay,2022-10-12T00:00:00Z,101.6573,104.5629,101.1181,103.3647,
JPM,1023,OneDay,2022-10-13T00:00:00Z,101.827,109.7252,101.6872,109.0961,
JPM,1023,OneDay,2022-10-14T00:00:00Z,111.7721,114.9773,110.5639,111.3727,
JPM,1023,OneDay,2022-10-17T00:00:00Z,115.187,116.8045,114.1086,115.7062,
JPM,1023,OneDay,2022-10-18T00:00:00Z,119.3307,119.8999,116.7646,118.6318,
JPM,1023,OneDay,2022-10-19T00:00:00Z,117.6732,118.6218,115.4965,116.4151,
JPM,1023,OneDay,2022-10-20T00:00:00Z,117.0442,118.5319,115.4665,115.7761,
JPM,1023,OneDay,2022-10-21T00:00:00Z,116.2753,122.1964,116.1256,122.1365,
JPM,1023,OneDay,2022-10-24T00:00:00Z,121.8969,122.8954,121.1081,122.2264,
JPM,1023,OneDay,2022-10-25T00:00:00Z,121.3277,123.0751,120.6787,122.6058,
JPM,1023,OneDay,2022-10-26T00:00:00Z,122.8554,124.9922,122.8554,123.9039,
JPM,1023,OneDay,2022-10-27T00:00:00Z,125.1819,125.9907,124.0137,124.3831,
JPM,1023,OneDay,2022-10-28T00:00:00Z,125.2618,126.0806,123.814,125.8609,
JPM,1023,OneDay,2022-10-31T00:00:00Z,125.4316,127.2089,125.3517,125.7112,
JPM,1023,OneDay,2022-11-01T00:00:00Z,126.8195,128.0676,126.1405,127.8979,
JPM,1023,OneDay,2022-11-02T00:00:00Z,127.3387,130.1345,126.45,126.7596,
JPM,1023,OneDay,2022-11-03T00:00:00Z,125.9208,127.9278,125.7012,127.0392,
JPM,1023,OneDay,2022-11-04T00:00:00Z,128.457,130.5938,128.2673,130.5439,
JPM,1023,OneDay,2022-11-07T00:00:00Z,131.0032,132.0616,130.2743,131.153,
JPM,1023,OneDay,2022-11-08T00:00:00Z,131.0831,131.8419,129.9248,131.2828,
JPM,1023,OneDay,2022-11-09T00:00:00Z,130.8634,131.1729,129.0262,129.4755,
JPM,1023,OneDay,2022-11-10T00:00:00Z,132.3312,134.8774,132.3312,134.7975,
JPM,1023,OneDay,2022-11-11T00:00:00Z,135.2768,135.9358,133.5793,135.1669,
JPM,1023,OneDay,2022-11-14T00:00:00Z,134.448,135.5064,133.8389,133.9488,
JPM,1023,OneDay,2022-11-15T00:00:00Z,134.6677,135.4565,131.4026,132.7506,
JPM,1023,OneDay,2022-11-16T00:00:00Z,132.7705,133.3597,131.832,132.9603,
JPM,1023,OneDay,2022-11-17T00:00:00Z,131.5624,132.6707,131.0831,132.441,
JPM,1023,OneDay,2022-11-18T00:00:00Z,133.819,134.3482,132.0816,133.7591,
JPM,1023,OneDay,2022-11-21T00:00:00Z,133.5893,134.3382,132.5409,132.8904,
JPM,1023,OneDay,2022-11-22T00:00:00Z,133.829,135.0571,133.4995,134.8574,
JPM,1023,OneDay,2022-11-23T00:00:00Z,134.6877,136.2653,134.6377,136.2553,
JPM,1023,OneDay,2022-11-25T00:00:00Z,136.1854,136.9343,135.826,136.485,
JPM,1023,OneDay,2022-11-28T00:00:00Z,135.8659,136.475,133.9887,134.2783,
JPM,1023,OneDay,2022-11-29T00:00:00Z,134.3781,136.4251,134.1185,136.3152,
JPM,1023,OneDay,2022-11-30T00:00:00Z,135.5264,137.803,132.9902,137.803,
JPM,1023,OneDay,2022-12-01T00:00:00Z,137.9428,138.3821,135.2169,136.1355,
JPM,1023,OneDay,2022-12-02T00:00:00Z,134.1984,135.137,133.13,135.0072,
JPM,1023,OneDay,2022-12-05T00:00:00Z,134.2084,134.2084,130.3941,131.2129,
JPM,1023,OneDay,2022-12-06T00:00:00Z,132.8005,134.8774,129.6652,131.4825,
JPM,1023,OneDay,2022-12-07T00:00:00Z,130.7735,132.8504,130.1245,131.3527,
JPM,1023,OneDay,2022-12-08T00:00:00Z,132.2813,132.7705,131.2329,132.6807,
JPM,1023,OneDay,2022-12-09T00:00:00Z,132.0117,133.5494,131.8919,131.9318,
JPM,1023,OneDay,2022-12-12T00:00:00Z,131.7121,134.438,131.4026,134.0087,
JPM,1023,OneDay,2022-12-13T00:00:00Z,136.8544,136.8544,132.8804,133.9088,
JPM,1023,OneDay,2022-12-14T00:00:00Z,133.4795,135.4965,132.5708,133.1699,
JPM,1023,OneDay,2022-12-15T00:00:00Z,130.8135,131.822,128.8464,129.9648,
JPM,1023,OneDay,2022-12-16T00:00:00Z,128.6068,129.6952,128.2274,129.0461,
JPM,1023,OneDay,2022-12-19T00:00:00Z,129.5853,131.123,128.8864,129.9148,
JPM,1023,OneDay,2022-12-20T00:00:00Z,130.5938,131.832,129.9648,130.5738,
JPM,1023,OneDay,2022-12-21T00:00:00Z,131.9019,132.7406,131.5624,131.9917,
JPM,1023,OneDay,2022-12-22T00:00:00Z,130.9133,130.9433,128.2174,130.474,
JPM,1023,OneDay,2022-12-23T00:00:00Z,130.6238,131.2428,129.4555,131.0531,
JPM,1023,OneDay,2022-12-27T00:00:00Z,131.3327,132.0117,130.3242,131.5324,
JPM,1023,OneDay,2022-12-28T00:00:00Z,131.8719,133.1999,130.8035,132.2513,
JPM,1023,OneDay,2022-12-29T00:00:00Z,132.6108,133.0601,132.1016,133.0302,
JPM,1023,OneDay,2022-12-30T00:00:00Z,132.4311,134.1085,132.3512,133.8789,
JPM,1023,OneDay,2023-01-03T00:00:00Z,134.8474,136.5249,133.6792,134.8774,
JPM,1023,OneDay,2023-01-04T00:00:00Z,136.1455,137.4635,135.3666,136.1455,
JPM,1023,OneDay,2023-01-05T00:00:00Z,134.9872,135.4865,133.4795,135.1869,
JPM,1023,OneDay,2023-01-06T00:00:00Z,135.9158,138.1624,134.2683,137.7531,
JPM,1023,OneDay,2023-01-09T00:00:00Z,138.5419,138.6218,136.6647,137.1939,
JPM,1023,OneDay,2023-01-10T00:00:00Z,137.5933,138.492,137.104,138.3721,
JPM,1023,OneDay,2023-01-11T00:00:00Z,138.5918,139.5304,137.8829,139.4505,
JPM,1023,OneDay,2023-01-12T00:00:00Z,140.0197,140.6387,139.0012,139.2808,
JPM,1023,OneDay,2023-01-13T00:00:00Z,135.3866,143.2648,134.5978,142.7655,
JPM,1023,OneDay,2023-01-17T00:00:00Z,140.9283,141.1579,139.0212,140.5788,
JPM,1023,OneDay,2023-01-18T00:00:00Z,138.5718,140.479,136.2054,136.3252,
JPM,1023,OneDay,2023-01-19T00:00:00Z,134.9073,135.6562,133.3796,134.5978,
JPM,1023,OneDay,2023-01-20T00:00:00Z,135.0871,135.2768,133.3397,134.8774,
JPM,1023,OneDay,2023-01-23T00:00:00Z,134.8474,137.7331,134.5978,137.104,
JPM,1023,OneDay,2023-01-24T00:00:00Z,136.5349,138.9213,135.8959,138.3122,
JPM,1023,OneDay,2023-01-25T00:00:00Z,137.6732,138.8914,137.0242,138.8814,
JPM,1023,OneDay,2023-01-26T00:00:00Z,139.3706,139.8299,138.1624,139.8299,
JPM,1023,OneDay,2023-01-27T00:00:00Z,140.2493,141.0381,139.5304,140.0496,
JPM,1023,OneDay,2023-01-30T00:00:00Z,138.9912,139.8699,138.7016,138.8914,
JPM,1023,OneDay,2023-01-31T00:00:00Z,139.6003,139.81,138.0326,139.7401,
JPM,1023,OneDay,2023-02-01T00:00:00Z,137.9028,140.6487,137.9028,139.3107,
JPM,1023,OneDay,2023-02-02T00:00:00Z,139.8998,140.2493,137.793,138.7316,
JPM,1023,OneDay,2023-02-03T00:00:00Z,138.5519,142.0965,138.5519,140.7885,
JPM,1023,OneDay,2023-02-06T00:00:00Z,139.8299,142.0167,139.8,141.6572,
JPM,1023,OneDay,2023-02-07T00:00:00Z,141.098,144.0935,140.9483,143.4545,
JPM,1023,OneDay,2023-02-08T00:00:00Z,142.0866,143.774,142.0466,142.476,
JPM,1023,OneDay,2023-02-09T00:00:00Z,142.8654,143.0251,139.6602,140.1994,
JPM,1023,OneDay,2023-02-10T00:00:00Z,139.5603,141.0681,138.3821,140.8185,
JPM,1023,OneDay,2023-02-13T00:00:00Z,140.9383,142.456,140.5389,142.3262,
JPM,1023,OneDay,2023-02-14T00:00:00Z,142.2962,143.5943,141.3676,142.9153,
JPM,1023,OneDay,2023-02-15T00:00:00Z,141.148,143.6542,141.0182,143.5843,
JPM,1023,OneDay,2023-02-16T00:00:00Z,142.2164,143.145,141.4475,141.5474,
JPM,1023,OneDay,2023-02-17T00:00:00Z,140.7685,142.6058,139.8299,142.0566,
JPM,1023,OneDay,2023-02-21T00:00:00Z,140.6687,141.0881,138.5319,139.4006,
JPM,1023,OneDay,2023-02-22T00:00:00Z,138.8714,139.1809,137.2239,138.3921,
JPM,1023,OneDay,2023-02-23T00:00:00Z,138.9313,139.9198,137.7431,139.4106,
JPM,1023,OneDay,2023-02-24T00:00:00Z,138.8314,141.138,138.7216,140.6787,
JPM,1023,OneDay,2023-02-27T00:00:00Z,142.0566,143.0851,141.4974,141.9567,
JPM,1023,OneDay,2023-02-28T00:00:00Z,142.7356,143.4944,141.6772,143.1949,
JPM,1023,OneDay,2023-03-01T00:00:00Z,141.817,143.2348,141.5873,142.2863,
JPM,1023,OneDay,2023-03-02T00:00:00Z,141.817,142.1564,139.3307,140.7885,
JPM,1023,OneDay,2023-03-03T00:00:00Z,141.1579,143.5044,140.8584,143.4245,
JPM,1023,OneDay,2023-03-06T00:00:00Z,143.4046,143.784,142.436,142.6357,
JPM,1023,OneDay,2023-03-07T00:00:00Z,141.5973,142.0666,137.5933,138.4021,
JPM,1023,OneDay,2023-03-08T00:00:00Z,137.5434,138.3721,136.6747,137.5733,
JPM,1023,OneDay,2023-03-09T00:00:00Z,136.455,137.124,129.0162,130.1445,
JPM,1023,OneDay,2023-03-10T00:00:00Z,128.487,135.0272,127.6782,133.4395,
JPM,1023,OneDay,2023-03-13T00:00:00Z,130.6338,133.6592,129.2059,131.0431,
JPM,1023,OneDay,2023-03-14T00:00:00Z,134.9273,134.9872,131.0831,134.4281,
JPM,1023,OneDay,2023-03-15T00:00:00Z,130.3242,130.7636,126.5399,128.0377,
JPM,1023,OneDay,2023-03-16T00:00:00Z,127.2189,131.6922,125.841,130.5339,
JPM,1023,OneDay,2023-03-17T00:00:00Z,127.5085,128.1874,125.2618,125.5913,
JPM,1023,OneDay,2023-03-20T00:00:00Z,126.8095,129.2259,125.831,126.8195,
JPM,1023,OneDay,2023-03-21T00:00:00Z,130.5639,131.5224,129.9947,130.2543,
JPM,1023,OneDay,2023-03-22T00:00:00Z,130.1744,130.2643,126.8894,126.9393,
JPM,1023,OneDay,2023-03-23T00:00:00Z,127.6882,129.2958,125.831,126.5599,
JPM,1023,OneDay,2023-03-24T00:00:00Z,124.8624,125.3517,122.9253,124.7027,
JPM,1023,OneDay,2023-03-27T00:00:00Z,126.5898,129.166,126.1106,128.2973,
JPM,1023,OneDay,2023-03-28T00:00:00Z,128.4271,129.136,127.5284,128.6368,
JPM,1023,OneDay,2023-03-29T00:00:00Z,129.7052,129.7351,127.5883,128.9263,
JPM,1023,OneDay,2023-03-30T00:00:00Z,129.7651,129.8849,127.4485,128.5669,
JPM,1023,OneDay,2023-03-31T00:00:00Z,129.5853,130.1245,128.6567,130.1245,
JPM,1023,OneDay,2023-04-03T00:00:00Z,129.9148,131.2129,129.2159,129.9648,
JPM,1023,OneDay,2023-04-04T00:00:00Z,130.2943,130.3841,127.2089,128.2074,
JPM,1023,OneDay,2023-04-05T00:00:00Z,126.49,127.9378,126.2803,127.3886,
JPM,1023,OneDay,2023-04-06T00:00:00Z,126.9593,127.8679,126.7696,127.3088,
JPM,1023,OneDay,2023-04-10T00:00:00Z,126.2703,128.0077,125.9708,127.7082,
JPM,1023,OneDay,2023-04-11T00:00:00Z,127.8479,128.7366,127.3287,128.3472,
JPM,1023,OneDay,2023-04-12T00:00:00Z,128.9962,130.2244,127.8679,128.3172,
JPM,1023,OneDay,2023-04-13T00:00:00Z,128.0676,128.8365,126.6198,128.7566,
JPM,1023,OneDay,2023-04-14T00:00:00Z,134.8275,138.8914,134.5978,138.5718,
JPM,1023,OneDay,2023-04-17T00:00:00Z,139.5603,139.79,137.4535,139.6203,
JPM,1023,OneDay,2023-04-18T00:00:00Z,139.9597,141.5573,138.8215,141.1779,
JPM,1023,OneDay,2023-04-19T00:00:00Z,140.9083,141.2678,140.1894,141.0082,
JPM,1023,OneDay,2023-04-20T00:00:00Z,139.9697,141.2079,139.9597,140.5788,
JPM,1023,OneDay,2023-04-21T00:00:00Z,139.3407,140.8884,138.5718,140.3292,
JPM,1023,OneDay,2023-04-24T00:00:00Z,140.2793,140.8784,139.8399,140.469,
JPM,1023,OneDay,2023-04-25T00:00:00Z,139.3906,139.6802,137.4136,137.4835,
JPM,1023,OneDay,2023-04-26T00:00:00Z,136.7945,137.5833,133.799,135.0471,
JPM,1023,OneDay,2023-04-27T00:00:00Z,135.6762,137.7031,135.4565,136.8245,
JPM,1023,OneDay,2023-04-28T00:00:00Z,135.9957,138.0426,135.4565,137.9927,
JPM,1023,OneDay,2023-05-01T00:00:00Z,141.777,143.135,140.6188,140.9483,
JPM,1023,OneDay,2023-05-02T00:00:00Z,141.1879,142.1664,138.2224,138.6617,
JPM,1023,OneDay,2023-05-03T00:00:00Z,138.1525,138.452,135.5464,135.826,
JPM,1023,OneDay,2023-05-04T00:00:00Z,134.3781,135.5164,131.6123,133.8889,
JPM,1023,OneDay,2023-05-05T00:00:00Z,136.1455,137.6532,135.7061,136.485,
JPM,1023,OneDay,2023-05-08T00:00:00Z,137.4835,137.7331,136.2653,136.8245,
JPM,1023,OneDay,2023-05-09T00:00:00Z,135.5863,136.7346,135.0072,136.2054,
JPM,1023,OneDay,2023-05-10T00:00:00Z,137.6432,137.6632,134.6677,136.3152,
JPM,1023,OneDay,2023-05-11T00:00:00Z,135.117,136.5948,134.6577,135.826,
JPM,1023,OneDay,2023-05-12T00:00:00Z,136.7046,136.7046,132.9103,133.8789,
JPM,1023,OneDay,2023-05-15T00:00:00Z,134.1784,135.4765,133.7491,134.9772,
JPM,1023,OneDay,2023-05-16T00:00:00Z,135.2368,135.7161,133.7591,134.0986,
JPM,1023,OneDay,2023-05-17T00:00:00Z,135.766,138.3621,135.2468,138.2124,
JPM,1023,OneDay,2023-05-18T00:00:00Z,138.0326,139.5004,137.5534,139.3007,
JPM,1023,OneDay,2023-05-19T00:00:00Z,139.6902,140.2693,137.9128,139.0112,
JPM,1023,OneDay,2023-05-22T00:00:00Z,140.3891,141.3976,137.4335,137.823,4951101.0
JPM,1023,OneDay,2023-05-23T00:00:00Z,137.3437,138.8115,136.2453,136.4251,3712575.0
JPM,1023,OneDay,2023-05-24T00:00:00Z,135.4465,136.0456,134.8774,135.137,3179483.0
JPM,1023,OneDay,2023-05-25T00:00:00Z,134.5279,136.0456,134.3781,135.4365,2880935.0
JPM,1023,OneDay,2023-05-26T00:00:00Z,135.6962,137.3836,135.3966,136.7346,2794604.0
JPM,1023,OneDay,2023-05-30T00:00:00Z,136.475,137.4935,135.806,137.3337,2812425.0
JPM,1023,OneDay,2023-05-31T00:00:00Z,136.2054,136.5948,134.1984,135.6263,3832064.0
JPM,1023,OneDay,2023-06-01T00:00:00Z,136.6547,138.0027,135.2468,137.3537,4474307.0
JPM,1023,OneDay,2023-06-02T00:00:00Z,139.2908,141.2678,139.101,140.1694,4834236.0
JPM,1023,OneDay,2023-06-05T00:00:00Z,139.8699,139.9897,137.9028,138.9213,3899920.0
JPM,1023,OneDay,2023-06-06T00:00:00Z,138.442,139.8699,137.9827,139.141,3554184.0
JPM,1023,OneDay,2023-06-07T00:00:00Z,139.6702,141.0481,138.6118,140.459,3520926.0
JPM,1023,OneDay,2023-06-08T00:00:00Z,140.6088,140.6487,139.2608,140.5688,2694342.0
JPM,1023,OneDay,2023-06-09T00:00:00Z,140.0995,141.5673,139.9997,140.7885,3102706.0
JPM,1023,OneDay,2023-06-12T00:00:00Z,140.6188,141.0881,139.5504,140.8085,2900807.0
JPM,1023,OneDay,2023-06-13T00:00:00Z,140.1495,142.6457,139.9298,141.807,3189549.0
JPM,1023,OneDay,2023-06-14T00:00:00Z,142.6257,143.3746,140.479,141.2878,3866006.0
JPM,1023,OneDay,2023-06-15T00:00:00Z,140.2393,143.1749,139.82,142.8654,3203892.0
JPM,1023,OneDay,2023-06-16T00:00:00Z,142.7755,143.7241,142.2863,143.0251,3357668.0
JPM,1023,OneDay,2023-06-20T00:00:00Z,142.5658,142.6956,140.8284,142.3362,2639424.0
JPM,1023,OneDay,2023-06-21T00:00:00Z,142.6158,143.774,141.4575,142.1065,3907062.0
JPM,1023,OneDay,2023-06-22T00:00:00Z,142.1365,142.3362,138.7416,139.3606,3761078.0
JPM,1023,OneDay,2023-06-23T00:00:00Z,138.1624,138.9712,137.4136,138.6018,3144306.0
JPM,1023,OneDay,2023-06-26T00:00:00Z,138.7316,139.77,137.4735,138.9513,3074618.0
JPM,1023,OneDay,2023-06-27T00:00:00Z,138.9413,139.6103,138.3322,138.9612,2968657.0
JPM,1023,OneDay,2023-06-28T00:00:00Z,138.9113,138.9812,137.7531,138.3821,2739335.0
JPM,1023,OneDay,2023-06-29T00:00:00Z,139.6402,143.3347,139.5903,143.1849,6670193.0
JPM,1023,OneDay,2023-07-03T00:00:00Z,146.3901,147.2488,145.761,146.2603,3083157.0
JPM,1023,OneDay,2023-07-05T00:00:00Z,144.6727,145.2019,144.1435,144.443,3889744.0
JPM,1023,OneDay,2023-07-06T00:00:00Z,143.115,143.1549,141.2278,143.0052,4207954.0
JPM,1023,OneDay,2023-07-07T00:00:00Z,143.4345,145.6113,143.4345,144.0935,3392454.0
JPM,1023,OneDay,2023-07-10T00:00:00Z,144.2633,145.761,144.2633,144.9323,3821551.0
JPM,1023,OneDay,2023-07-11T00:00:00Z,145.8609,147.5683,145.4914,147.1789,4833727.0
JPM,1023,OneDay,2023-07-12T00:00:00Z,147.5583,149.6252,147.2887,147.8878,4580691.0
JPM,1023,OneDay,2023-07-13T00:00:00Z,148.417,149.126,147.5284,148.6667,3956596.0
JPM,1023,OneDay,2023-07-14T00:00:00Z,151.1929,152.6307,148.2074,149.4255,11477744.0
JPM,1023,OneDay,2023-07-17T00:00:00Z,150.3641,153.5094,150.1345,153.0701,7681002.0
JPM,1023,OneDay,2023-07-18T00:00:00Z,153.1899,154.1584,152.5808,153.4395,5211429.0
JPM,1023,OneDay,2023-07-19T00:00:00Z,152.0216,154.9572,152.0216,154.0686,4987749.0
JPM,1023,OneDay,2023-07-20T00:00:00Z,154.448,156.3451,154.2782,155.9158,4181350.0
JPM,1023,OneDay,2023-07-24T00:00:00Z,154.7475,158.5418,154.4879,157.763,5355891.0
JPM,1023,OneDay,2023-07-25T00:00:00Z,157.124,157.4535,155.7261,156.6047,3802522.0
JPM,1023,OneDay,2023-07-26T00:00:00Z,156.6447,157.9927,156.0256,157.5234,3548860.0
JPM,1023,OneDay,2023-07-27T00:00:00Z,157.3137,158.5219,155.3167,155.8159,4670472.0
JPM,1023,OneDay,2023-07-28T00:00:00Z,156.9642,157.3636,156.1754,156.6547,3153390.0
JPM,1023,OneDay,2023-07-31T00:00:00Z,157.0541,159.1309,156.9143,157.743,3327248.0
JPM,1023,OneDay,2023-08-01T00:00:00Z,157.1439,157.7231,155.9158,157.0041,2512073.0
JPM,1023,OneDay,2023-08-02T00:00:00Z,154.6876,155.4465,153.6891,155.1569,3696810.0
JPM,1023,OneDay,2023-08-03T00:00:00Z,154.7076,156.6746,154.0885,156.0356,2253518.0
JPM,1023,OneDay,2023-08-04T00:00:00Z,155.6861,157.5433,155.4565,155.8059,2427457.0
JPM,1023,OneDay,2023-08-07T00:00:00Z,156.5848,157.4435,156.435,156.4949,2355555.0
JPM,1023,OneDay,2023-08-08T00:00:00Z,154.0686,155.736,152.3911,155.6462,4052048.0
JPM,1023,OneDay,2023-08-09T00:00:00Z,155.0671,155.2668,153.2398,153.5993,2764726.0
JPM,1023,OneDay,2023-08-10T00:00:00Z,154.1484,155.1969,152.8504,153.2897,2612275.0
JPM,1023,OneDay,2023-08-11T00:00:00Z,152.8005,154.2782,152.4011,154.1584,2155681.0
JPM,1023,OneDay,2023-08-14T00:00:00Z,153.1999,154.6776,152.6806,154.4779,2170667.0
JPM,1023,OneDay,2023-08-15T00:00:00Z,152.7405,153.0101,150.0047,150.6137,4430737.0
JPM,1023,OneDay,2023-08-16T00:00:00Z,150.2044,150.7136,149.4555,150.0546,3157529.0
JPM,1023,OneDay,2023-08-17T00:00:00Z,150.8035,151.0131,148.1774,148.4869,4298533.0
JPM,1023,OneDay,2023-08-18T00:00:00Z,147.3586,149.2658,147.3586,148.7665,3295129.0
JPM,1023,OneDay,2023-08-21T00:00:00Z,149.1859,149.8649,147.788,149.2158,3071259.0
JPM,1023,OneDay,2023-08-22T00:00:00Z,149.1959,149.3456,145.6212,146.1604,4043129.0
JPM,1023,OneDay,2023-08-23T00:00:00Z,146.1305,147.3586,145.2119,147.1689,3235689.0
JPM,1023,OneDay,2023-08-24T00:00:00Z,147.2188,149.1759,146.7595,146.9692,2841291.0
JPM,1023,OneDay,2023-08-25T00:00:00Z,147.089,148.3671,145.6212,146.8294,2788210.0
JPM,1023,OneDay,2023-08-28T00:00:00Z,147.5583,148.3671,146.8794,147.3387,2308664.0
JPM,1023,OneDay,2023-08-29T00:00:00Z,147.3486,148.6167,146.9293,148.5768,2404782.0
JPM,1023,OneDay,2023-08-30T00:00:00Z,148.427,148.9163,146.9692,147.9577,2542281.0
JPM,1023,OneDay,2023-08-31T00:00:00Z,147.9877,148.0576,145.7411,146.1405,4438716.0
JPM,1023,OneDay,2023-09-01T00:00:00Z,145.8509,147.8479,145.5214,146.5299,3497379.0
JPM,1023,OneDay,2023-09-05T00:00:00Z,146.9093,147.9477,144.7925,144.9423,3291655.0
JPM,1023,OneDay,2023-09-06T00:00:00Z,144.4929,145.3017,143.8739,144.7226,3589025.0
JPM,1023,OneDay,2023-09-07T00:00:00Z,144.0336,145.0221,143.1749,143.5044,3224024.0
JPM,1023,OneDay,2023-09-08T00:00:00Z,143.115,143.9038,142.436,143.5843,2809316.0
JPM,1023,OneDay,2023-09-11T00:00:00Z,144.1235,144.8025,143.4645,144.1834,2767255.0
JPM,1023,OneDay,2023-09-12T00:00:00Z,144.1035,147.0791,143.9138,146.1005,3584537.0
JPM,1023,OneDay,2023-09-13T00:00:00Z,146.8594,147.4685,145.5913,146.1804,2700171.0
JPM,1023,OneDay,2023-09-14T00:00:00Z,147.6382,149.6652,147.2887,149.0461,3863644.0
JPM,1023,OneDay,2023-09-15T00:00:00Z,148.3372,149.4854,147.9378,148.5169,3661499.0
JPM,1023,OneDay,2023-09-18T00:00:00Z,147.8179,148.8664,147.4984,148.8664,2274582.0
JPM,1023,OneDay,2023-09-19T00:00:00Z,149.086,149.4455,146.9892,148.6367,2945346.0
JPM,1023,OneDay,2023-09-20T00:00:00Z,149.3756,150.0047,147.9078,148.0776,3258023.0
JPM,1023,OneDay,2023-09-21T00:00:00Z,147.2788,148.6267,146.4001,146.9293,3543679.0
JPM,1023,OneDay,2023-09-22T00:00:00Z,146.9492,147.2987,144.9722,145.6013,2749313.0
JPM,1023,OneDay,2023-09-25T00:00:00Z,145.0821,146.2603,143.4845,146.2403,2858736.0
JPM,1023,OneDay,2023-09-26T00:00:00Z,144.5528,145.6212,144.0137,144.7026,3001410.0
JPM,1023,OneDay,2023-09-27T00:00:00Z,144.6427,145.8709,144.2833,145.5913,2730055.0
JPM,1023,OneDay,2023-09-28T00:00:00Z,145.9807,148.6367,145.7311,147.2388,3666818.0
JPM,1023,OneDay,2023-09-29T00:00:00Z,148.3971,148.417,144.6427,144.6827,4112350.0
JPM,1023,OneDay,2023-10-02T00:00:00Z,144.6627,145.3816,142.4061,143.5244,3519422.0
JPM,1023,OneDay,2023-10-03T00:00:00Z,142.9752,143.3447,142.1365,142.446,3665050.0
JPM,1023,OneDay,2023-10-04T00:00:00Z,142.8354,143.2448,141.7071,143.1749,3203164.0
JPM,1023,OneDay,2023-10-05T00:00:00Z,141.7071,142.8754,140.6188,142.6357,3404116.0
JPM,1023,OneDay,2023-10-09T00:00:00Z,143.4245,145.1719,143.3846,144.5429,2861686.0
JPM,1023,OneDay,2023-10-10T00:00:00Z,145.1719,146.5299,145.0421,145.4415,4042096.0
JPM,1023,OneDay,2023-10-12T00:00:00Z,146.1205,146.7196,144.9123,145.5214,4513736.0
JPM,1023,OneDay,2023-10-13T00:00:00Z,148.0476,152.8504,147.6182,147.768,16240144.0
JPM,1023,OneDay,2023-10-16T00:00:00Z,149.096,149.1659,146.4899,147.5683,5663934.0
JPM,1023,OneDay,2023-10-17T00:00:00Z,147.4685,149.0661,146.5698,147.2987,5248923.0
JPM,1023,OneDay,2023-10-18T00:00:00Z,146.5199,147.2288,145.1519,145.6212,4028614.0
JPM,1023,OneDay,2023-10-19T00:00:00Z,145.4415,146.7795,144.6627,144.9722,3894784.0
JPM,1023,OneDay,2023-10-20T00:00:00Z,144.1834,144.8724,141.8869,142.6857,4398394.0
JPM,1023,OneDay,2023-10-23T00:00:00Z,142.8654,143.4545,140.5089,140.7885,4016768.0
JPM,1023,OneDay,2023-10-24T00:00:00Z,140.8784,141.4974,140.1395,140.8884,3478133.0
JPM,1023,OneDay,2023-10-25T00:00:00Z,140.3192,140.9682,139.2908,140.1594,2962738.0
JPM,1023,OneDay,2023-10-26T00:00:00Z,139.2209,141.4375,139.2209,140.489,3392199.0
JPM,1023,OneDay,2023-10-30T00:00:00Z,136.3052,137.803,135.826,137.2239,3558758.0
JPM,1023,OneDay,2023-10-31T00:00:00Z,137.5434,139.0311,137.2638,138.9413,3151307.0
JPM,1023,OneDay,2023-11-01T00:00:00Z,139.0711,140.3092,138.2623,138.7615,3192586.0
JPM,1023,OneDay,2023-11-02T00:00:00Z,139.5504,141.2678,139.0012,141.138,3719263.0
JPM,1023,OneDay,2023-11-03T00:00:00Z,142.2164,143.5344,141.9867,142.7755,3789460.0
JPM,1023,OneDay,2023-11-06T00:00:00Z,143.105,143.9637,142.5658,143.8839,2980039.0
JPM,1023,OneDay,2023-11-07T00:00:00Z,143.3147,144.0436,142.5858,143.784,2312943.0
JPM,1023,OneDay,2023-11-08T00:00:00Z,143.8639,144.6128,143.3946,144.5928,3153571.0
JPM,1023,OneDay,2023-11-09T00:00:00Z,145.122,145.4116,143.4745,144.0636,3019817.0
JPM,1023,OneDay,2023-11-10T00:00:00Z,144.7925,146.2503,143.8539,146.2104,2608277.0
JPM,1023,OneDay,2023-11-13T00:00:00Z,145.3217,146.0107,144.9323,145.5913,2544699.0
JPM,1023,OneDay,2023-11-14T00:00:00Z,146.4001,149.0062,146.4001,148.1275,4349274.0
JPM,1023,OneDay,2023-11-15T00:00:00Z,148.7565,149.9248,148.5468,149.4655,3241102.0
JPM,1023,OneDay,2023-11-16T00:00:00Z,150.0945,151.2827,150.0047,151.2528,3290970.0
JPM,1023,OneDay,2023-11-17T00:00:00Z,151.8818,152.5908,151.2927,152.5908,2641233.0
JPM,1023,OneDay,2023-11-20T00:00:00Z,152.1514,153.5094,151.6722,153.0501,2531616.0
JPM,1023,OneDay,2023-11-21T00:00:00Z,152.9303,153.3896,152.3312,152.6806,2885876.0
JPM,1023,OneDay,2023-11-22T00:00:00Z,153.1499,153.6392,152.6707,153.13,1920472.0
JPM,1023,OneDay,2023-11-24T00:00:00Z,153.3796,154.1984,153.0301,153.2598,1401183.0
JPM,1023,OneDay,2023-11-27T00:00:00Z,153.08,153.2498,152.471,152.9203,2201823.0
JPM,1023,OneDay,2023-11-28T00:00:00Z,153.1,153.6292,152.4909,153.2897,2355474.0
JPM,1023,OneDay,2023-11-29T00:00:00Z,153.789,155.3866,153.749,154.1285,3907844.0
JPM,1023,OneDay,2023-11-30T00:00:00Z,154.9273,155.8758,154.1285,155.8259,2915828.0
JPM,1023,OneDay,2023-12-05T00:00:00Z,157.0241,158.2423,156.7345,157.7231,3129089.0
JPM,1023,OneDay,2023-12-06T00:00:00Z,158.7216,158.9512,155.776,156.1454,3757788.0
JPM,1023,OneDay,2023-12-07T00:00:00Z,156.5249,157.074,155.8758,156.5848,2847554.0
JPM,1023,OneDay,2023-12-08T00:00:00Z,156.6846,158.5418,156.6547,158.2623,2512207.0
JPM,1023,OneDay,2023-12-11T00:00:00Z,158.2722,159.0411,157.9028,158.8414,2793021.0
JPM,1023,OneDay,2023-12-12T00:00:00Z,158.9013,160.399,158.6117,160.2593,3390928.0
JPM,1023,OneDay,2023-12-13T00:00:00Z,159.9397,161.767,159.5303,160.7984,3853437.0
JPM,1023,OneDay,2023-12-14T00:00:00Z,161.5873,164.5628,161.4475,163.7041,5513670.0
JPM,1023,OneDay,2023-12-18T00:00:00Z,165.8608,166.8593,165.3716,165.9407,3209296.0
JPM,1023,OneDay,2023-12-19T00:00:00Z,165.6312,168.1574,165.2617,168.1274,3293096.0
JPM,1023,OneDay,2023-12-20T00:00:00Z,168.0076,169.1559,166.1903,166.39,3766080.0
JPM,1023,OneDay,2023-12-21T00:00:00Z,166.9891,167.7979,165.4215,167.2188,2790444.0
JPM,1023,OneDay,2023-12-22T00:00:00Z,167.3087,167.9577,166.9592,167.2088,2183889.0
JPM,1023,OneDay,2023-12-26T00:00:00Z,167.1389,168.5069,166.8893,168.1274,1716729.0
JPM,1023,OneDay,2023-12-27T00:00:00Z,167.6482,169.1958,167.5982,169.1759,1913546.0
JPM,1023,OneDay,2023-12-28T00:00:00Z,168.9762,170.394,168.9762,170.0346,2425239.0
JPM,1023,OneDay,2023-12-29T00:00:00Z,169.8748,170.424,169.3656,169.9946,2103649.0
JPM,1023,OneDay,2024-01-02T00:00:00Z,168.7066,171.9018,168.7066,171.6621,3958590.0
JPM,1023,OneDay,2024-01-03T00:00:00Z,171.5423,171.772,170.1144,171.063,3517148.0
JPM,1023,OneDay,2024-01-04T00:00:00Z,170.5238,173.08,170.5238,171.093,4310991.0
JPM,1023,OneDay,2024-01-08T00:00:00Z,171.712,172.0715,169.2258,171.7021,4041070.0
JPM,1023,OneDay,2024-01-09T00:00:00Z,171.2627,171.4624,169.8249,170.3241,3628805.0
JPM,1023,OneDay,2024-01-10T00:00:00Z,169.1858,170.8234,168.6966,170.6836,3347641.0
JPM,1023,OneDay,2024-01-11T00:00:00Z,169.9048,170.0945,168.387,169.9547,5358440.0
JPM,1023,OneDay,2024-01-16T00:00:00Z,164.3531,167.8179,164.3431,167.738,6518936.0
JPM,1023,OneDay,2024-01-17T00:00:00Z,166.9592,168.7964,166.2403,166.7495,4735905.0
JPM,1023,OneDay,2024-01-18T00:00:00Z,166.7295,167.2787,164.9921,167.1389,3688333.0
JPM,1023,OneDay,2024-01-19T00:00:00Z,166.9991,170.2942,166.7994,170.0346,5127382.0
JPM,1023,OneDay,2024-01-22T00:00:00Z,170.1744,171.722,169.4355,169.8149,4826320.0
JPM,1023,OneDay,2024-01-23T00:00:00Z,169.4155,169.4155,168.1574,168.7066,3783621.0
JPM,1023,OneDay,2024-01-24T00:00:00Z,169.106,170.7435,168.6067,170.2443,4010080.0
JPM,1023,OneDay,2024-01-25T00:00:00Z,171.9217,172.7205,170.6337,172.6506,3641337.0
JPM,1023,OneDay,2024-01-26T00:00:00Z,171.722,172.8004,171.6222,171.9816,3106608.0
JPM,1023,OneDay,2024-01-29T00:00:00Z,171.9417,172.5708,171.0431,172.4609,2566913.0
JPM,1023,OneDay,2024-01-30T00:00:00Z,172.7105,176.4949,172.7105,176.0755,4579816.0
JPM,1023,OneDay,2024-01-31T00:00:00Z,176.385,177.9826,174.2283,174.2582,4460538.0
JPM,1023,OneDay,2024-02-01T00:00:00Z,173.6092,174.5278,171.1629,173.4594,3918020.0
JPM,1023,OneDay,2024-02-02T00:00:00Z,172.9702,175.5363,172.9702,174.4779,3198299.0
JPM,1023,OneDay,2024-02-05T00:00:00Z,173.739,174.7974,172.6407,174.2383,2614813.0
JPM,1023,OneDay,2024-02-06T00:00:00Z,174.6676,175.5962,173.4794,174.8374,3132738.0
JPM,1023,OneDay,2024-02-07T00:00:00Z,175.1069,175.5363,173.6791,175.1569,2395899.0
JPM,1023,OneDay,2024-02-08T00:00:00Z,174.5478,175.0271,173.3096,174.5278,2233639.0
JPM,1023,OneDay,2024-02-09T00:00:00Z,174.2682,174.8374,173.4095,174.5378,2005630.0
JPM,1023,OneDay,2024-02-12T00:00:00Z,174.3381,176.5348,173.4395,175.5063,2630406.0
JPM,1023,OneDay,2024-02-13T00:00:00Z,175.6362,175.8958,172.3411,173.9687,3077161.0
JPM,1023,OneDay,2024-02-14T00:00:00Z,175.3266,175.6861,174.1484,175.6861,2719091.0
JPM,1023,OneDay,2024-02-15T00:00:00Z,175.9057,179.9297,175.9057,179.5603,3559684.0
JPM,1023,OneDay,2024-02-16T00:00:00Z,179.5603,179.5603,177.8628,178.7615,2952409.0
JPM,1023,OneDay,2024-02-20T00:00:00Z,178.8413,180.1793,178.0326,179.4105,2809880.0
JPM,1023,OneDay,2024-02-21T00:00:00Z,179.8099,180.6985,178.2622,180.5687,2778581.0
JPM,1023,OneDay,2024-02-22T00:00:00Z,181.5173,183.1349,180.8982,182.7954,3153204.0
JPM,1023,OneDay,2024-02-23T00:00:00Z,183.3945,184.9122,182.8753,183.8538,2751157.0
JPM,1023,OneDay,2024-02-26T00:00:00Z,183.3745,184.1633,182.1963,183.0151,2698659.0
JPM,1023,OneDay,2024-02-27T00:00:00Z,182.9052,183.2347,181.9467,183.1848,2541073.0
JPM,1023,OneDay,2024-02-28T00:00:00Z,183.075,184.9022,182.6356,184.0934,2589992.0
JPM,1023,OneDay,2024-02-29T00:00:00Z,185.3915,186.1204,183.5642,185.3316,2384464.0
JPM,1023,OneDay,2024-03-01T00:00:00Z,185.6012,186.1204,184.8224,185.0221,2356480.0
JPM,1023,OneDay,2024-03-04T00:00:00Z,184.3131,187.2886,183.8738,186.4,3001833.0
JPM,1023,OneDay,2024-03-05T00:00:00Z,186.5398,188.9961,186.3101,188.3071,2729309.0
JPM,1023,OneDay,2024-03-06T00:00:00Z,188.8463,189.7649,187.3286,189.2657,3012379.0
JPM,1023,OneDay,2024-03-07T00:00:00Z,189.8248,189.8248,186.37,187.5682,3031710.0
JPM,1023,OneDay,2024-03-08T00:00:00Z,187.8877,190.1444,187.6481,187.9377,2417888.0
JPM,1023,OneDay,2024-03-11T00:00:00Z,187.079,188.1474,185.9307,188.0375,2183694.0
JPM,1023,OneDay,2024-03-12T00:00:00Z,188.9661,189.8748,187.6281,189.5752,2135008.0
JPM,1023,OneDay,2024-03-13T00:00:00Z,190.3141,191.4125,189.5353,191.1029,2714463.0
JPM,1023,OneDay,2024-03-14T00:00:00Z,190.5537,191.2727,186.8094,187.698,3497386.0
JPM,1023,OneDay,2024-03-15T00:00:00Z,187.6781,190.6436,187.2487,189.9646,3750759.0
JPM,1023,OneDay,2024-03-18T00:00:00Z,190.1843,192.381,189.5453,192.351,2841255.0
JPM,1023,OneDay,2024-03-19T00:00:00Z,192.6706,193.6191,192.0814,193.3196,3007133.0
JPM,1023,OneDay,2024-03-20T00:00:00Z,193.7689,196.2552,193.2796,195.9157,3857345.0
JPM,1023,OneDay,2024-03-21T00:00:00Z,196.1953,199.1109,196.0155,199.0709,3815632.0
JPM,1023,OneDay,2024-03-22T00:00:00Z,199.1808,200.1493,196.2652,196.2851,2867097.0
JPM,1023,OneDay,2024-03-25T00:00:00Z,196.2152,196.6146,194.0585,194.5577,3091386.0
JPM,1023,OneDay,2024-03-26T00:00:00Z,194.1783,196.355,193.7589,195.4464,2259115.0
JPM,1023,OneDay,2024-03-27T00:00:00Z,196.2552,199.2806,196.1753,199.1808,2977348.0
JPM,1023,OneDay,2024-03-28T00:00:00Z,199.3106,200.4089,198.2622,200.0794,3165222.0
JPM,1023,OneDay,2024-04-01T00:00:00Z,200.0495,200.5387,198.2522,198.6316,2730473.0
JPM,1023,OneDay,2024-04-02T00:00:00Z,198.3321,199.4604,197.7729,198.6416,2793021.0
JPM,1023,OneDay,2024-04-03T00:00:00Z,198.7414,199.2307,197.3635,198.0125,3692607.0
JPM,1023,OneDay,2024-04-04T00:00:00Z,198.6516,199.3405,195.2467,195.3965,3786831.0
JPM,1023,OneDay,2024-04-05T00:00:00Z,195.9257,197.8029,194.7974,197.1738,2790653.0
JPM,1023,OneDay,2024-04-08T00:00:00Z,197.8228,198.6316,197.2437,198.2522,3175508.0
JPM,1023,OneDay,2024-04-09T00:00:00Z,197.713,198.4918,194.6077,196.8842,2920287.0
JPM,1023,OneDay,2024-04-10T00:00:00Z,195.2866,196.7444,193.8787,195.1768,3275919.0
JPM,1023,OneDay,2024-04-11T00:00:00Z,195.1668,196.2652,192.9402,195.2467,4295461.0
JPM,1023,OneDay,2024-04-12T00:00:00Z,187.9876,188.5767,182.2462,182.5158,15545137.0
JPM,1023,OneDay,2024-04-15T00:00:00Z,184.2632,187.1289,181.9067,182.6057,7025050.0
JPM,1023,OneDay,2024-04-16T00:00:00Z,182.2163,182.8054,179.3606,180.4889,6913217.0
JPM,1023,OneDay,2024-04-17T00:00:00Z,180.9082,182.1164,178.9212,179.76,4012033.0
JPM,1023,OneDay,2024-04-18T00:00:00Z,181.2477,183.065,179.7899,180.9881,3659705.0
JPM,1023,OneDay,2024-04-19T00:00:00Z,182.0166,185.5812,181.1878,185.2018,4949285.0
JPM,1023,OneDay,2024-04-22T00:00:00Z,186.1004,189.8248,185.8408,188.9162,4392202.0
JPM,1023,OneDay,2024-04-23T00:00:00Z,191.0131,191.9217,190.2342,191.8019,4118936.0
JPM,1023,OneDay,2024-04-24T00:00:00Z,189.8847,192.9102,189.8548,192.8203,2898363.0
JPM,1023,OneDay,2024-04-26T00:00:00Z,192.9202,194.5677,192.6306,193.2497,2492338.0
JPM,1023,OneDay,2024-04-29T00:00:00Z,193.2197,193.9686,192.0914,192.9302,2220527.0
JPM,1023,OneDay,2024-04-30T00:00:00Z,192.4609,194.6875,191.3426,191.4025,2964402.0
JPM,1023,OneDay,2024-05-01T00:00:00Z,191.9916,194.1483,190.4639,191.5622,2912460.0
JPM,1023,OneDay,2024-05-02T00:00:00Z,193.06,193.06,189.2158,191.3725,2710830.0
JPM,1023,OneDay,2024-05-03T00:00:00Z,191.9317,192.1813,188.1474,190.2242,3892012.0
JPM,1023,OneDay,2024-05-06T00:00:00Z,190.9731,191.8718,189.5153,191.8119,3298504.0
JPM,1023,OneDay,2024-05-07T00:00:00Z,191.4923,192.6206,191.3625,191.4324,2930132.0
JPM,1023,OneDay,2024-05-08T00:00:00Z,190.7135,196.345,190.7135,195.3266,4048639.0
JPM,1023,OneDay,2024-05-09T00:00:00Z,194.7674,197.2736,194.7674,197.2038,3496657.0
JPM,1023,OneDay,2024-05-13T00:00:00Z,198.8014,199.5203,197.703,198.352,2547667.0
JPM,1023,OneDay,2024-05-14T00:00:00Z,198.5517,201.2676,197.8727,201.0779,3793566.0
JPM,1023,OneDay,2024-05-15T00:00:00Z,201.8068,202.2961,199.4504,201.8468,3480623.0
JPM,1023,OneDay,2024-05-16T00:00:00Z,201.9966,204.1533,201.1478,202.1164,3501453.0
JPM,1023,OneDay,2024-05-20T00:00:00Z,204.4928,205.4913,195.1069,195.3066,8360069.0
JPM,1023,OneDay,2024-05-21T00:00:00Z,195.8358,199.5802,195.8358,199.2207,5825655.0
JPM,1023,OneDay,2024-05-22T00:00:00Z,198.5817,200.6186,197.3835,198.0026,4171568.0
JPM,1023,OneDay,2024-05-23T00:00:00Z,197.3336,197.9926,195.7759,196.6546,2737167.0
JPM,1023,OneDay,2024-05-28T00:00:00Z,199.1009,200.0994,198.342,199.2806,2621166.0
JPM,1023,OneDay,2024-05-29T00:00:00Z,197.1638,198.6915,196.5447,197.6331,2392438.0
JPM,1023,OneDay,2024-05-30T00:00:00Z,198.1124,199.5303,198.1124,199.021,2618171.0
JPM,1023,OneDay,2024-05-31T00:00:00Z,198.8313,202.9651,198.0425,202.7354,3588415.0
JPM,1023,OneDay,2024-06-03T00:00:00Z,201.697,202.0964,198.8613,201.4673,2521210.0
JPM,1023,OneDay,2024-06-04T00:00:00Z,199.3805,201.6571,197.9626,198.7215,3031033.0
JPM,1023,OneDay,2024-06-05T00:00:00Z,199.0909,199.4803,196.6146,196.8643,3886803.0
JPM,1023,OneDay,2024-06-06T00:00:00Z,196.9441,197.703,194.9871,196.4149,3518160.0
JPM,1023,OneDay,2024-06-07T00:00:00Z,197.1838,200.6086,196.7644,199.6401,2975898.0
JPM,1023,OneDay,2024-06-10T00:00:00Z,198.1623,200.5188,198.0824,199.3306,2184034.0
JPM,1023,OneDay,2024-06-11T00:00:00Z,197.2736,197.2736,193.3396,194.0285,3787591.0
JPM,1023,OneDay,2024-06-12T00:00:00Z,195.9656,196.365,190.9931,190.9931,5665354.0
JPM,1023,OneDay,2024-06-13T00:00:00Z,191.7619,194.2781,190.5837,193.2896,3589545.0
JPM,1023,OneDay,2024-06-14T00:00:00Z,191.2527,194.5477,191.053,193.4294,2726647.0
JPM,1023,OneDay,2024-06-17T00:00:00Z,192.6406,195.2667,192.3211,194.5178,3150664.0
JPM,1023,OneDay,2024-06-18T00:00:00Z,194.1184,197.6331,193.8089,196.6346,3465107.0
JPM,1023,OneDay,2024-06-20T00:00:00Z,196.1753,199.1209,195.7859,198.3121,3386897.0
JPM,1023,OneDay,2024-06-21T00:00:00Z,196.2252,196.6246,193.9087,196.0854,4538642.0
JPM,1023,OneDay,2024-06-24T00:00:00Z,197.3435,198.9112,196.7444,198.6616,4014454.0
JPM,1023,OneDay,2024-06-25T00:00:00Z,197.6631,199.71,197.4434,197.8128,2820748.0
JPM,1023,OneDay,2024-06-26T00:00:00Z,196.9641,197.6231,195.9556,197.1638,2578606.0
JPM,1023,OneDay,2024-06-27T00:00:00Z,197.0939,199.5502,196.6246,198.8613,3102080.0
JPM,1023,OneDay,2024-06-28T00:00:00Z,199.4304,202.2761,199.031,201.8268,4307876.0
JPM,1023,OneDay,2024-07-01T00:00:00Z,202.6156,206.6895,202.3161,205.1019,4366954.0
JPM,1023,OneDay,2024-07-02T00:00:00Z,204.9921,208.4968,204.4529,208.4768,3606608.0
JPM,1023,OneDay,2024-07-03T00:00:00Z,209.026,209.9546,207.3385,207.9376,2567844.0
JPM,1023,OneDay,2024-07-05T00:00:00Z,206.4998,206.8293,204.2032,204.343,3243461.0
JPM,1023,OneDay,2024-07-08T00:00:00Z,204.9421,206.5497,203.664,204.5028,3530831.0
JPM,1023,OneDay,2024-07-09T00:00:00Z,205.2117,209.4154,205.1318,207.2387,3777447.0
JPM,1023,OneDay,2024-07-10T00:00:00Z,205.2517,207.6481,205.2517,207.5183,3402213.0
JPM,1023,OneDay,2024-07-11T00:00:00Z,205.7709,207.7879,205.052,207.009,4539960.0
JPM,1023,OneDay,2024-07-12T00:00:00Z,204.1333,207.1189,201.8268,204.5927,7724163.0
JPM,1023,OneDay,2024-07-15T00:00:00Z,207.3785,211.2526,206.4099,209.7948,4845064.0
JPM,1023,OneDay,2024-07-16T00:00:00Z,209.4653,213.3994,207.688,213.1598,5639042.0
JPM,1023,OneDay,2024-07-17T00:00:00Z,213.9087,217.2137,212.9501,216.5846,5989114.0
JPM,1023,OneDay,2024-07-18T00:00:00Z,215.2766,216.2651,208.8962,209.5252,5740892.0
JPM,1023,OneDay,2024-07-19T00:00:00Z,209.1858,212.0015,208.6466,209.4154,3139012.0
JPM,1023,OneDay,2024-07-22T00:00:00Z,209.9047,211.7918,209.3954,209.9147,2881779.0
JPM,1023,OneDay,2024-07-23T00:00:00Z,210.5837,211.1328,209.016,209.715,2243227.0
JPM,1023,OneDay,2024-07-24T00:00:00Z,209.9147,211.672,207.7479,208.327,2638675.0
JPM,1023,OneDay,2024-07-25T00:00:00Z,208.0275,209.8547,207.7479,208.377,2767250.0
JPM,1023,OneDay,2024-07-26T00:00:00Z,208.8662,212.8203,208.2871,211.9716,3208402.0
JPM,1023,OneDay,2024-07-29T00:00:00Z,212.6006,213.1498,210.2142,210.5837,2680522.0
JPM,1023,OneDay,2024-07-30T00:00:00Z,213.5592,215.4463,212.6306,214.9671,3510634.0
JPM,1023,OneDay,2024-07-31T00:00:00Z,213.7189,216.0454,212.321,212.4309,3549921.0
JPM,1023,OneDay,2024-08-01T00:00:00Z,212.8003,213.4893,206.0704,207.3086,4258360.0
JPM,1023,OneDay,2024-08-02T00:00:00Z,203.5742,204.0335,196.5747,198.382,7738320.0
JPM,1023,OneDay,2024-08-05T00:00:00Z,192.7105,195.8158,190.2542,194.4579,6120654.0
JPM,1023,OneDay,2024-08-06T00:00:00Z,194.8473,202.2861,193.6291,200.0894,4497682.0
JPM,1023,OneDay,2024-08-07T00:00:00Z,203.4743,205.4014,199.8897,199.9896,3664193.0
JPM,1023,OneDay,2024-08-08T00:00:00Z,201.4574,204.5827,201.4574,204.0834,2885116.0
JPM,1023,OneDay,2024-08-09T00:00:00Z,202.7554,206.1303,202.5957,205.5312,2273218.0
JPM,1023,OneDay,2024-08-12T00:00:00Z,206.2102,206.7294,203.3545,205.8907,2196609.0
JPM,1023,OneDay,2024-08-13T00:00:00Z,207.3086,207.7379,205.042,207.658,2530644.0
JPM,1023,OneDay,2024-08-14T00:00:00Z,207.0889,210.4239,206.7594,209.9047,2483787.0
JPM,1023,OneDay,2024-08-15T00:00:00Z,212.9501,213.4893,210.7334,211.1528,2428151.0
JPM,1023,OneDay,2024-08-16T00:00:00Z,211.662,213.709,211.3026,213.649,2765297.0
JPM,1023,OneDay,2024-08-19T00:00:00Z,213.5792,215.1568,213.4893,215.0669,2046284.0
JPM,1023,OneDay,2024-08-20T00:00:00Z,214.8472,215.646,213.3595,214.1483,2353570.0
JPM,1023,OneDay,2024-08-21T00:00:00Z,214.2382,214.5078,212.4708,214.1982,2299949.0
JPM,1023,OneDay,2024-08-22T00:00:00Z,214.0784,216.335,214.0784,216.335,2110729.0
JPM,1023,OneDay,2024-08-23T00:00:00Z,217.1638,218.8313,216.1253,217.8927,2855409.0
JPM,1023,OneDay,2024-08-26T00:00:00Z,218.6715,219.2406,217.693,218.9211,2076017.0
JPM,1023,OneDay,2024-08-27T00:00:00Z,219.4004,220.0494,218.8113,219.8397,2199662.0
JPM,1023,OneDay,2024-08-28T00:00:00Z,219.2107,221.8467,218.8812,220.9281,2883579.0
JPM,1023,OneDay,2024-08-29T00:00:00Z,221.2876,222.6256,218.6116,221.8767,2417060.0
JPM,1023,OneDay,2024-08-30T00:00:00Z,221.8467,225.1218,221.5572,224.6625,2766092.0
JPM,1023,OneDay,2024-09-03T00:00:00Z,222.326,223.7039,218.9111,219.8198,3794462.0
JPM,1023,OneDay,2024-09-04T00:00:00Z,220.2292,221.677,216.8542,218.9211,3274440.0
JPM,1023,OneDay,2024-09-05T00:00:00Z,219.9795,220.329,215.686,217.0739,3295013.0
JPM,1023,OneDay,2024-09-06T00:00:00Z,217.0739,218.372,210.9231,212.0215,3176259.0
JPM,1023,OneDay,2024-09-09T00:00:00Z,215.0669,217.7928,213.7988,216.2951,3429340.0
JPM,1023,OneDay,2024-09-10T00:00:00Z,218.2521,218.2521,200.2592,205.4214,15810159.0
JPM,1023,OneDay,2024-09-11T00:00:00Z,204.4229,207.3685,201.4973,207.1089,5770095.0
JPM,1023,OneDay,2024-09-12T00:00:00Z,207.1288,208.327,204.6026,206.34,3414407.0
JPM,1023,OneDay,2024-09-13T00:00:00Z,205.9906,207.4284,202.7155,204.0135,4686387.0
JPM,1023,OneDay,2024-09-16T00:00:00Z,206.3101,207.8777,205.2616,207.6181,3054018.0
JPM,1023,OneDay,2024-09-17T00:00:00Z,207.4084,209.5951,207.3186,209.046,3369270.0
JPM,1023,OneDay,2024-09-18T00:00:00Z,208.5367,210.9132,206.39,207.2187,3977670.0
JPM,1023,OneDay,2024-09-19T00:00:00Z,209.6151,211.5622,206.9791,210.2841,4696242.0
JPM,1023,OneDay,2024-09-20T00:00:00Z,209.2556,211.0829,209.1858,210.6635,3294245.0
JPM,1023,OneDay,2024-09-23T00:00:00Z,210.9132,211.4523,209.675,211.1428,2508304.0
JPM,1023,OneDay,2024-09-24T00:00:00Z,210.7434,212.5707,210.0445,211.5921,2676924.0
JPM,1023,OneDay,2024-09-25T00:00:00Z,211.5023,211.9017,208.2771,209.8448,2716299.0
JPM,1023,OneDay,2024-09-26T00:00:00Z,211.1029,211.1228,208.6865,209.4753,2878381.0
JPM,1023,OneDay,2024-09-27T00:00:00Z,210.1743,212.0714,208.9761,210.0145,2342553.0
JPM,1023,OneDay,2024-09-30T00:00:00Z,205.8907,210.5537,204.8922,210.5537,2767843.0
JPM,1023,OneDay,2024-10-01T00:00:00Z,208.6565,208.6565,205.8607,206.6695,3282460.0
JPM,1023,OneDay,2024-10-02T00:00:00Z,206.0305,208.5667,205.1518,206.8493,2351660.0
JPM,1023,OneDay,2024-10-03T00:00:00Z,205.3515,206.1403,204.0335,204.8423,3059826.0
JPM,1023,OneDay,2024-10-04T00:00:00Z,209.0659,211.3325,206.6595,210.9032,3624627.0
JPM,1023,OneDay,2024-10-07T00:00:00Z,211.3625,212.9501,209.3156,210.4339,2474836.0
JPM,1023,OneDay,2024-10-08T00:00:00Z,210.1942,210.993,208.0674,210.4439,2599290.0
JPM,1023,OneDay,2024-10-09T00:00:00Z,209.3555,213.8787,208.7165,213.0,2557116.0
JPM,1023,OneDay,2024-10-10T00:00:00Z,213.1298,213.9885,211.1628,212.4209,3112660.0
JPM,1023,OneDay,2024-10-14T00:00:00Z,223.1348,223.1348,218.5517,221.1478,4012892.0
JPM,1023,OneDay,2024-10-15T00:00:00Z,223.4244,225.0819,221.4773,221.7269,3654175.0
JPM,1023,OneDay,2024-10-16T00:00:00Z,221.8767,223.3345,220.6785,223.2047,2689706.0
JPM,1023,OneDay,2024-10-17T00:00:00Z,223.9536,225.4913,222.9151,224.1033,5067060.0
JPM,1023,OneDay,2024-10-21T00:00:00Z,224.7523,225.0119,222.5656,222.7154,2061181.0
JPM,1023,OneDay,2024-10-22T00:00:00Z,222.0164,224.9221,220.7683,223.8736,3947726.0
JPM,1023,OneDay,2024-10-23T00:00:00Z,223.5341,224.4228,222.1562,222.8652,2120915.0
JPM,1023,OneDay,2024-10-24T00:00:00Z,221.4173,224.6824,221.3275,224.6525,2069182.0
JPM,1023,OneDay,2024-10-28T00:00:00Z,222.955,225.2616,222.6155,225.1717,2032240.0
JPM,1023,OneDay,2024-10-29T00:00:00Z,225.3514,226.31,222.4757,222.5556,2725439.0
JPM,1023,OneDay,2024-10-30T00:00:00Z,222.276,225.9405,221.2775,224.303,2687785.0
JPM,1023,OneDay,2024-10-31T00:00:00Z,223.9435,224.9021,221.7668,221.9565,2521179.0
JPM,1023,OneDay,2024-11-01T00:00:00Z,222.935,225.7708,222.316,222.5656,3015300.0
JPM,1023,OneDay,2024-11-04T00:00:00Z,222.6655,223.2446,218.8312,219.4603,3411281.0
JPM,1023,OneDay,2024-11-05T00:00:00Z,219.7898,221.607,219.67,221.1377,2547699.0
JPM,1023,OneDay,2024-11-06T00:00:00Z,234.967,247.568,234.5576,246.6894,11578722.0
JPM,1023,OneDay,2024-11-07T00:00:00Z,243.584,244.0733,234.8472,236.0953,8147399.0
JPM,1023,OneDay,2024-11-08T00:00:00Z,238.4517,238.5815,235.4163,236.5047,3874012.0
JPM,1023,OneDay,2024-11-11T00:00:00Z,239.5501,241.7068,238.7113,238.931,3308765.0
JPM,1023,OneDay,2024-11-12T00:00:00Z,240.0394,240.6884,238.3918,239.2206,2991190.0
JPM,1023,OneDay,2024-11-13T00:00:00Z,240.3988,243.6739,239.7698,240.8481,2993338.0
JPM,1023,OneDay,2024-11-14T00:00:00Z,241.3074,243.8636,240.6884,241.597,3555114.0
JPM,1023,OneDay,2024-11-15T00:00:00Z,242.7653,246.0204,242.1662,244.912,4472005.0
JPM,1023,OneDay,2024-11-18T00:00:00Z,247.2585,247.2585,242.3159,244.7123,3114880.0
JPM,1023,OneDay,2024-11-19T00:00:00Z,241.7568,244.7822,241.1077,242.6854,2683257.0
JPM,1023,OneDay,2024-11-21T00:00:00Z,242.4957,245.0918,241.6669,244.3629,3169478.0
JPM,1023,OneDay,2024-11-22T00:00:00Z,243.0349,248.7363,242.9849,248.0873,2769970.0
JPM,1023,OneDay,2024-11-25T00:00:00Z,249.4652,250.9629,248.6364,249.8247,2563826.0
JPM,1023,OneDay,2024-11-26T00:00:00Z,249.6549,250.4837,247.9375,249.5451,2378177.0
JPM,1023,OneDay,2024-11-27T00:00:00Z,249.5351,250.7632,248.3968,249.3354,2153642.0
JPM,1023,OneDay,2024-12-02T00:00:00Z,248.6265,249.6849,244.6424,246.0004,3151382.0
JPM,1023,OneDay,2024-12-03T00:00:00Z,247.1587,248.4966,244.263,244.3129,2555162.0
JPM,1023,OneDay,2024-12-04T00:00:00Z,244.1132,244.8322,241.8666,242.935,2889118.0
JPM,1023,OneDay,2024-12-05T00:00:00Z,245.0418,246.7792,244.1931,245.1617,2482109.0
JPM,1023,OneDay,2024-12-06T00:00:00Z,245.2316,247.3384,244.4328,247.0588,2212624.0
JPM,1023,OneDay,2024-12-09T00:00:00Z,245.9505,247.2785,243.3544,243.3644,2624679.0
JPM,1023,OneDay,2024-12-10T00:00:00Z,243.1746,246.949,241.8167,242.6454,3587918.0
JPM,1023,OneDay,2024-12-11T00:00:00Z,243.3943,243.7238,241.8167,243.1647,2761082.0
JPM,1023,OneDay,2024-12-12T00:00:00Z,242.8851,243.634,240.6584,241.1876,2430485.0
JPM,1023,OneDay,2024-12-13T00:00:00Z,241.8367,242.1362,238.7413,239.5601,2364166.0
JPM,1023,OneDay,2024-12-16T00:00:00Z,239.64,239.8596,237.1936,239.5101,3099463.0
JPM,1023,OneDay,2024-12-17T00:00:00Z,238.252,238.5116,236.265,238.0424,2630181.0
JPM,1023,OneDay,2024-12-18T00:00:00Z,238.4517,238.5716,229.1757,229.8946,4416527.0
JPM,1023,OneDay,2024-12-19T00:00:00Z,232.6505,235.9255,232.311,232.7303,4122354.0
JPM,1023,OneDay,2024-12-20T00:00:00Z,231.9914,238.8012,231.3324,237.4033,4236261.0
JPM,1023,OneDay,2024-12-24T00:00:00Z,239.1008,242.0563,238.6415,241.9265,1490421.0
JPM,1023,OneDay,2024-12-26T00:00:00Z,240.6884,242.8651,240.6884,242.7852,1722858.0
JPM,1023,OneDay,2024-12-27T00:00:00Z,241.3174,242.9749,239.6499,240.7283,1674342.0
JPM,1023,OneDay,2024-12-30T00:00:00Z,237.9824,240.3589,236.7643,238.9809,1900816.0
JPM,1023,OneDay,2024-12-31T00:00:00Z,239.6899,240.968,238.6514,239.4902,1765580.0
JPM,1023,OneDay,2025-01-02T00:00:00Z,240.259,242.8352,239.0708,239.64,3189347.0
JPM,1023,OneDay,2025-01-03T00:00:00Z,242.6754,244.1232,239.8696,242.925,3647790.0
JPM,1023,OneDay,2025-01-06T00:00:00Z,243.6939,245.2815,240.2091,240.3888,4345631.0
JPM,1023,OneDay,2025-01-07T00:00:00Z,241.5071,244.8721,240.4987,242.7453,4014160.0
JPM,1023,OneDay,2025-01-08T00:00:00Z,242.1062,243.7638,240.1392,242.6754,3243755.0
JPM,1023,OneDay,2025-01-10T00:00:00Z,242.8651,243.1447,238.3619,239.4303,4232112.0
JPM,1023,OneDay,2025-01-13T00:00:00Z,239.2206,243.9834,239.1107,243.7338,4461549.0
JPM,1023,OneDay,2025-01-14T00:00:00Z,242.4957,247.2984,242.0364,247.2984,5792098.0
JPM,1023,OneDay,2025-01-15T00:00:00Z,250.8831,253.2395,243.4243,251.9115,8074990.0
JPM,1023,OneDay,2025-01-16T00:00:00Z,252.8202,256.6444,251.9115,253.7188,7495949.0
JPM,1023,OneDay,2025-01-17T00:00:00Z,253.1197,260.1692,251.7418,258.7811,7094363.0
JPM,1023,OneDay,2025-01-21T00:00:00Z,259.8097,263.7636,258.971,262.6754,6239320.0
JPM,1023,OneDay,2025-01-22T00:00:00Z,261.7566,262.965,259.6799,262.5555,3608794.0
JPM,1023,OneDay,2025-01-23T00:00:00Z,263.2046,266.3598,263.2046,265.2913,3812067.0
JPM,1023,OneDay,2025-01-24T00:00:00Z,264.1032,266.6194,263.2246,264.2431,3454948.0
JPM,1023,OneDay,2025-01-27T00:00:00Z,263.1546,265.4712,261.8765,265.4513,2967703.0
JPM,1023,OneDay,2025-01-28T00:00:00Z,264.8521,266.8191,264.3928,266.7094,3090670.0
JPM,1023,OneDay,2025-01-29T00:00:00Z,267.1087,270.2241,265.1917,266.3798,3478765.0
JPM,1023,OneDay,2025-01-30T00:00:00Z,267.7476,269.2554,266.2401,267.8875,3674769.0
JPM,1023,OneDay,2025-01-31T00:00:00Z,268.9261,270.2738,266.5495,266.7791,2930842.0
JPM,1023,OneDay,2025-02-03T00:00:00Z,262.0162,267.6879,261.7766,266.3898,3608576.0
JPM,1023,OneDay,2025-02-04T00:00:00Z,268.3968,268.5565,266.3898,267.3783,2311469.0
JPM,1023,OneDay,2025-02-05T00:00:00Z,268.3968,270.1441,267.8675,269.9745,2585028.0
JPM,1023,OneDay,2025-02-06T00:00:00Z,271.9913,276.5045,270.7731,276.3149,3335033.0
JPM,1023,OneDay,2025-02-07T00:00:00Z,276.4148,278.0122,274.3079,275.3663,3216004.0
JPM,1023,OneDay,2025-02-10T00:00:00Z,275.1866,275.546,269.1757,270.4138,3776038.0
JPM,1023,OneDay,2025-02-11T00:00:00Z,269.7646,275.7356,269.0458,274.6374,3365101.0
JPM,1023,OneDay,2025-02-12T00:00:00Z,273.7088,275.9952,272.6604,274.977,2723504.0
JPM,1023,OneDay,2025-02-13T00:00:00Z,274.6974,276.4448,273.4093,275.8755,2655927.0
JPM,1023,OneDay,2025-02-14T00:00:00Z,277.2533,278.7411,275.9952,276.1152,2397887.0
JPM,1023,OneDay,2025-02-18T00:00:00Z,276.1552,279.4403,275.6259,279.2503,3104082.0
JPM,1023,OneDay,2025-02-19T00:00:00Z,277.7326,279.7896,276.8041,278.6914,2658923.0
JPM,1023,OneDay,2025-02-20T00:00:00Z,277.8326,277.8326,265.3214,266.3698,6310213.0
JPM,1023,OneDay,2025-02-21T00:00:00Z,267.658,268.7761,262.3858,263.7736,4940773.0
JPM,1023,OneDay,2025-02-24T00:00:00Z,264.5725,266.5195,258.0822,260.898,4658994.0
JPM,1023,OneDay,2025-02-25T00:00:00Z,261.6769,262.3958,252.92,256.904,4392921.0
JPM,1023,OneDay,2025-02-26T00:00:00Z,256.6145,260.4188,256.2351,258.3518,2672768.0
JPM,1023,OneDay,2025-02-27T00:00:00Z,259.1007,263.2046,257.4633,258.6015,3378435.0
JPM,1023,OneDay,2025-02-28T00:00:00Z,260.1491,264.3728,257.4533,264.1032,3463246.0
JPM,1023,OneDay,2025-03-03T00:00:00Z,263.4742,265.8705,257.4033,260.1692,3854447.0
JPM,1023,OneDay,2025-03-04T00:00:00Z,255.3663,255.5361,245.581,249.8247,6173061.0
JPM,1023,OneDay,2025-03-05T00:00:00Z,250.3838,252.6304,247.4782,250.943,3293221.0
JPM,1023,OneDay,2025-03-06T00:00:00Z,247.628,248.8162,243.4842,245.9804,4761814.0
JPM,1023,OneDay,2025-03-07T00:00:00Z,244.6524,246.0503,239.0309,241.8566,7883220.0
JPM,1023,OneDay,2025-03-10T00:00:00Z,235.606,237.0039,228.3269,231.3424,8405532.0
JPM,1023,OneDay,2025-03-11T00:00:00Z,231.652,232.8102,226.32,228.9061,9308291.0
JPM,1023,OneDay,2025-03-12T00:00:00Z,232.8502,233.7588,226.929,227.5481,6882253.0
JPM,1023,OneDay,2025-03-13T00:00:00Z,228.5067,228.8262,223.9236,223.9735,7340219.0
JPM,1023,OneDay,2025-03-14T00:00:00Z,227.8776,232.7603,227.1687,232.1412,5075172.0
JPM,1023,OneDay,2025-03-17T00:00:00Z,230.1542,235.2865,230.1542,233.5291,3689399.0
JPM,1023,OneDay,2025-03-18T00:00:00Z,233.8487,235.6659,233.0499,234.6175,3687964.0
JPM,1023,OneDay,2025-03-19T00:00:00Z,235.1467,241.8766,234.4577,238.8711,4123426.0
JPM,1023,OneDay,2025-03-20T00:00:00Z,235.9056,241.3174,235.9056,238.4018,3931498.0
JPM,1023,OneDay,2025-03-21T00:00:00Z,236.6944,241.8966,236.0953,241.1677,4703628.0
JPM,1023,OneDay,2025-03-24T00:00:00Z,245.1417,248.2969,244.0134,247.5081,3742982.0
JPM,1023,OneDay,2025-03-25T00:00:00Z,248.7463,251.3823,247.2485,250.7033,3405326.0
JPM,1023,OneDay,2025-03-26T00:00:00Z,251.8716,254.258,249.4053,250.5735,4028036.0
JPM,1023,OneDay,2025-03-27T00:00:00Z,248.5366,250.2041,246.7493,247.7378,3417449.0
JPM,1023,OneDay,2025-03-31T00:00:00Z,239.2905,245.4612,236.974,244.6424,4184627.0
JPM,1023,OneDay,2025-04-01T00:00:00Z,242.4058,245.2415,240.5186,243.1746,3459054.0
JPM,1023,OneDay,2025-04-02T00:00:00Z,241.1477,246.8491,241.0978,245.4812,3532488.0
JPM,1023,OneDay,2025-04-03T00:00:00Z,233.649,234.6375,226.929,228.2571,8733684.0
JPM,1023,OneDay,2025-04-04T00:00:00Z,214.8971,216.9241,208.6066,209.9745,13504892.0
JPM,1023,OneDay,2025-04-07T00:00:00Z,204.0534,221.3474,201.7569,214.0784,11365635.0
JPM,1023,OneDay,2025-04-08T00:00:00Z,222.0264,227.2685,212.9101,216.6844,9129581.0
JPM,1023,OneDay,2025-04-10T00:00:00Z,229.2556,229.7348,219.8097,226.6794,8958127.0
JPM,1023,OneDay,2025-04-11T00:00:00Z,226.28,238.1322,224.8122,235.7258,10297993.0
JPM,1023,OneDay,2025-04-14T00:00:00Z,236.295,238.8212,233.2995,234.1282,5563133.0
JPM,1023,OneDay,2025-04-15T00:00:00Z,235.7558,238.2321,232.5107,232.7104,4101873.0
JPM,1023,OneDay,2025-04-16T00:00:00Z,231.602,233.0598,227.5581,229.1757,4149593.0
JPM,1023,OneDay,2025-04-17T00:00:00Z,227.598,233.9185,227.598,231.612,3683528.0
JPM,1023,OneDay,2025-04-21T00:00:00Z,228.6664,231.1827,225.9905,228.6864,3677282.0
JPM,1023,OneDay,2025-04-22T00:00:00Z,231.1427,235.586,230.953,235.1467,3478629.0
JPM,1023,OneDay,2025-04-23T00:00:00Z,239.9695,246.0104,239.8397,240.4787,5416437.0
JPM,1023,OneDay,2025-04-24T00:00:00Z,237.1337,245.0618,237.1337,244.263,3978453.0
JPM,1023,OneDay,2025-04-25T00:00:00Z,243.8037,245.0718,241.2975,243.1547,2743471.0
JPM,1023,OneDay,2025-04-28T00:00:00Z,244.0334,246.3399,240.4687,242.6255,2786202.0
JPM,1023,OneDay,2025-04-29T00:00:00Z,242.1562,244.8022,241.3274,244.3029,3000777.0
JPM,1023,OneDay,2025-04-30T00:00:00Z,240.5186,244.8421,238.0723,243.8536,3720422.0
JPM,1023,OneDay,2025-05-01T00:00:00Z,242.5256,248.0373,241.4972,246.2101,3674628.0
JPM,1023,OneDay,2025-05-02T00:00:00Z,250.8331,253.1596,249.0358,252.0713,2944416.0
JPM,1023,OneDay,2025-05-05T00:00:00Z,250.4837,254.7073,250.1542,252.0014,2580001.0
JPM,1023,OneDay,2025-05-06T00:00:00Z,248.9659,252.1911,248.6065,248.6065,2609435.0
JPM,1023,OneDay,2025-05-07T00:00:00Z,249.4552,252.0413,248.4168,249.0358,3462142.0
JPM,1023,OneDay,2025-05-08T00:00:00Z,251.2325,255.4762,251.2226,253.0199,3723871.0
JPM,1023,OneDay,2025-05-09T00:00:00Z,253.589,255.0368,251.9215,252.6404,2163989.0
JPM,1023,OneDay,2025-05-12T00:00:00Z,261.7666,262.965,258.2421,259.6299,4518136.0
JPM,1023,OneDay,2025-05-13T00:00:00Z,260.2091,263.2544,259.9495,262.5655,3744765.0
JPM,1023,OneDay,2025-05-14T00:00:00Z,262.4558,266.2101,261.9366,265.1717,3446566.0
JPM,1023,OneDay,2025-05-15T00:00:00Z,266.899,269.0857,264.3528,266.7393,4284156.0
JPM,1023,OneDay,2025-05-16T00:00:00Z,266.6694,268.0172,264.2629,267.1287,4034046.0
JPM,1023,OneDay,2025-05-19T00:00:00Z,264.7921,267.8775,261.537,264.4827,5846062.0
JPM,1023,OneDay,2025-05-20T00:00:00Z,261.8666,266.2301,261.8666,265.3314,3252537.0
JPM,1023,OneDay,2025-05-21T00:00:00Z,262.7054,265.0917,260.3289,260.5385,3019580.0
JPM,1023,OneDay,2025-05-22T00:00:00Z,258.991,261.8765,258.7911,260.0593,3053481.0
JPM,1023,OneDay,2025-05-23T00:00:00Z,256.0153,261.557,255.8855,260.1692,3097913.0
JPM,1023,OneDay,2025-05-27T00:00:00Z,262.0063,264.8121,261.4573,264.7324,3151872.0
JPM,1023,OneDay,2025-05-28T00:00:00Z,265.8106,266.1002,262.4957,262.965,2249355.0
JPM,1023,OneDay,2025-05-29T00:00:00Z,264.4228,264.8221,262.1362,263.6239,2164435.0
JPM,1023,OneDay,2025-05-30T00:00:00Z,262.6154,264.902,262.2858,263.554,3572369.0
JPM,1023,OneDay,2025-06-02T00:00:00Z,263.0447,264.6025,261.4573,264.1832,2946823.0
JPM,1023,OneDay,2025-06-03T00:00:00Z,263.4343,266.1501,262.4658,265.9306,3067983.0
JPM,1023,OneDay,2025-06-04T00:00:00Z,265.2116,266.6595,263.8636,264.0533,2607499.0
JPM,1023,OneDay,2025-06-05T00:00:00Z,263.8037,263.9935,259.8496,261.4273,3720577.0
JPM,1023,OneDay,2025-06-06T00:00:00Z,264.3728,266.2201,263.9035,265.3214,3699409.0
JPM,1023,OneDay,2025-06-09T00:00:00Z,264.942,267.4782,262.895,266.2798,3652609.0
JPM,1023,OneDay,2025-06-10T00:00:00Z,265.521,268.4667,265.4513,268.1471,2798794.0
JPM,1023,OneDay,2025-06-11T00:00:00Z,268.2071,269.1956,265.3813,267.6679,2595208.0
JPM,1023,OneDay,2025-06-12T00:00:00Z,266.0202,267.8476,264.6524,267.7576,2473037.0
JPM,1023,OneDay,2025-06-13T00:00:00Z,264.7024,266.6094,262.3059,264.4827,3211612.0
JPM,1023,OneDay,2025-06-16T00:00:00Z,266.6494,271.2924,266.6494,269.7746,3183486.0
JPM,1023,OneDay,2025-06-17T00:00:00Z,267.598,270.1242,267.4083,268.9161,2485110.0
JPM,1023,OneDay,2025-06-18T00:00:00Z,269.2256,277.2733,269.2256,273.519,4418930.0
JPM,1023,OneDay,2025-06-20T00:00:00Z,274.947,276.7941,273.3993,274.0782,3697330.0
JPM,1023,OneDay,2025-06-23T00:00:00Z,274.5875,278.1122,271.652,277.7626,3427227.0
JPM,1023,OneDay,2025-06-24T00:00:00Z,279.5899,282.2759,279.0707,280.7381,4190479.0
JPM,1023,OneDay,2025-06-25T00:00:00Z,281.0777,283.7737,280.4885,283.7436,3092428.0
JPM,1023,OneDay,2025-06-26T00:00:00Z,285.0417,288.946,285.0417,288.3768,3342689.0
JPM,1023,OneDay,2025-06-30T00:00:00Z,289.7146,291.8216,288.4965,289.8146,4536833.0
JPM,1023,OneDay,2025-07-01T00:00:00Z,289.0857,290.5834,286.1502,289.9245,4174440.0
JPM,1023,OneDay,2025-07-02T00:00:00Z,291.562,292.3308,289.2453,291.3623,3830955.0
JPM,1023,OneDay,2025-07-07T00:00:00Z,295.1866,295.4163,289.6349,291.4023,4297967.0
JPM,1023,OneDay,2025-07-08T00:00:00Z,288.916,288.956,279.8595,282.2558,7132052.0
JPM,1023,OneDay,2025-07-09T00:00:00Z,286.3098,286.3098,282.0263,282.6154,4283572.0
JPM,1023,OneDay,2025-07-10T00:00:00Z,282.5755,287.8176,282.5755,287.6079,3721400.0
JPM,1023,OneDay,2025-07-11T00:00:00Z,285.1317,286.869,283.1746,286.2799,3056610.0
JPM,1023,OneDay,2025-07-14T00:00:00Z,286.5695,288.8161,284.8221,288.0672,4684953.0
JPM,1023,OneDay,2025-07-15T00:00:00Z,288.2071,291.2924,284.9718,285.9605,5523392.0
JPM,1023,OneDay,2025-07-16T00:00:00Z,288.0173,290.1741,282.5755,285.3713,4618691.0
JPM,1023,OneDay,2025-07-17T00:00:00Z,281.8966,289.8046,281.8966,289.4253,3878443.0
JPM,1023,OneDay,2025-07-18T00:00:00Z,288.5665,292.0213,287.6579,290.6434,3314763.0
JPM,1023,OneDay,2025-07-21T00:00:00Z,290.5535,293.6789,290.0842,290.4038,2830971.0
JPM,1023,OneDay,2025-07-22T00:00:00Z,290.8731,293.1696,288.6564,290.843,3541835.0
JPM,1023,OneDay,2025-07-23T00:00:00Z,292.5605,296.5045,292.0712,296.1452,2809949.0
JPM,1023,OneDay,2025-07-24T00:00:00Z,296.7341,299.0307,295.506,296.1152,2760655.0
JPM,1023,OneDay,2025-07-25T00:00:00Z,296.5944,298.4118,295.476,298.1521,3071153.0
JPM,1023,OneDay,2025-07-28T00:00:00Z,297.2333,298.9508,296.3648,297.7626,2389649.0
JPM,1023,OneDay,2025-07-29T00:00:00Z,299.3203,300.6384,289.1956,289.1956,2846634.0
JPM,1023,OneDay,2025-07-30T00:00:00Z,295.8355,300.1092,290.1741,298.0522,4197869.0
JPM,1023,OneDay,2025-07-31T00:00:00Z,298.1322,300.2689,294.5575,295.7256,3990743.0
JPM,1023,OneDay,2025-08-01T00:00:00Z,296.0552,296.0552,283.7836,288.7161,9421498.0
JPM,1023,OneDay,2025-08-04T00:00:00Z,288.5665,293.9385,286.7092,293.8186,3277939.0
JPM,1023,OneDay,2025-08-05T00:00:00Z,293.8186,295.3962,286.8091,290.1542,3800955.0
JPM,1023,OneDay,2025-08-06T00:00:00Z,290.1542,292.8101,287.568,290.5635,2770976.0
JPM,1023,OneDay,2025-08-07T00:00:00Z,290.8731,292.8201,283.4542,286.5894,3986820.0
JPM,1023,OneDay,2025-08-08T00:00:00Z,286.8191,290.7632,284.4028,288.1671,3451530.0
JPM,1023,OneDay,2025-08-11T00:00:00Z,287.568,290.833,287.568,288.4268,2354900.0
JPM,1023,OneDay,2025-08-12T00:00:00Z,288.916,294.1681,288.7961,291.8716,4618076.0
JPM,1023,OneDay,2025-08-13T00:00:00Z,292.3708,294.0382,286.7291,290.1041,4278694.0
JPM,1023,OneDay,2025-08-14T00:00:00Z,290.1041,293.9185,287.3483,292.9598,2874680.0
JPM,1023,OneDay,2025-08-15T00:00:00Z,293.8086,295.5659,289.3753,290.0143,2522933.0
JPM,1023,OneDay,2025-08-18T00:00:00Z,290.204,291.4422,284.5725,290.6734,2328605.0
JPM,1023,OneDay,2025-08-19T00:00:00Z,290.6734,291.9712,287.9673,290.1641,3191916.0
JPM,1023,OneDay,2025-08-20T00:00:00Z,290.1641,292.7901,286.7093,291.542,4275894.0
JPM,1023,OneDay,2025-08-21T00:00:00Z,291.542,292.2609,288.9658,290.4735,3438451.0
JPM,1023,OneDay,2025-08-22T00:00:00Z,291.0327,296.6444,289.6349,295.7156,4219010.0
JPM,1023,OneDay,2025-08-25T00:00:00Z,295.7956,296.8641,293.559,294.2879,2825640.0
JPM,1023,OneDay,2025-08-26T00:00:00Z,294.3578,298.3118,292.9598,298.2519,3241162.0
JPM,1023,OneDay,2025-08-27T00:00:00Z,298.2519,300.5784,295.4462,298.8811,3269223.0
JPM,1023,OneDay,2025-08-28T00:00:00Z,298.8811,300.7381,296.5545,300.0991,3536651.0
JPM,1023,OneDay,2025-08-29T00:00:00Z,300.7482,302.4455,298.911,300.928,2668721.0
JPM,1023,OneDay,2025-09-02T00:00:00Z,301.3073,301.4271,293.7386,298.4018,3492883.0
JPM,1023,OneDay,2025-09-03T00:00:00Z,298.5614,299.7896,295.0567,298.5215,3145343.0
JPM,1023,OneDay,2025-09-04T00:00:00Z,299.0607,303.9335,296.5545,302.5355,3595095.0
JPM,1023,OneDay,2025-09-05T00:00:00Z,302.5355,304.5325,293.8385,293.9385,4361376.0
JPM,1023,OneDay,2025-09-08T00:00:00Z,294.877,295.9553,290.863,292.5305,3782126.0
JPM,1023,OneDay,2025-09-09T00:00:00Z,292.4805,298.4317,291.8415,296.5744,4404219.0
JPM,1023,OneDay,2025-09-10T00:00:00Z,296.6145,301.0577,294.7671,300.1292,3918106.0
JPM,1023,OneDay,2025-09-11T00:00:00Z,300.1292,305.2014,299.2504,304.7821,3898809.0
JPM,1023,OneDay,2025-09-12T00:00:00Z,304.7821,307.0187,303.2243,306.3998,2413425.0
JPM,1023,OneDay,2025-09-15T00:00:00Z,305.541,309.435,304.5425,308.5165,3803568.0
JPM,1023,OneDay,2025-09-16T00:00:00Z,308.2968,310.3938,306.6294,308.3868,3824319.0
JPM,1023,OneDay,2025-09-17T00:00:00Z,308.3868,312.4107,308.1172,310.9828,7109652.0
JPM,1023,OneDay,2025-09-18T00:00:00Z,310.823,313.7287,309.0856,311.8815,4032950.0
JPM,1023,OneDay,2025-09-19T00:00:00Z,311.8815,315.2663,308.5365,314.4475,4238210.0
JPM,1023,OneDay,2025-09-22T00:00:00Z,311.3223,313.1496,308.2868,311.592,3652980.0
JPM,1023,OneDay,2025-09-23T00:00:00Z,311.6519,315.7756,310.0741,311.7916,3157053.0
JPM,1023,OneDay,2025-09-24T00:00:00Z,311.7916,316.0452,308.5464,313.0796,3453847.0
JPM,1023,OneDay,2025-09-25T00:00:00Z,313.0796,315.1666,311.1626,312.4704,3574138.0
JPM,1023,OneDay,2025-09-26T00:00:00Z,312.4704,317.1933,312.0612,315.516,3651589.0
JPM,1023,OneDay,2025-09-29T00:00:00Z,316.0352,317.2334,311.2324,314.5374,2628689.0
JPM,1023,OneDay,2025-09-30T00:00:00Z,314.5374,316.6643,309.6349,314.0482,4297817.0
JPM,1023,OneDay,2025-10-01T00:00:00Z,314.0482,314.2678,306.809,310.0342,4845876.0
JPM,1023,OneDay,2025-10-02T00:00:00Z,310.0342,311.532,305.6709,307.0587,4204160.0
JPM,1023,OneDay,2025-10-03T00:00:00Z,307.1386,311.1127,306.9389,309.515,2613339.0
JPM,1023,OneDay,2025-10-06T00:00:00Z,309.0457,311.1626,304.5724,307.7476,3694156.0
JPM,1023,OneDay,2025-10-07T00:00:00Z,307.8775,309.3953,304.1831,307.1187,4803279.0
JPM,1023,OneDay,2025-10-08T00:00:00Z,307.1586,308.3268,303.0447,304.0632,3101022.0
JPM,1023,OneDay,2025-10-09T00:00:00Z,304.0632,307.508,302.9448,305.1516,3122238.0
JPM,1023,OneDay,2025-10-10T00:00:00Z,305.1516,309.8745,300.3588,300.4985,3934664.0
JPM,1023,OneDay,2025-10-13T00:00:00Z,303.1545,308.886,302.825,308.2868,4984494.0
JPM,1023,OneDay,2025-10-14T00:00:00Z,308.2868,313.7985,293.6988,301.5969,9291000.0
JPM,1023,OneDay,2025-10-15T00:00:00Z,301.6369,311.532,300.6982,305.0117,6209121.0
JPM,1023,OneDay,2025-10-16T00:00:00Z,305.441,308.1371,294.5575,298.4615,5269783.0
JPM,1023,OneDay,2025-10-17T00:00:00Z,298.4615,300.6784,292.0113,297.1036,4375780.0
JPM,1023,OneDay,2025-10-20T00:00:00Z,297.4731,303.2143,296.7641,301.9265,3269561.0
JPM,1023,OneDay,2025-10-21T00:00:00Z,301.9265,303.4839,295.5659,296.4545,3605654.0
JPM,1023,OneDay,2025-10-22T00:00:00Z,296.5545,298.3518,290.0542,293.3193,3893705.0
JPM,1023,OneDay,2025-10-23T00:00:00Z,293.2894,295.6958,291.562,293.9682,3187964.0
JPM,1023,OneDay,2025-10-24T00:00:00Z,294.0782,302.1062,293.559,299.9792,3053624.0
JPM,1023,OneDay,2025-10-27T00:00:00Z,300.5684,304.0432,300.3488,303.8636,2629837.0
JPM,1023,OneDay,2025-10-28T00:00:00Z,303.8636,307.4182,301.547,304.2928,3090892.0
JPM,1023,OneDay,2025-10-29T00:00:00Z,304.2928,307.7377,302.5455,304.3328,3981244.0
JPM,1023,OneDay,2025-10-30T00:00:00Z,304.3328,312.0811,301.7166,307.2484,3626275.0
JPM,1023,OneDay,2025-11-03T00:00:00Z,311.4221,312.0412,305.7906,308.5564,3546799.0
JPM,1023,OneDay,2025-11-04T00:00:00Z,308.5564,311.592,304.2328,308.7461,3546799.0
JPM,1023,OneDay,2025-11-05T00:00:00Z,308.7461,312.6004,305.1516,311.2023,3546799.0
JPM,1023,OneDay,2025-11-06T00:00:00Z,311.2023,314.3278,309.7646,313.1794,19035.0
JPM,1023,OneDay,2025-11-07T00:00:00Z,313.1794,313.9185,307.1586,313.7386,19035.0
JPM,1023,OneDay,2025-11-10T00:00:00Z,313.3892,318.911,313.1296,316.4147,2821797.0
JPM,1023,OneDay,2025-11-11T00:00:00Z,316.0252,318.2918,314.5275,314.867,2821797.0
JPM,1023,OneDay,2025-11-12T00:00:00Z,315.0867,321.7066,314.867,320.1191,1014242.0
JPM,1023,OneDay,2025-11-13T00:00:00Z,319.6299,322.1859,308.3368,309.1456,138837.0
JPM,1023,OneDay,2025-11-14T00:00:00Z,309.3853,310.4536,300.9478,303.2343,138837.0
JPM,1023,OneDay,2025-11-17T00:00:00Z,303.8135,305.0517,297.1936,299.0507,4021808.0
JPM,1023,OneDay,2025-11-18T00:00:00Z,299.0507,302.3858,296.5545,298.1422,386726.0
JPM,1023,OneDay,2025-11-19T00:00:00Z,298.1422,303.9335,295.0767,302.4955,386726.0
JPM,1023,OneDay,2025-11-20T00:00:00Z,302.4955,309.3653,297.553,297.7527,940721.0
JPM,1023,OneDay,2025-11-24T00:00:00Z,298.6313,300.5485,294.0282,297.6529,4686614.0
JPM,1023,OneDay,2025-11-25T00:00:00Z,297.9025,304.0033,295.0567,302.0662,251167.0
JPM,1023,OneDay,2025-11-26T00:00:00Z,302.0662,308.0372,300.8681,307.1984,251167.0
JPM,1023,OneDay,2025-11-27T00:00:00Z,307.1984,307.1984,307.0387,307.0387,7223.0
JPM,1023,OneDay,2025-11-28T00:00:00Z,308.2369,313.2093,307.538,312.5404,1811894.0
JPM,1023,OneDay,2025-12-01T00:00:00Z,311.532,313.519,307.6379,308.4565,3338067.0
JPM,1023,OneDay,2025-12-02T00:00:00Z,308.4565,309.9742,304.5425,306.9388,3338067.0
JPM,1023,OneDay,2025-12-03T00:00:00Z,306.9388,311.8815,305.6409,310.9828,1084105.0
JPM,1023,OneDay,2025-12-04T00:00:00Z,310.9828,317.9223,310.4734,314.6971,1315611.0
JPM,1023,OneDay,2025-12-05T00:00:00Z,314.6971,317.9522,312.6404,314.6574,1315611.0
JPM,1023,OneDay,2025-12-08T00:00:00Z,314.6573,315.9452,311.532,314.3778,3799676.0
JPM,1023,OneDay,2025-12-09T00:00:00Z,314.3778,318.2118,299.45,299.5799,6618604.0
JPM,1023,OneDay,2025-12-10T00:00:00Z,299.5799,310.6434,298.0222,309.435,6618604.0
JPM,1023,OneDay,2025-12-11T00:00:00Z,309.4252,317.473,305.8405,316.5544,6618604.0
JPM,1023,OneDay,2025-12-15T00:00:00Z,318.4116,322.3258,317.6529,319.42,5768069.0
JPM,1023,OneDay,2025-12-16T00:00:00Z,319.42,320.4186,313.8885,314.7771,5768069.0
JPM,1023,OneDay,2025-12-17T00:00:00Z,314.7771,318.3917,313.8285,314.807,5768069.0
JPM,1023,OneDay,2025-12-18T00:00:00Z,314.807,317.0937,311.7317,312.5305,1002686.0
JPM,1023,OneDay,2025-12-19T00:00:00Z,312.5704,318.0422,310.8829,316.5444,1002686.0
JPM,1023,OneDay,2025-12-22T00:00:00Z,316.9338,322.7251,312.5305,320.9477,2945199.0
JPM,1023,OneDay,2025-12-23T00:00:00Z,321.2374,327.2583,319.2304,324.9517,175192.0
JPM,1023,OneDay,2025-12-24T00:00:00Z,324.9517,329.465,322.6652,328.2968,175192.0
JPM,1023,OneDay,2025-12-26T00:00:00Z,328.836,330.1838,324.5125,326.6094,1750709.0
JPM,1023,OneDay,2025-12-29T00:00:00Z,327.3482,328.4765,322.5155,323.5239,4357928.0
JPM,1023,OneDay,2025-12-30T00:00:00Z,323.5239,324.4226,321.517,322.1858,4357928.0
JPM,1023,OneDay,2025-12-31T00:00:00Z,322.1858,324.1729,321.517,321.8266,4357928.0
JPM,1023,OneDay,2026-01-02T00:00:00Z,322.5354,325.0717,319.9492,324.0132,3398402.0
JPM,1023,OneDay,2026-01-05T00:00:00Z,323.7636,336.7041,321.3173,332.9197,5008996.0
JPM,1023,OneDay,2026-01-06T00:00:00Z,332.9197,335.2863,329.505,334.1479,5008996.0
JPM,1023,OneDay,2026-01-07T00:00:00Z,334.1479,335.3362,324.0232,325.511,851523.0
JPM,1023,OneDay,2026-01-08T00:00:00Z,326.0302,330.873,324.0631,329.3353,4055156.0
JPM,1023,OneDay,2026-01-09T00:00:00Z,328.5864,331.3223,327.9472,328.6961,4055156.0
JPM,1023,OneDay,2026-01-12T00:00:00Z,325.3113,326.7491,315.1167,323.0147,7070166.0
JPM,1023,OneDay,2026-01-13T00:00:00Z,323.9133,330.0942,310.0841,311.1824,3076640.0
JPM,1023,OneDay,2026-01-14T00:00:00Z,311.1824,312.0012,305.6309,307.3383,1101541.0
JPM,1023,OneDay,2026-01-15T00:00:00Z,307.2883,312.3908,306.839,308.5664,1101541.0
JPM,1023,OneDay,2026-01-16T00:00:00Z,308.5664,316.6941,308.0472,311.9215,1101541.0
JPM,1023,OneDay,2026-01-20T00:00:00Z,307.5879,310.5935,301.3573,302.5455,6769001.0
JPM,1023,OneDay,2026-01-21T00:00:00Z,302.5455,304.822,300.6784,302.0462,6769001.0
JPM,1023,OneDay,2026-01-22T00:00:00Z,302.0462,307.6179,301.6469,302.9547,937593.0
JPM,1023,OneDay,2026-01-23T00:00:00Z,302.845,303.8934,296.0652,297.2734,261744.0
JPM,1023,OneDay,2026-01-26T00:00:00Z,296.6144,301.3073,295.9554,300.0492,6135354.0
JPM,1023,OneDay,2026-01-27T00:00:00Z,300.0492,301.3773,297.6629,299.0407,303381.0
JPM,1023,OneDay,2026-01-28T00:00:00Z,299.0407,301.3073,297.533,300.2988,303381.0
JPM,1023,OneDay,2026-01-29T00:00:00Z,300.2988,306.3298,299.55,305.3413,882515.0
JPM,1023,OneDay,2026-01-30T00:00:00Z,305.3413,307.3583,301.9963,305.501,882515.0
JPM,1023,OneDay,2026-02-02T00:00:00Z,304.9818,308.7961,300.4286,307.0287,5555177.0
JPM,1023,OneDay,2026-02-03T00:00:00Z,307.7776,315.7056,306.5494,313.0297,5555177.0
JPM,1023,OneDay,2026-02-04T00:00:00Z,313.0297,318.7811,311.532,315.8055,5555177.0
JPM,1023,OneDay,2026-02-05T00:00:00Z,315.8055,316.9937,305.0018,308.5464,5555177.0
JPM,1023,OneDay,2026-02-09T00:00:00Z,319.52,325.8805,319.52,321.0676,5802814.0
JPM,1023,OneDay,2026-02-10T00:00:00Z,321.0676,325.5309,314.5674,316.5245,5802814.0
JPM,1023,OneDay,2026-02-11T00:00:00Z,316.0352,324.6721,308.2669,310.6634,5802814.0
JPM,1023,OneDay,2026-02-12T00:00:00Z,310.6634,313.0097,299.5599,301.6966,2801994.0
JPM,1023,OneDay,2026-02-13T00:00:00Z,301.6966,304.9419,296.1551,301.9562,2801994.0
JPM,1023,OneDay,2026-02-17T00:00:00Z,302.825,307.6679,300.5485,306.0502,3769787.0
JPM,1023,OneDay,2026-02-18T00:00:00Z,306.1501,311.6619,305.3513,308.3368,3769787.0
JPM,1023,OneDay,2026-02-19T00:00:00Z,308.3368,309.2853,302.5754,307.6279,3769787.0
JPM,1023,OneDay,2026-02-20T00:00:00Z,307.6279,310.4734,304.842,310.2838,3769787.0
JPM,1023,OneDay,2026-02-23T00:00:00Z,309.0,310.73,295.05,297.5,6869264.0
JPM,1023,OneDay,2026-02-24T00:00:00Z,297.5,299.93,291.3201,297.0,6869264.0
JPM,1023,OneDay,2026-02-25T00:00:00Z,296.77,303.6301,296.0,303.1001,6869264.0
JPM,1023,OneDay,2026-02-26T00:00:00Z,303.1001,308.96,300.0,303.6101,6869264.0
JPM,1023,OneDay,2026-02-27T00:00:00Z,303.5,305.43,294.4199,299.5801,1857036.0
JPM,1023,OneDay,2026-03-02T00:00:00Z,296.0,299.9399,292.25,296.97,4082665.0
JPM,1023,OneDay,2026-03-03T00:00:00Z,296.97,302.3401,289.51,299.28,996031.0
JPM,1023,OneDay,2026-03-04T00:00:00Z,299.28,302.0,295.6699,298.9399,996031.0
JPM,1023,OneDay,2026-03-05T00:00:00Z,298.7,301.1101,292.3901,293.3601,2096557.0
JPM,1023,OneDay,2026-03-06T00:00:00Z,293.3601,295.34,283.6401,289.26,2096557.0
JPM,1023,OneDay,2026-03-09T00:00:00Z,285.0,291.05,280.34,289.8501,6139844.0
JPM,1023,OneDay,2026-03-10T00:00:00Z,289.8999,292.6599,287.1499,288.71,4081700.0
JPM,1023,OneDay,2026-03-11T00:00:00Z,289.0,291.23,284.8701,286.6599,4771079.0
JPM,1023,OneDay,2026-03-12T00:00:00Z,286.79,287.3,279.0,282.72,7697299.0
JPM,1023,OneDay,2026-03-13T00:00:00Z,282.72,287.05,280.0,283.3801,3925954.0
JPM,1023,OneDay,2026-03-16T00:00:00Z,283.26,289.1899,282.0,286.1001,4260980.0
JPM,1023,OneDay,2026-03-17T00:00:00Z,286.1001,291.5901,284.15,286.75,4225089.0
JPM,1023,OneDay,2026-03-18T00:00:00Z,286.8901,289.3401,284.46,287.0,5458522.0
JPM,1023,OneDay,2026-03-19T00:00:00Z,287.1001,289.48,283.5,288.2,5272679.0
JPM,1023,OneDay,2026-03-20T00:00:00Z,288.24,290.6599,285.0,286.3,4056442.0
JPM,1023,OneDay,2026-03-23T00:00:00Z,286.56,295.23,282.52,289.71,4677820.0
JPM,1023,OneDay,2026-03-24T00:00:00Z,289.71,295.4199,285.3,292.6001,5047707.0
JPM,1023,OneDay,2026-03-25T00:00:00Z,292.6001,297.53,292.3301,295.01,8060693.0
JPM,1023,OneDay,2026-03-26T00:00:00Z,295.45,295.45,290.0,292.2,3664010.0
JPM,1023,OneDay,2026-03-27T00:00:00Z,292.2,292.81,281.72,282.8,4366642.0
JPM,1023,OneDay,2026-03-30T00:00:00Z,281.34,287.1201,280.34,283.4199,6529508.0
JPM,1023,OneDay,2026-03-31T00:00:00Z,283.47,295.03,282.0,291.8401,7243839.0
JPM,1023,OneDay,2026-04-01T00:00:00Z,292.0,298.6101,292.0,295.0,5285782.0
JPM,1023,OneDay,2026-04-02T00:00:00Z,295.0,295.69,288.6799,294.7,3756149.0
JPM,1023,OneDay,2026-04-03T00:00:00Z,294.79,294.8501,294.6101,294.6599,18696.0
JPM,1023,OneDay,2026-04-06T00:00:00Z,291.0,296.75,291.0,295.1101,3084279.0
JPM,1023,OneDay,2026-04-07T00:00:00Z,295.1101,298.0901,292.0,297.0,3321884.0
JPM,1023,OneDay,2026-04-08T00:00:00Z,297.47,311.0801,297.47,307.01,4565827.0
JPM,1023,OneDay,2026-04-09T00:00:00Z,307.01,311.25,305.0,309.3999,3737001.0
JPM,1023,OneDay,2026-04-10T00:00:00Z,309.6001,310.7,306.6101,309.74,2551584.0
JPM,1023,OneDay,2026-04-13T00:00:00Z,305.05,313.8501,303.0,313.0,4079388.0
JPM,1023,OneDay,2026-04-14T00:00:00Z,313.3401,318.4299,302.0,310.5,6465349.0
JPM,1023,OneDay,2026-04-15T00:00:00Z,310.5,313.8801,302.3999,306.1401,5137324.0
JPM,1023,OneDay,2026-04-16T00:00:00Z,306.0601,309.8701,304.49,308.51,4096454.0
JPM,1023,OneDay,2026-04-17T00:00:00Z,308.51,314.8201,308.51,310.3201,4026304.0
JPM,1023,OneDay,2026-04-20T00:00:00Z,307.75,317.05,307.1401,316.8801,4202599.0
JPM,1023,OneDay,2026-04-21T00:00:00Z,316.99,320.11,311.78,314.3,3713810.0
JPM,1023,OneDay,2026-04-22T00:00:00Z,314.3,315.95,311.78,312.0,2705314.0
JPM,1023,OneDay,2026-04-23T00:00:00Z,312.8,314.94,308.01,311.0,3017993.0
JPM,1023,OneDay,2026-04-24T00:00:00Z,311.0,311.74,307.88,308.2,2061886.0
JPM,1023,OneDay,2026-04-27T00:00:00Z,308.0,312.55,306.0,310.4,3858006.0
JPM,1023,OneDay,2026-04-28T00:00:00Z,311.18,315.25,306.75,311.09,3829712.0
JPM,1023,OneDay,2026-04-29T00:00:00Z,311.09,312.75,306.0,308.47,3396952.0
JPM,1023,OneDay,2026-04-30T00:00:00Z,308.1,314.07,306.0,312.81,3905786.0
JPM,1023,OneDay,2026-05-01T00:00:00Z,313.2,315.97,308.0,312.56,2174508.0
JPM,1023,OneDay,2026-05-04T00:00:00Z,312.0,312.51,306.5,307.57,3355171.0
JPM,1023,OneDay,2026-05-05T00:00:00Z,307.57,310.92,306.0,309.0,3431121.0
JPM,1023,OneDay,2026-05-06T00:00:00Z,309.0,316.2,308.1,313.68,3939562.0
JPM,1023,OneDay,2026-05-07T00:00:00Z,314.26,315.31,306.08,306.6,4032606.0
JPM,1023,OneDay,2026-05-08T00:00:00Z,306.6,308.84,300.42,302.06,3807986.0
JPM,1023,OneDay,2026-05-11T00:00:00Z,301.87,303.15,298.28,299.0,3993175.0
JPM,1023,OneDay,2026-05-12T00:00:00Z,299.0,306.0,295.5,304.51,5235588.0
JPM,1023,OneDay,2026-05-13T00:00:00Z,304.51,305.04,300.09,300.32,4010167.0
JPM,1023,OneDay,2026-05-14T00:00:00Z,300.36,303.61,298.77,299.75,3456579.0
JPM,1023,OneDay,2026-05-15T00:00:00Z,299.92,300.64,296.37,297.82,2715187.0
JPM,1023,OneDay,2026-05-18T00:00:00Z,297.81,301.18,295.72,298.55,3151903.0
JPM,1023,OneDay,2026-05-19T00:00:00Z,298.64,301.3,295.0,295.75,4225901.0
JPM,1023,OneDay,2026-05-20T00:00:00Z,295.78,302.85,293.5,301.38,4461446.0
JPM,1023,OneDay,2026-05-21T00:00:00Z,301.38,303.89,300.0,303.1,3693050.0
JPM,1023,OneDay,2026-05-22T00:00:00Z,303.0,307.29,302.0,306.53,2020972.0
JPM,1023,OneDay,2026-05-26T00:00:00Z,307.28,309.81,305.42,306.24,3651643.0
JPM,1023,OneDay,2026-05-27T00:00:00Z,306.24,308.2,295.8,299.05,7268797.0
JPM,1023,OneDay,2026-05-28T00:00:00Z,299.13,300.99,293.0,296.5,5025963.0
JPM,1023,OneDay,2026-05-29T00:00:00Z,296.64,299.38,295.05,298.87,3519351.0
JPM,1023,OneDay,2026-06-01T00:00:00Z,298.81,299.45,295.0,296.1,3742417.0
JPM,1023,OneDay,2026-06-02T00:00:00Z,296.1,302.04,295.2,300.04,3935729.0
JPM,1023,OneDay,2026-06-03T00:00:00Z,300.04,301.92,296.43,300.15,3165904.0
JPM,1023,OneDay,2026-06-04T00:00:00Z,300.31,312.86,298.0,310.0,5019720.0
JPM,1023,OneDay,2026-06-05T00:00:00Z,310.03,314.58,309.54,313.08,3467423.0
JPM,1023,OneDay,2026-06-08T00:00:00Z,312.26,316.14,307.0,311.02,2906679.0
JPM,1023,OneDay,2026-06-09T00:00:00Z,311.02,316.27,309.13,311.0,4535837.0
JPM,1023,OneDay,2026-06-10T00:00:00Z,311.0,314.62,308.67,309.0,3533031.0
JPM,1023,OneDay,2026-06-11T00:00:00Z,309.0,314.7,307.64,313.49,4681989.0
JPM,1023,OneDay,2026-06-12T00:00:00Z,313.5,321.28,310.0,320.67,2891455.0
JPM,1023,OneDay,2026-06-15T00:00:00Z,321.53,325.81,315.0,319.41,3858709.0
JPM,1023,OneDay,2026-06-16T00:00:00Z,319.41,331.7,316.36,330.1,4725528.0
JPM,1023,OneDay,2026-06-17T00:00:00Z,330.48,337.7,328.2,331.41,5236448.0
JPM,1023,OneDay,2026-06-18T00:00:00Z,333.58,337.98,324.05,325.75,6990606.0
JPM,1023,OneDay,2026-06-19T00:00:00Z,325.75,326.02,325.75,325.75,82450.0
JPM,1023,OneDay,2026-06-22T00:00:00Z,323.2,332.71,320.16,331.6,5218024.0
JPM,1023,OneDay,2026-06-23T00:00:00Z,331.6,335.31,325.0,333.61,3234868.0
JPM,1023,OneDay,2026-06-24T00:00:00Z,333.61,336.1,329.59,335.0,3296796.0
JPM,1023,OneDay,2026-06-25T00:00:00Z,335.0,343.16,330.51,335.1,5107983.0
JPM,1023,OneDay,2026-06-26T00:00:00Z,336.06,337.51,327.5,328.51,4531378.0
JPM,1023,OneDay,2026-06-29T00:00:00Z,329.5,332.36,326.0,329.41,4118180.0
JPM,1023,OneDay,2026-06-30T00:00:00Z,329.41,330.37,325.0,326.66,3017134.0
JPM,1023,OneDay,2026-07-01T00:00:00Z,326.66,335.61,324.08,332.6,9242049.0
JPM,1023,OneDay,2026-07-02T00:00:00Z,333.29,338.02,331.67,333.63,3111543.0
JPM,1023,OneDay,2026-07-03T00:00:00Z,334.26,334.8,333.63,333.63,49879.0
JPM,1023,OneDay,2026-07-06T00:00:00Z,329.5,339.58,329.32,337.5,2894165.0
JPM,1023,OneDay,2026-07-07T00:00:00Z,337.5,342.28,334.0,338.62,4188480.0
JPM,1023,OneDay,2026-07-08T00:00:00Z,338.62,339.13,328.5,330.56,11882690.0
JPM,1023,OneDay,2026-07-09T00:00:00Z,330.8,336.91,330.36,334.56,8292211.0
JPM,1023,OneDay,2026-07-10T00:00:00Z,334.56,338.84,334.0,336.07,2042999.0
JPM,1023,OneDay,2026-07-13T00:00:00Z,335.18,338.49,331.9,334.37,3562029.0
JPM,1023,OneDay,2026-07-14T00:00:00Z,334.37,344.55,324.2,342.2,7251292.0
JPM,1023,OneDay,2026-07-15T00:00:00Z,342.2,350.93,338.13,346.61,5476729.0
JPM,1023,OneDay,2026-07-16T00:00:00Z,346.0,348.22,340.89,342.79,7835407.0
JPM,1023,OneDay,2026-07-17T00:00:00Z,342.0,346.1,335.0,341.41,3429913.0
JPM,1023,OneDay,2026-07-20T00:00:00Z,341.49,343.98,337.1,338.88,2833927.0
JPM,1023,OneDay,2026-07-21T00:00:00Z,338.88,345.66,335.0,343.1,2648172.0
JPM,1023,OneDay,2026-07-22T00:00:00Z,344.5,349.03,342.39,348.3,3958350.0
JPM,1023,OneDay,2026-07-23T00:00:00Z,348.3,350.31,345.27,348.0,7345811.0
JPM,1023,OneDay,2026-07-24T00:00:00Z,349.5,353.3,347.26,352.9,2371269.0
JPM,1023,OneDay,2026-07-27T00:00:00Z,354.0,358.94,350.0,356.0,3662897.0
JPM,1023,OneDay,2026-07-28T00:00:00Z,356.01,359.62,350.0,357.0,3070346.0
JPM,1023,OneDay,2026-07-29T00:00:00Z,357.6,358.84,343.8,344.67,4136922.0
JPM,1023,OneDay,2026-07-30T00:00:00Z,344.67,352.23,341.97,350.07,3894737.0
JPM,1023,OneDay,2026-07-31T00:00:00Z,350.1,354.43,347.97,351.85,2105134.0
JPM,1023,OneDay,2026-08-03T00:00:00Z,351.79,356.49,350.0,351.28,2819071.0
JPM,1023,OneDay,2026-08-04T00:00:00Z,351.28,362.94,350.02,357.52,4353378.0
JPM,1023,OneDay,2026-08-05T00:00:00Z,357.52,362.08,355.12,359.0,2846985.0
JPM,1023,OneDay,2026-08-06T00:00:00Z,358.95,363.34,354.86,355.64,2946182.0
JPM,1023,OneDay,2026-08-07T00:00:00Z,355.64,358.8,353.25,357.68,2036512.0
JPM,1023,OneDay,2026-08-10T00:00:00Z,355.1,359.95,355.0,358.75,2470897.0
JPM,1023,OneDay,2026-08-11T00:00:00Z,358.75,363.07,355.03,362.13,2058020.0
JPM,1023,OneDay,2026-08-12T00:00:00Z,362.14,366.03,358.0,365.0,2239221.0
JPM,1023,OneDay,2026-08-13T00:00:00Z,365.0,368.3,359.75,362.4,2597878.0
JPM,1023,OneDay,2026-08-14T00:00:00Z,362.4,365.75,360.24,362.5,2176295.0
JPM,1023,OneDay,2026-08-17T00:00:00Z,361.0,365.65,360.0,360.8,2762212.0
JPM,1023,OneDay,2026-08-18T00:00:00Z,360.8,363.54,358.0,362.0,2665546.0
JPM,1023,OneDay,2026-08-19T00:00:00Z,362.8,365.32,353.98,357.11,3378306.0
JPM,1023,OneDay,2026-08-20T00:00:00Z,357.35,358.29,352.4,352.68,1963930.0
V,1046,OneDay,2022-07-22T00:00:00Z,217.4042,217.6539,211.8691,213.3978,
V,1046,OneDay,2022-07-25T00:00:00Z,214.307,214.4968,211.3097,214.197,
V,1046,OneDay,2022-07-26T00:00:00Z,213.5077,214.7665,211.5394,212.4986,
V,1046,OneDay,2022-07-27T00:00:00Z,210.91,216.505,201.0389,209.811,
V,1046,OneDay,2022-07-28T00:00:00Z,210.3106,212.5086,207.643,210.3905,
V,1046,OneDay,2022-07-29T00:00:00Z,211.4295,213.8973,209.6312,212.0889,
V,1046,OneDay,2022-08-01T00:00:00Z,208.9118,213.7774,207.3732,211.0499,
V,1046,OneDay,2022-08-02T00:00:00Z,207.4931,208.5821,203.7265,206.0544,
V,1046,OneDay,2022-08-03T00:00:00Z,207.5231,210.0907,206.6339,208.0626,
V,1046,OneDay,2022-08-04T00:00:00Z,209.9209,214.6866,208.3124,213.2879,
V,1046,OneDay,2022-08-05T00:00:00Z,210.3205,215.7157,210.3106,215.5858,
V,1046,OneDay,2022-08-08T00:00:00Z,215.2761,216.3351,211.8292,212.9981,
V,1046,OneDay,2022-08-09T00:00:00Z,211.5694,213.178,209.5113,209.9709,
V,1046,OneDay,2022-08-10T00:00:00Z,214.227,214.3969,211.0699,211.6993,
V,1046,OneDay,2022-08-11T00:00:00Z,213.148,213.148,210.3905,210.7701,
V,1046,OneDay,2022-08-12T00:00:00Z,212.7683,212.7683,209.9109,211.1198,
V,1046,OneDay,2022-08-15T00:00:00Z,210.1607,216.515,210.1607,216.1153,
V,1046,OneDay,2022-08-16T00:00:00Z,214.3169,217.3842,211.8991,216.9246,
V,1046,OneDay,2022-08-17T00:00:00Z,214.8165,215.9455,212.5186,214.197,
V,1046,OneDay,2022-08-18T00:00:00Z,213.4577,215.7856,212.2188,214.9364,
V,1046,OneDay,2022-08-19T00:00:00Z,213.9173,214.8964,211.979,212.4986,
V,1046,OneDay,2022-08-22T00:00:00Z,208.8319,210.93,208.0326,208.3223,
V,1046,OneDay,2022-08-23T00:00:00Z,207.7628,209.0417,206.3341,206.534,
V,1046,OneDay,2022-08-24T00:00:00Z,206.0144,208.1525,205.4449,206.4141,
V,1046,OneDay,2022-08-25T00:00:00Z,206.9935,209.5712,206.2442,209.5412,
V,1046,OneDay,2022-08-26T00:00:00Z,209.4214,209.9509,202.5575,202.6974,
V,1046,OneDay,2022-08-29T00:00:00Z,200.969,203.7565,200.4195,202.068,
V,1046,OneDay,2022-08-30T00:00:00Z,203.3768,204.0662,199.9998,201.0689,
V,1046,OneDay,2022-08-31T00:00:00Z,200.5094,202.8673,198.3313,198.4912,
V,1046,OneDay,2022-09-01T00:00:00Z,198.1515,200.1597,196.483,200.0398,
V,1046,OneDay,2022-09-02T00:00:00Z,201.9481,201.9481,196.6628,197.5421,
V,1046,OneDay,2022-09-06T00:00:00Z,197.622,199.81,196.1733,198.4213,
V,1046,OneDay,2022-09-07T00:00:00Z,198.4013,200.939,196.9925,200.1997,
V,1046,OneDay,2022-09-08T00:00:00Z,197.1624,200.899,196.7028,200.4394,
V,1046,OneDay,2022-09-09T00:00:00Z,201.7882,206.1943,201.1588,205.0153,
V,1046,OneDay,2022-09-12T00:00:00Z,206.3691,207.4507,205.0819,206.2601,
V,1046,OneDay,2022-09-13T00:00:00Z,201.697,203.1049,198.5517,199.1209,
V,1046,OneDay,2022-09-14T00:00:00Z,199.3306,200.5387,197.723,199.1009,
V,1046,OneDay,2022-09-15T00:00:00Z,198.0026,199.9696,194.2282,195.0071,
V,1046,OneDay,2022-09-16T00:00:00Z,189.5852,193.5193,187.8478,193.04,
V,1046,OneDay,2022-09-19T00:00:00Z,190.4739,193.6092,190.3141,192.8303,
V,1046,OneDay,2022-09-20T00:00:00Z,190.8533,192.7105,189.9946,191.6721,
V,1046,OneDay,2022-09-21T00:00:00Z,192.401,192.6805,186.7195,186.7295,
V,1046,OneDay,2022-09-22T00:00:00Z,186.2402,186.8892,184.3431,185.4115,
V,1046,OneDay,2022-09-23T00:00:00Z,182.9252,184.2332,181.8967,183.8139,
V,1046,OneDay,2022-09-26T00:00:00Z,182.2862,184.1833,179.6302,180.1893,
V,1046,OneDay,2022-09-27T00:00:00Z,181.9067,184.5328,176.7345,177.6032,
V,1046,OneDay,2022-09-28T00:00:00Z,176.7744,179.8199,174.5378,178.8713,
V,1046,OneDay,2022-09-29T00:00:00Z,178.2722,181.9067,178.2722,179.76,
V,1046,OneDay,2022-09-30T00:00:00Z,179.5403,182.6157,177.3036,177.5633,
V,1046,OneDay,2022-10-03T00:00:00Z,179.5203,183.065,177.8129,181.2677,
V,1046,OneDay,2022-10-04T00:00:00Z,184.7225,185.9107,182.7555,185.3016,
V,1046,OneDay,2022-10-05T00:00:00Z,183.075,188.4968,183.075,187.3685,
V,1046,OneDay,2022-10-06T00:00:00Z,186.2901,187.698,184.9522,185.2817,
V,1046,OneDay,2022-10-07T00:00:00Z,183.1748,184.3131,181.6371,183.6441,
V,1046,OneDay,2022-10-10T00:00:00Z,183.6142,184.423,180.5887,182.0066,
V,1046,OneDay,2022-10-11T00:00:00Z,179.9097,181.3476,177.8928,178.8114,
V,1046,OneDay,2022-10-12T00:00:00Z,178.9212,180.3191,177.8628,177.9427,
V,1046,OneDay,2022-10-13T00:00:00Z,174.6876,185.082,174.4579,184.2133,
V,1046,OneDay,2022-10-14T00:00:00Z,186.2802,186.7794,181.7669,182.0465,
V,1046,OneDay,2022-10-17T00:00:00Z,185.4913,188.2272,182.386,184.9422,
V,1046,OneDay,2022-10-18T00:00:00Z,189.0061,189.3755,185.3615,186.9891,
V,1046,OneDay,2022-10-19T00:00:00Z,185.1718,187.3386,184.4629,186.1603,
V,1046,OneDay,2022-10-20T00:00:00Z,186.1603,190.6736,186.1603,186.6197,
V,1046,OneDay,2022-10-21T00:00:00Z,185.3316,190.6236,184.7225,190.1543,
V,1046,OneDay,2022-10-24T00:00:00Z,190.9232,192.7305,188.7165,190.3441,
V,1046,OneDay,2022-10-25T00:00:00Z,190.4539,194.9172,190.4239,194.1583,
V,1046,OneDay,2022-10-26T00:00:00Z,196.2252,206.0405,196.2152,203.015,
V,1046,OneDay,2022-10-27T00:00:00Z,202.7055,205.9606,201.2577,203.9237,
V,1046,OneDay,2022-10-28T00:00:00Z,204.2132,211.1828,203.015,209.0959,
V,1046,OneDay,2022-10-31T00:00:00Z,208.357,209.1658,205.8807,206.5098,
V,1046,OneDay,2022-11-01T00:00:00Z,208.4868,209.5852,204.9921,206.5597,
V,1046,OneDay,2022-11-02T00:00:00Z,205.2217,206.5198,200.1993,200.6785,
V,1046,OneDay,2022-11-03T00:00:00Z,197.703,198.3321,193.8887,194.4878,
V,1046,OneDay,2022-11-04T00:00:00Z,196.2252,201.1279,195.017,196.5248,
V,1046,OneDay,2022-11-07T00:00:00Z,197.9526,200.1094,196.8643,199.7499,
V,1046,OneDay,2022-11-08T00:00:00Z,200.6985,203.8038,199.4204,201.5273,
V,1046,OneDay,2022-11-09T00:00:00Z,200.0495,200.9082,193.02,193.5293,
V,1046,OneDay,2022-11-10T00:00:00Z,202.5457,205.4314,199.7,205.1718,
V,1046,OneDay,2022-11-11T00:00:00Z,204.6026,206.0904,201.8168,204.5927,
V,1046,OneDay,2022-11-14T00:00:00Z,203.0649,208.8163,202.6456,206.6196,
V,1046,OneDay,2022-11-15T00:00:00Z,209.0859,213.3595,207.1888,209.715,
V,1046,OneDay,2022-11-16T00:00:00Z,207.9876,210.5337,207.9077,209.9546,
V,1046,OneDay,2022-11-17T00:00:00Z,207.3086,210.8233,207.2786,210.7933,
V,1046,OneDay,2022-11-18T00:00:00Z,212.5607,213.669,209.2457,210.4039,
V,1046,OneDay,2022-11-21T00:00:00Z,209.026,210.1044,205.5512,205.7709,
V,1046,OneDay,2022-11-22T00:00:00Z,206.7694,210.1243,205.032,209.8547,
V,1046,OneDay,2022-11-23T00:00:00Z,209.5252,212.4908,209.5252,211.3525,
V,1046,OneDay,2022-11-25T00:00:00Z,211.1029,213.649,211.1029,213.4993,
V,1046,OneDay,2022-11-28T00:00:00Z,211.2027,214.0684,210.3939,210.7234,
V,1046,OneDay,2022-11-29T00:00:00Z,208.5367,209.7449,206.9891,208.357,
V,1046,OneDay,2022-11-30T00:00:00Z,207.7279,215.8058,207.698,215.8058,
V,1046,OneDay,2022-12-01T00:00:00Z,216.5048,218.2721,214.9371,216.6845,
V,1046,OneDay,2022-12-02T00:00:00Z,215.2766,218.1123,213.8787,217.3235,
V,1046,OneDay,2022-12-05T00:00:00Z,215.2966,216.5647,212.7005,213.4394,
V,1046,OneDay,2022-12-06T00:00:00Z,211.4224,211.7319,207.2187,208.8263,
V,1046,OneDay,2022-12-07T00:00:00Z,208.1673,208.5867,204.7424,207.4284,
V,1046,OneDay,2022-12-08T00:00:00Z,208.5567,209.9646,207.3885,208.6266,
V,1046,OneDay,2022-12-09T00:00:00Z,207.4084,210.1843,207.009,208.2671,
V,1046,OneDay,2022-12-12T00:00:00Z,209.2856,214.4778,208.1773,214.2382,
V,1046,OneDay,2022-12-13T00:00:00Z,219.2806,219.5702,212.2611,212.7404,
V,1046,OneDay,2022-12-14T00:00:00Z,212.4409,215.9057,211.2027,212.9501,
V,1046,OneDay,2022-12-15T00:00:00Z,208.9162,211.2826,206.4798,207.8877,
V,1046,OneDay,2022-12-16T00:00:00Z,206.8393,207.9276,204.9821,206.5797,
V,1046,OneDay,2022-12-19T00:00:00Z,205.5312,207.0789,203.6241,204.4928,
V,1046,OneDay,2022-12-20T00:00:00Z,202.9651,206.1903,202.9651,205.042,
V,1046,OneDay,2022-12-21T00:00:00Z,205.8707,207.6181,205.2616,206.5297,
V,1046,OneDay,2022-12-22T00:00:00Z,205.2816,206.0505,201.8068,204.7924,
V,1046,OneDay,2022-12-23T00:00:00Z,202.6755,205.8508,202.6755,205.4713,
V,1046,OneDay,2022-12-27T00:00:00Z,205.3515,206.5397,204.2532,205.9606,
V,1046,OneDay,2022-12-28T00:00:00Z,205.9806,208.1174,204.4828,204.7225,
V,1046,OneDay,2022-12-29T00:00:00Z,205.2017,208.2172,205.1718,207.5882,
V,1046,OneDay,2022-12-30T00:00:00Z,205.9706,207.5981,205.3915,207.4583,
V,1046,OneDay,2023-01-03T00:00:00Z,209.0759,211.8817,205.8108,206.9591,
V,1046,OneDay,2023-01-04T00:00:00Z,209.3255,212.8502,209.3255,212.341,
V,1046,OneDay,2023-01-05T00:00:00Z,213.1798,213.689,210.1144,210.7334,
V,1046,OneDay,2023-01-06T00:00:00Z,213.3395,217.7928,212.7304,217.4733,
V,1046,OneDay,2023-01-09T00:00:00Z,218.6815,221.8567,217.9925,218.3021,
V,1046,OneDay,2023-01-10T00:00:00Z,218.2621,222.0464,217.6231,220.6785,
V,1046,OneDay,2023-01-11T00:00:00Z,220.8382,221.8268,219.3705,221.8268,
V,1046,OneDay,2023-01-12T00:00:00Z,221.0379,223.4443,220.2591,223.3045,
V,1046,OneDay,2023-01-13T00:00:00Z,220.9281,223.4044,219.8397,222.6455,
V,1046,OneDay,2023-01-17T00:00:00Z,222.0464,224.0035,222.0265,222.5557,
V,1046,OneDay,2023-01-18T00:00:00Z,223.4643,224.5926,219.0409,219.1508,
V,1046,OneDay,2023-01-19T00:00:00Z,217.2736,221.1578,217.2736,220.0494,
V,1046,OneDay,2023-01-20T00:00:00Z,220.349,224.0734,220.0394,224.0135,
V,1046,OneDay,2023-01-23T00:00:00Z,224.363,225.8208,222.7953,223.8238,
V,1046,OneDay,2023-01-24T00:00:00Z,234.9371,237.5332,219.68,223.5442,
V,1046,OneDay,2023-01-25T00:00:00Z,221.3874,224.5527,220.7883,224.4628,
V,1046,OneDay,2023-01-26T00:00:00Z,225.5012,226.6595,223.3345,224.363,
V,1046,OneDay,2023-01-27T00:00:00Z,227.1987,232.3709,226.9291,230.9331,
V,1046,OneDay,2023-01-30T00:00:00Z,229.1558,230.0045,227.5981,228.7663,
V,1046,OneDay,2023-01-31T00:00:00Z,228.2172,230.3639,227.9176,229.9246,
V,1046,OneDay,2023-02-01T00:00:00Z,228.8063,232.291,227.2386,230.6036,
V,1046,OneDay,2023-02-02T00:00:00Z,233.1597,233.8787,228.0075,229.1558,
V,1046,OneDay,2023-02-03T00:00:00Z,227.6979,230.4838,227.1887,229.8447,
V,1046,OneDay,2023-02-06T00:00:00Z,228.1672,229.9046,227.9176,229.016,
V,1046,OneDay,2023-02-07T00:00:00Z,227.5681,231.7419,227.5681,230.8133,
V,1046,OneDay,2023-02-08T00:00:00Z,229.9945,231.4723,229.635,230.0244,
V,1046,OneDay,2023-02-09T00:00:00Z,231.1727,231.7519,228.7763,228.986,
V,1046,OneDay,2023-02-10T00:00:00Z,228.5966,229.5152,225.7808,226.7793,
V,1046,OneDay,2023-02-13T00:00:00Z,226.1902,229.4553,225.9206,228.4268,
V,1046,OneDay,2023-02-14T00:00:00Z,228.1573,231.0529,226.6994,228.996,
V,1046,OneDay,2023-02-15T00:00:00Z,226.989,228.7064,226.3999,228.4967,
V,1046,OneDay,2023-02-16T00:00:00Z,225.8607,228.0175,225.3215,225.4713,
V,1046,OneDay,2023-02-17T00:00:00Z,223.2546,224.3829,221.3575,223.2247,
V,1046,OneDay,2023-02-21T00:00:00Z,220.4189,222.0764,219.65,220.2292,
V,1046,OneDay,2023-02-22T00:00:00Z,219.9596,221.3475,219.1208,219.5801,
V,1046,OneDay,2023-02-23T00:00:00Z,220.7584,221.7469,218.6316,220.7484,
V,1046,OneDay,2023-02-24T00:00:00Z,218.1523,219.8997,217.0939,219.1508,
V,1046,OneDay,2023-02-27T00:00:00Z,219.9795,221.0879,219.011,219.9696,
V,1046,OneDay,2023-02-28T00:00:00Z,219.5202,221.4174,219.1009,219.4403,
V,1046,OneDay,2023-03-01T00:00:00Z,218.8612,219.9096,216.0355,217.9426,
V,1046,OneDay,2023-03-02T00:00:00Z,217.4134,219.2506,216.7544,218.6415,
V,1046,OneDay,2023-03-03T00:00:00Z,219.5901,223.664,219.4703,223.3744,
V,1046,OneDay,2023-03-06T00:00:00Z,223.4144,227.0689,223.2846,226.3999,
V,1046,OneDay,2023-03-07T00:00:00Z,226.5097,226.999,222.7254,222.7254,
V,1046,OneDay,2023-03-08T00:00:00Z,221.687,222.5657,220.8582,221.7968,
V,1046,OneDay,2023-03-09T00:00:00Z,221.0679,223.9935,219.3006,219.7099,
V,1046,OneDay,2023-03-10T00:00:00Z,218.4418,218.6016,215.1568,215.8158,
V,1046,OneDay,2023-03-13T00:00:00Z,214.1783,217.5132,212.1613,214.0684,
V,1046,OneDay,2023-03-14T00:00:00Z,216.1753,219.5003,215.666,218.1723,
V,1046,OneDay,2023-03-15T00:00:00Z,213.8487,216.5647,213.8487,216.0155,
V,1046,OneDay,2023-03-16T00:00:00Z,214.6276,217.2037,208.4469,217.1238,
V,1046,OneDay,2023-03-17T00:00:00Z,214.8872,218.312,214.7174,216.9741,
V,1046,OneDay,2023-03-20T00:00:00Z,217.1538,220.1992,216.5048,217.653,
V,1046,OneDay,2023-03-21T00:00:00Z,221.0379,222.0564,218.342,221.4873,
V,1046,OneDay,2023-03-22T00:00:00Z,221.9466,224.5027,219.2207,219.4004,
V,1046,OneDay,2023-03-23T00:00:00Z,219.9396,224.9021,219.9396,222.1762,
V,1046,OneDay,2023-03-24T00:00:00Z,220.309,220.988,217.8727,220.5886,
V,1046,OneDay,2023-03-27T00:00:00Z,222.2461,223.7139,221.028,221.4873,
V,1046,OneDay,2023-03-28T00:00:00Z,222.316,222.7454,218.312,219.9895,
V,1046,OneDay,2023-03-29T00:00:00Z,222.2961,223.2147,220.5687,222.9451,
V,1046,OneDay,2023-03-30T00:00:00Z,223.7339,223.8737,220.8782,222.0065,
V,1046,OneDay,2023-03-31T00:00:00Z,223.1847,225.4613,222.9251,225.1717,
V,1046,OneDay,2023-04-03T00:00:00Z,224.5826,228.7963,223.7738,228.5666,
V,1046,OneDay,2023-04-04T00:00:00Z,228.9461,229.6949,226.4698,227.1887,
V,1046,OneDay,2023-04-05T00:00:00Z,226.4099,228.1273,226.2102,227.658,
V,1046,OneDay,2023-04-06T00:00:00Z,225.2716,225.9805,224.303,225.5911,
V,1046,OneDay,2023-04-10T00:00:00Z,224.9121,226.0704,223.9436,226.0105,
V,1046,OneDay,2023-04-11T00:00:00Z,226.979,228.7863,225.8507,228.1173,
V,1046,OneDay,2023-04-12T00:00:00Z,229.4154,231.1428,226.989,227.4184,
V,1046,OneDay,2023-04-13T00:00:00Z,228.7863,232.4708,228.3769,232.2611,
V,1046,OneDay,2023-04-14T00:00:00Z,232.5706,234.5876,231.8617,233.649,
V,1046,OneDay,2023-04-17T00:00:00Z,233.4393,233.649,230.5836,233.1098,
V,1046,OneDay,2023-04-18T00:00:00Z,233.6989,233.8487,231.3525,233.0799,
V,1046,OneDay,2023-04-19T00:00:00Z,232.5407,233.0299,231.4723,232.1712,
V,1046,OneDay,2023-04-20T00:00:00Z,231.652,234.2181,230.8931,234.1882,
V,1046,OneDay,2023-04-21T00:00:00Z,234.3779,235.1967,233.0199,233.6889,
V,1046,OneDay,2023-04-24T00:00:00Z,233.6889,234.7274,231.1627,232.351,
V,1046,OneDay,2023-04-25T00:00:00Z,232.8802,234.5277,229.016,229.1358,
V,1046,OneDay,2023-04-26T00:00:00Z,230.304,232.351,226.3899,227.648,
V,1046,OneDay,2023-04-27T00:00:00Z,228.4169,229.1857,226.2202,228.5766,
V,1046,OneDay,2023-04-28T00:00:00Z,227.648,233.1897,227.5082,232.341,
V,1046,OneDay,2023-05-01T00:00:00Z,232.2211,234.2181,231.1827,232.0714,
V,1046,OneDay,2023-05-02T00:00:00Z,231.2726,231.7319,225.8507,226.6196,
V,1046,OneDay,2023-05-03T00:00:00Z,226.3999,228.2671,225.5711,225.641,
V,1046,OneDay,2023-05-04T00:00:00Z,224.7124,225.7009,223.1148,225.1418,
V,1046,OneDay,2023-05-05T00:00:00Z,227.2786,231.9715,227.2786,231.3125,
V,1046,OneDay,2023-05-08T00:00:00Z,231.8118,233.0499,231.0729,231.8018,
V,1046,OneDay,2023-05-09T00:00:00Z,230.8332,233.7189,230.4039,232.99,
V,1046,OneDay,2023-05-10T00:00:00Z,233.8687,234.3979,228.5367,230.963,
V,1046,OneDay,2023-05-11T00:00:00Z,230.7534,231.1528,227.8677,230.5836,
V,1046,OneDay,2023-05-12T00:00:00Z,231.1727,232.3809,229.4553,231.0629,
V,1046,OneDay,2023-05-15T00:00:00Z,231.003,232.341,230.1642,232.311,
V,1046,OneDay,2023-05-16T00:00:00Z,232.2811,232.6205,229.2856,230.1043,
V,1046,OneDay,2023-05-17T00:00:00Z,233.0898,233.3894,230.1742,232.1812,
V,1046,OneDay,2023-05-18T00:00:00Z,232.5407,233.7788,230.7434,233.2496,
V,1046,OneDay,2023-05-19T00:00:00Z,233.0898,233.9585,231.4623,232.98,
V,1046,OneDay,2023-05-22T00:00:00Z,232.7204,233.4992,230.8232,230.9131,1612406.0
V,1046,OneDay,2023-05-23T00:00:00Z,228.9461,229.0559,223.3145,224.343,3763155.0
V,1046,OneDay,2023-05-24T00:00:00Z,221.7669,222.7054,219.69,221.8367,2918263.0
V,1046,OneDay,2023-05-25T00:00:00Z,221.8367,224.323,220.0894,223.005,2955131.0
V,1046,OneDay,2023-05-26T00:00:00Z,223.5042,225.8507,222.985,224.7024,1883097.0
V,1046,OneDay,2023-05-30T00:00:00Z,224.8422,224.8522,219.4304,221.2676,3181031.0
V,1046,OneDay,2023-05-31T00:00:00Z,219.69,221.1678,215.7858,220.988,4054808.0
V,1046,OneDay,2023-06-01T00:00:00Z,222.2761,226.35,222.2761,226.1103,2700285.0
V,1046,OneDay,2023-06-02T00:00:00Z,229.0259,229.7748,226.969,228.347,2002237.0
V,1046,OneDay,2023-06-05T00:00:00Z,227.3385,227.9476,224.9121,226.4398,1903166.0
V,1046,OneDay,2023-06-06T00:00:00Z,226.3999,228.8862,225.7209,227.8777,2677931.0
V,1046,OneDay,2023-06-07T00:00:00Z,226.5497,227.1687,220.6785,224.8722,3798691.0
V,1046,OneDay,2023-06-08T00:00:00Z,224.363,224.5327,222.0964,222.7454,2608839.0
V,1046,OneDay,2023-06-09T00:00:00Z,222.9451,224.7923,222.356,223.0549,2153320.0
V,1046,OneDay,2023-06-12T00:00:00Z,224.323,226.0704,223.2446,225.8008,2687632.0
V,1046,OneDay,2023-06-13T00:00:00Z,225.4214,226.7594,222.2361,223.0749,2921182.0
V,1046,OneDay,2023-06-14T00:00:00Z,223.3045,225.1218,222.2262,223.0749,2480022.0
V,1046,OneDay,2023-06-15T00:00:00Z,221.3475,226.7494,220.978,225.8008,3214914.0
V,1046,OneDay,2023-06-16T00:00:00Z,226.1303,229.4154,225.691,228.5567,3593226.0
V,1046,OneDay,2023-06-20T00:00:00Z,226.8392,229.1957,225.8307,226.1203,1888271.0
V,1046,OneDay,2023-06-21T00:00:00Z,225.7109,228.2771,224.6325,226.8991,2005163.0
V,1046,OneDay,2023-06-22T00:00:00Z,225.681,228.5567,225.1318,228.0075,2415114.0
V,1046,OneDay,2023-06-23T00:00:00Z,226.32,229.6151,226.0704,229.0958,1927744.0
V,1046,OneDay,2023-06-26T00:00:00Z,228.6665,229.645,225.9306,225.9905,1976410.0
V,1046,OneDay,2023-06-27T00:00:00Z,226.6695,228.2471,226.1802,227.019,1959610.0
V,1046,OneDay,2023-06-28T00:00:00Z,226.9291,227.6181,225.681,227.6081,2024623.0
V,1046,OneDay,2023-06-29T00:00:00Z,228.5367,234.328,228.5367,233.8787,2951597.0
V,1046,OneDay,2023-07-03T00:00:00Z,236.335,238.0224,235.0169,237.5432,1222246.0
V,1046,OneDay,2023-07-05T00:00:00Z,234.2381,239.63,233.8787,239.1008,2945858.0
V,1046,OneDay,2023-07-06T00:00:00Z,238.2621,239.2106,236.305,238.4118,1977016.0
V,1046,OneDay,2023-07-07T00:00:00Z,235.7658,238.0524,235.5062,236.0853,1490626.0
V,1046,OneDay,2023-07-10T00:00:00Z,236.0953,238.6715,236.0953,237.6829,1884734.0
V,1046,OneDay,2023-07-11T00:00:00Z,238.4218,240.329,237.6929,240.2291,1535346.0
V,1046,OneDay,2023-07-12T00:00:00Z,241.0179,243.5741,240.6984,241.8567,1928462.0
V,1046,OneDay,2023-07-13T00:00:00Z,243.3744,243.8736,242.7653,242.8052,1824779.0
V,1046,OneDay,2023-07-14T00:00:00Z,244.0534,244.1732,241.5871,242.6655,1753372.0
V,1046,OneDay,2023-07-17T00:00:00Z,242.7254,244.972,242.6655,243.5841,1940061.0
V,1046,OneDay,2023-07-18T00:00:00Z,242.2461,242.286,237.2636,240.339,3006371.0
V,1046,OneDay,2023-07-19T00:00:00Z,240.978,242.2161,239.7099,241.0978,1724631.0
V,1046,OneDay,2023-07-20T00:00:00Z,240.3789,241.1777,238.7014,239.2805,1896153.0
V,1046,OneDay,2023-07-24T00:00:00Z,239.1907,240.8781,237.7429,240.3589,1652256.0
V,1046,OneDay,2023-07-25T00:00:00Z,239.1507,240.0294,238.1922,238.302,2053780.0
V,1046,OneDay,2023-07-26T00:00:00Z,231.4623,238.282,227.1987,236.6645,3211688.0
V,1046,OneDay,2023-07-27T00:00:00Z,237.4633,238.1123,232.5706,233.8387,2603731.0
V,1046,OneDay,2023-07-28T00:00:00Z,234.2082,235.4962,233.3594,235.2965,2295654.0
V,1046,OneDay,2023-07-31T00:00:00Z,235.7259,237.9725,235.7259,237.3734,1504366.0
V,1046,OneDay,2023-08-01T00:00:00Z,236.8242,240.3489,236.7044,239.3504,1840138.0
V,1046,OneDay,2023-08-02T00:00:00Z,238.1522,238.332,236.4348,237.1438,2077474.0
V,1046,OneDay,2023-08-03T00:00:00Z,235.4363,238.6715,234.7873,238.1522,2201722.0
V,1046,OneDay,2023-08-04T00:00:00Z,237.7129,241.5372,237.643,238.5516,2107937.0
V,1046,OneDay,2023-08-07T00:00:00Z,238.7214,241.7868,238.7214,241.0279,1469262.0
V,1046,OneDay,2023-08-08T00:00:00Z,240.1492,240.7883,237.0339,238.9111,1762546.0
V,1046,OneDay,2023-08-09T00:00:00Z,239.9795,241.5871,239.1208,239.3405,1568921.0
V,1046,OneDay,2023-08-10T00:00:00Z,240.2091,243.5641,239.64,239.7898,1745959.0
V,1046,OneDay,2023-08-11T00:00:00Z,239.4403,240.299,238.0524,239.5501,1303095.0
V,1046,OneDay,2023-08-14T00:00:00Z,240.7783,242.9251,239.8796,242.4158,1560757.0
V,1046,OneDay,2023-08-15T00:00:00Z,241.8267,242.2661,238.971,239.5302,1215074.0
V,1046,OneDay,2023-08-16T00:00:00Z,236.5347,240.6585,236.5347,238.8212,1335820.0
V,1046,OneDay,2023-08-17T00:00:00Z,239.3504,239.7598,236.1053,236.9241,1503454.0
V,1046,OneDay,2023-08-18T00:00:00Z,235.0469,238.6615,235.007,237.623,1344795.0
V,1046,OneDay,2023-08-21T00:00:00Z,238.8911,240.1492,237.3834,239.0409,1420982.0
V,1046,OneDay,2023-08-22T00:00:00Z,239.66,241.0679,238.2721,240.1892,1514634.0
V,1046,OneDay,2023-08-23T00:00:00Z,240.978,242.1363,240.329,241.8367,1407574.0
V,1046,OneDay,2023-08-24T00:00:00Z,241.8467,243.1447,239.001,239.2506,1662004.0
V,1046,OneDay,2023-08-25T00:00:00Z,240.6385,243.0049,239.8097,242.1662,1347147.0
V,1046,OneDay,2023-08-28T00:00:00Z,242.7453,244.8522,242.2361,243.5242,1425315.0
V,1046,OneDay,2023-08-29T00:00:00Z,243.1248,245.4413,243.0049,244.992,1462764.0
V,1046,OneDay,2023-08-30T00:00:00Z,246.5197,247.7878,245.6709,245.7808,1917153.0
V,1046,OneDay,2023-08-31T00:00:00Z,245.2216,247.628,245.0619,245.4613,1721823.0
V,1046,OneDay,2023-09-01T00:00:00Z,246.959,248.4568,246.28,247.4982,1547522.0
V,1046,OneDay,2023-09-05T00:00:00Z,247.4483,248.2071,244.8322,244.9321,2039221.0
V,1046,OneDay,2023-09-06T00:00:00Z,244.7324,246.28,243.8237,245.7708,1672457.0
V,1046,OneDay,2023-09-07T00:00:00Z,244.992,246.9989,244.7224,246.7992,1561031.0
V,1046,OneDay,2023-09-08T00:00:00Z,247.2685,247.7478,246.0604,246.9291,1397423.0
V,1046,OneDay,2023-09-11T00:00:00Z,247.1288,247.9575,245.8806,246.7992,1275990.0
V,1046,OneDay,2023-09-12T00:00:00Z,246.4797,247.3684,245.651,246.8891,1379740.0
V,1046,OneDay,2023-09-13T00:00:00Z,246.27,249.6649,246.2401,247.3484,1936837.0
V,1046,OneDay,2023-09-14T00:00:00Z,244.2031,245.1817,238.3519,241.0978,5657998.0
V,1046,OneDay,2023-09-15T00:00:00Z,241.0778,243.7239,239.66,240.3489,3064579.0
V,1046,OneDay,2023-09-18T00:00:00Z,240.5986,244.8622,240.4088,244.2231,1811472.0
V,1046,OneDay,2023-09-19T00:00:00Z,244.6025,244.6025,241.0878,243.2246,1770462.0
V,1046,OneDay,2023-09-20T00:00:00Z,243.3744,244.1233,241.2975,241.3375,2210892.0
V,1046,OneDay,2023-09-21T00:00:00Z,240.289,240.289,235.9056,236.0654,2458261.0
V,1046,OneDay,2023-09-22T00:00:00Z,236.315,237.4034,234.5277,234.7074,1946740.0
V,1046,OneDay,2023-09-25T00:00:00Z,234.8073,235.0769,231.8517,232.8702,2437989.0
V,1046,OneDay,2023-09-26T00:00:00Z,231.2127,232.311,229.2356,229.3455,2397248.0
V,1046,OneDay,2023-09-27T00:00:00Z,229.4853,229.7149,227.5681,229.1757,2248974.0
V,1046,OneDay,2023-09-28T00:00:00Z,229.8847,232.1712,229.2756,231.013,1601345.0
V,1046,OneDay,2023-09-29T00:00:00Z,232.1812,232.4308,229.2656,229.5651,1826033.0
V,1046,OneDay,2023-10-02T00:00:00Z,228.8163,231.003,228.3769,230.7034,1678810.0
V,1046,OneDay,2023-10-03T00:00:00Z,230.1842,231.3624,227.4283,228.4568,2080535.0
V,1046,OneDay,2023-10-04T00:00:00Z,228.9561,231.3125,228.4868,230.8133,1910508.0
V,1046,OneDay,2023-10-05T00:00:00Z,229.8547,233.8287,229.8547,233.0699,2061210.0
V,1046,OneDay,2023-10-09T00:00:00Z,232.4708,234.8172,231.3325,233.9785,1785813.0
V,1046,OneDay,2023-10-10T00:00:00Z,234.3679,237.8127,233.7688,236.2551,1784655.0
V,1046,OneDay,2023-10-12T00:00:00Z,236.4148,237.3135,234.5177,236.3849,1762627.0
V,1046,OneDay,2023-10-13T00:00:00Z,235.9755,238.2321,235.8657,237.2536,1920213.0
V,1046,OneDay,2023-10-16T00:00:00Z,238.3819,240.319,237.9026,239.5102,1783848.0
V,1046,OneDay,2023-10-17T00:00:00Z,238.7713,241.0978,237.9226,240.8082,1642627.0
V,1046,OneDay,2023-10-18T00:00:00Z,239.9096,240.3589,236.6145,237.004,1842542.0
V,1046,OneDay,2023-10-19T00:00:00Z,237.1837,237.4333,232.99,232.99,2078519.0
V,1046,OneDay,2023-10-20T00:00:00Z,232.8302,235.1567,232.2511,233.01,1654973.0
V,1046,OneDay,2023-10-23T00:00:00Z,230.9431,234.0784,230.8632,231.0429,1901549.0
V,1046,OneDay,2023-10-24T00:00:00Z,232.5906,235.7059,232.5906,234.0484,2596009.0
V,1046,OneDay,2023-10-25T00:00:00Z,231.4623,238.0724,230.7733,236.325,4336281.0
V,1046,OneDay,2023-10-26T00:00:00Z,232.99,235.1468,230.0145,230.7334,2449169.0
V,1046,OneDay,2023-10-30T00:00:00Z,231.642,233.01,229.665,232.6705,2236719.0
V,1046,OneDay,2023-10-31T00:00:00Z,233.2895,235.2965,232.5507,234.6775,1792972.0
V,1046,OneDay,2023-11-01T00:00:00Z,235.3265,238.6715,235.2067,238.0724,1921292.0
V,1046,OneDay,2023-11-02T00:00:00Z,239.0509,242.8452,238.7414,242.6655,2177718.0
V,1046,OneDay,2023-11-03T00:00:00Z,244.3729,244.8921,241.7169,243.1847,2300727.0
V,1046,OneDay,2023-11-06T00:00:00Z,243.7438,244.303,242.2261,243.1547,1661524.0
V,1046,OneDay,2023-11-07T00:00:00Z,243.1348,244.6625,242.6555,244.4028,1785923.0
V,1046,OneDay,2023-11-08T00:00:00Z,243.1248,244.333,242.3859,243.4643,2020413.0
V,1046,OneDay,2023-11-09T00:00:00Z,243.7638,243.9535,240.5986,241.0279,1906340.0
V,1046,OneDay,2023-11-10T00:00:00Z,242.5556,244.8522,241.5871,244.7423,1479246.0
V,1046,OneDay,2023-11-13T00:00:00Z,243.634,245.0519,243.634,244.1832,1179957.0
V,1046,OneDay,2023-11-14T00:00:00Z,245.9206,247.5481,245.3914,246.1303,1906963.0
V,1046,OneDay,2023-11-15T00:00:00Z,246.1502,247.8477,244.972,247.628,2772304.0
V,1046,OneDay,2023-11-16T00:00:00Z,247.5681,249.0259,246.8791,248.2571,2509667.0
V,1046,OneDay,2023-11-17T00:00:00Z,248.6265,249.8147,248.1971,249.1557,2424793.0
V,1046,OneDay,2023-11-20T00:00:00Z,249.4353,250.4538,245.2016,249.5451,2929572.0
V,1046,OneDay,2023-11-21T00:00:00Z,249.8746,252.8901,249.8746,251.7119,2185114.0
V,1046,OneDay,2023-11-22T00:00:00Z,252.9201,254.1382,252.271,253.2196,1896108.0
V,1046,OneDay,2023-11-24T00:00:00Z,253.5791,254.1782,253.1098,253.9086,613387.0
V,1046,OneDay,2023-11-27T00:00:00Z,253.2695,254.4378,252.1113,253.7288,1926401.0
V,1046,OneDay,2023-11-28T00:00:00Z,253.1996,253.6889,251.2026,252.5706,1674325.0
V,1046,OneDay,2023-11-29T00:00:00Z,253.1896,255.6559,253.1098,253.7288,1563561.0
V,1046,OneDay,2023-11-30T00:00:00Z,253.1198,256.3549,252.7403,256.1153,1430848.0
V,1046,OneDay,2023-12-05T00:00:00Z,253.619,254.3279,251.7518,254.1682,1453652.0
V,1046,OneDay,2023-12-06T00:00:00Z,255.8056,256.3249,253.0998,253.8187,1600624.0
V,1046,OneDay,2023-12-07T00:00:00Z,254.3779,255.7459,253.0499,255.4562,1485095.0
V,1046,OneDay,2023-12-08T00:00:00Z,254.1881,255.636,253.4493,255.2266,1172776.0
V,1046,OneDay,2023-12-11T00:00:00Z,255.5062,257.2137,255.2965,256.1252,1537884.0
V,1046,OneDay,2023-12-12T00:00:00Z,256.3848,259.3204,255.9855,259.1507,1572776.0
V,1046,OneDay,2023-12-13T00:00:00Z,258.7015,262.0462,258.2022,261.9266,1584091.0
V,1046,OneDay,2023-12-14T00:00:00Z,261.627,261.7766,255.9955,258.3818,3110602.0
V,1046,OneDay,2023-12-18T00:00:00Z,258.6315,259.1507,257.5631,257.9526,1965335.0
V,1046,OneDay,2023-12-19T00:00:00Z,257.5731,259.9196,256.7941,259.63,1657016.0
V,1046,OneDay,2023-12-20T00:00:00Z,259.4503,260.3788,256.6245,256.8541,2070470.0
V,1046,OneDay,2023-12-21T00:00:00Z,257.0537,259.5601,257.0537,259.4003,1784803.0
V,1046,OneDay,2023-12-22T00:00:00Z,259.8696,260.6584,257.8327,258.2022,1401545.0
V,1046,OneDay,2023-12-26T00:00:00Z,258.1422,259.3304,258.0522,258.7811,829175.0
V,1046,OneDay,2023-12-27T00:00:00Z,258.8511,259.3504,257.9426,258.5415,1200124.0
V,1046,OneDay,2023-12-28T00:00:00Z,258.312,260.5586,258.2619,259.8297,1106044.0
V,1046,OneDay,2023-12-29T00:00:00Z,260.7881,261.0378,259.2506,260.1592,1238164.0
V,1046,OneDay,2024-01-02T00:00:00Z,259.3604,259.4603,257.2834,258.4118,1809182.0
V,1046,OneDay,2024-01-03T00:00:00Z,258.1123,258.4618,256.4249,257.583,1439474.0
V,1046,OneDay,2024-01-04T00:00:00Z,258.1723,260.6185,257.6629,259.1607,1342271.0
V,1046,OneDay,2024-01-08T00:00:00Z,260.2989,262.2062,259.53,262.0963,1909525.0
V,1046,OneDay,2024-01-09T00:00:00Z,260.9681,263.2147,260.6385,262.7751,1913712.0
V,1046,OneDay,2024-01-10T00:00:00Z,264.6424,264.6424,262.4858,264.0633,1724172.0
V,1046,OneDay,2024-01-11T00:00:00Z,265.3514,265.601,261.9865,263.584,1888189.0
V,1046,OneDay,2024-01-16T00:00:00Z,262.9551,265.2514,261.9666,264.7324,1909317.0
V,1046,OneDay,2024-01-17T00:00:00Z,264.1633,266.6994,264.1432,266.0603,2015949.0
V,1046,OneDay,2024-01-18T00:00:00Z,267.0988,268.3668,265.9606,267.7379,2347222.0
V,1046,OneDay,2024-01-19T00:00:00Z,267.3384,270.6934,266.4398,270.3539,2439007.0
V,1046,OneDay,2024-01-22T00:00:00Z,271.4723,271.8616,269.9246,271.0828,2398374.0
V,1046,OneDay,2024-01-23T00:00:00Z,271.0728,271.3823,269.4951,270.7731,2088976.0
V,1046,OneDay,2024-01-24T00:00:00Z,271.7917,272.3509,270.6334,271.1427,1920734.0
V,1046,OneDay,2024-01-25T00:00:00Z,271.2424,272.3708,270.3938,272.2709,2540684.0
V,1046,OneDay,2024-01-26T00:00:00Z,265.7409,270.1842,265.3414,267.4583,4082694.0
V,1046,OneDay,2024-01-29T00:00:00Z,266.3499,274.6274,266.3499,273.2994,2577509.0
V,1046,OneDay,2024-01-30T00:00:00Z,273.7487,278.2221,273.7487,276.7741,2380861.0
V,1046,OneDay,2024-01-31T00:00:00Z,277.583,279.4703,272.8501,273.0898,2368503.0
V,1046,OneDay,2024-02-01T00:00:00Z,273.3094,276.7641,273.3094,276.5745,2178221.0
V,1046,OneDay,2024-02-02T00:00:00Z,277.7427,278.0723,274.9171,276.6745,1914460.0
V,1046,OneDay,2024-02-05T00:00:00Z,276.8142,276.8641,274.6374,275.0468,1709034.0
V,1046,OneDay,2024-02-06T00:00:00Z,274.1882,276.4348,273.609,276.3748,1433650.0
V,1046,OneDay,2024-02-07T00:00:00Z,277.8526,279.1007,276.6344,278.9411,1897278.0
V,1046,OneDay,2024-02-08T00:00:00Z,278.282,278.6415,274.5975,275.3663,1820402.0
V,1046,OneDay,2024-02-09T00:00:00Z,274.2679,276.7442,274.0183,276.0653,1413371.0
V,1046,OneDay,2024-02-12T00:00:00Z,275.616,276.0353,273.8087,274.5975,1556565.0
V,1046,OneDay,2024-02-13T00:00:00Z,272.98,277.5431,272.8002,275.2464,2295888.0
V,1046,OneDay,2024-02-14T00:00:00Z,275.8356,277.1637,274.2979,277.1637,1615945.0
V,1046,OneDay,2024-02-15T00:00:00Z,277.603,280.6585,277.0838,280.5185,1822463.0
V,1046,OneDay,2024-02-16T00:00:00Z,280.2389,280.5085,277.4533,277.9326,1939934.0
V,1046,OneDay,2024-02-20T00:00:00Z,273.9486,276.2949,272.8701,274.6874,2276640.0
V,1046,OneDay,2024-02-21T00:00:00Z,274.2579,276.4945,273.0997,276.2949,1516039.0
V,1046,OneDay,2024-02-22T00:00:00Z,278.5515,283.6139,278.5515,283.2444,2254107.0
V,1046,OneDay,2024-02-23T00:00:00Z,284.6724,285.3914,283.0748,283.3643,1565676.0
V,1046,OneDay,2024-02-26T00:00:00Z,282.3259,284.8821,282.1062,283.6739,1520405.0
V,1046,OneDay,2024-02-27T00:00:00Z,283.1447,283.484,281.0678,282.7852,1725850.0
V,1046,OneDay,2024-02-28T00:00:00Z,281.8067,285.6809,281.647,285.3014,1792401.0
V,1046,OneDay,2024-02-29T00:00:00Z,284.7222,285.0218,281.8366,282.0663,1847557.0
V,1046,OneDay,2024-03-01T00:00:00Z,282.7451,284.4029,281.6769,282.7551,1592856.0
V,1046,OneDay,2024-03-04T00:00:00Z,281.7867,282.0663,277.673,280.0793,2456869.0
V,1046,OneDay,2024-03-05T00:00:00Z,279.9296,280.5185,277.2634,278.8811,1784447.0
V,1046,OneDay,2024-03-06T00:00:00Z,279.7199,281.567,278.6515,279.9495,1686099.0
V,1046,OneDay,2024-03-07T00:00:00Z,280.4588,280.6784,275.7159,277.7827,2485252.0
V,1046,OneDay,2024-03-08T00:00:00Z,278.6115,281.2176,278.3618,279.56,1581630.0
V,1046,OneDay,2024-03-11T00:00:00Z,279.1607,280.3389,277.573,280.0393,1360671.0
V,1046,OneDay,2024-03-12T00:00:00Z,281.2874,284.0333,279.8097,283.4143,2015509.0
V,1046,OneDay,2024-03-13T00:00:00Z,284.1232,285.651,283.3144,284.6124,1659956.0
V,1046,OneDay,2024-03-14T00:00:00Z,288.0373,288.3169,284.0932,285.7907,1987156.0
V,1046,OneDay,2024-03-15T00:00:00Z,284.1032,285.0718,282.1562,282.4955,2141949.0
V,1046,OneDay,2024-03-18T00:00:00Z,283.554,285.7606,282.5955,284.5725,1318767.0
V,1046,OneDay,2024-03-19T00:00:00Z,285.581,287.6079,284.7521,286.7892,1483766.0
V,1046,OneDay,2024-03-20T00:00:00Z,287.1288,289.4053,286.2599,288.7361,1259359.0
V,1046,OneDay,2024-03-21T00:00:00Z,289.0857,290.4935,287.4681,290.0042,1674778.0
V,1046,OneDay,2024-03-22T00:00:00Z,289.1057,289.545,281.8766,282.5256,2399179.0
V,1046,OneDay,2024-03-25T00:00:00Z,282.5855,282.7352,279.66,280.7882,1541294.0
V,1046,OneDay,2024-03-26T00:00:00Z,282.6555,282.9051,278.0123,280.7084,1945146.0
V,1046,OneDay,2024-03-27T00:00:00Z,280.1792,280.7481,276.5745,278.5615,2238059.0
V,1046,OneDay,2024-03-28T00:00:00Z,278.3518,279.3703,276.7044,278.6115,1679032.0
V,1046,OneDay,2024-04-01T00:00:00Z,279.8596,280.3989,276.3848,277.8426,1439955.0
V,1046,OneDay,2024-04-02T00:00:00Z,277.593,278.8711,276.7044,278.2319,2132491.0
V,1046,OneDay,2024-04-03T00:00:00Z,279.1907,279.7596,276.1752,276.8341,1349046.0
V,1046,OneDay,2024-04-04T00:00:00Z,277.553,278.6314,273.2296,273.3194,1660983.0
V,1046,OneDay,2024-04-05T00:00:00Z,275.2964,277.513,274.4179,276.7342,1765450.0
V,1046,OneDay,2024-04-08T00:00:00Z,275.606,277.523,274.6874,277.3334,1409647.0
V,1046,OneDay,2024-04-09T00:00:00Z,277.1137,277.1137,272.8002,276.2152,1754056.0
V,1046,OneDay,2024-04-10T00:00:00Z,275.2167,276.3548,273.6889,273.8886,1197822.0
V,1046,OneDay,2024-04-11T00:00:00Z,273.7189,276.0453,271.7517,275.2664,1797932.0
V,1046,OneDay,2024-04-12T00:00:00Z,274.8971,276.4748,273.589,275.596,2279883.0
V,1046,OneDay,2024-04-15T00:00:00Z,276.8941,276.954,269.8946,270.6334,1821370.0
V,1046,OneDay,2024-04-16T00:00:00Z,270.1543,273.589,270.1543,270.9928,1411947.0
V,1046,OneDay,2024-04-17T00:00:00Z,273.0997,273.4593,271.0327,272.3009,1421984.0
V,1046,OneDay,2024-04-18T00:00:00Z,272.1612,272.7104,269.4553,270.7932,1434328.0
V,1046,OneDay,2024-04-19T00:00:00Z,271.0728,271.0728,267.8576,269.2057,2041789.0
V,1046,OneDay,2024-04-22T00:00:00Z,270.6235,273.3294,268.9261,271.8217,1634180.0
V,1046,OneDay,2024-04-23T00:00:00Z,273.3793,274.4378,272.2509,273.7387,2448545.0
V,1046,OneDay,2024-04-24T00:00:00Z,282.1862,282.1862,273.609,273.9186,3161286.0
V,1046,OneDay,2024-04-26T00:00:00Z,274.5275,276.2949,273.3994,274.0683,1380387.0
V,1046,OneDay,2024-04-29T00:00:00Z,272.1513,273.9685,270.6735,271.1927,1251174.0
V,1046,OneDay,2024-04-30T00:00:00Z,270.7532,271.3823,268.1672,268.1872,1869660.0
V,1046,OneDay,2024-05-01T00:00:00Z,267.2087,270.4638,265.7607,266.7691,2227496.0
V,1046,OneDay,2024-05-02T00:00:00Z,268.7364,268.7364,266.2002,267.1687,1636402.0
V,1046,OneDay,2024-05-03T00:00:00Z,268.3569,269.0357,266.0603,267.9775,1581364.0
V,1046,OneDay,2024-05-06T00:00:00Z,269.3653,272.2709,269.1558,272.2709,1746842.0
V,1046,OneDay,2024-05-07T00:00:00Z,272.5905,277.4134,272.291,276.2251,2275727.0
V,1046,OneDay,2024-05-08T00:00:00Z,276.8841,278.0423,274.4578,276.7044,1594335.0
V,1046,OneDay,2024-05-09T00:00:00Z,275.7857,278.3419,275.596,278.1122,1557201.0
V,1046,OneDay,2024-05-13T00:00:00Z,281.1677,281.657,278.6615,278.951,1769264.0
V,1046,OneDay,2024-05-14T00:00:00Z,279.0408,279.0808,273.7887,277.0438,4347735.0
V,1046,OneDay,2024-05-15T00:00:00Z,276.7044,281.2775,276.6344,281.0678,3380819.0
V,1046,OneDay,2024-05-16T00:00:00Z,281.4074,281.8566,278.8211,279.4503,2506011.0
V,1046,OneDay,2024-05-20T00:00:00Z,278.6214,279.7797,277.7229,277.9923,1397069.0
V,1046,OneDay,2024-05-21T00:00:00Z,277.663,277.8426,274.4678,275.4861,2008713.0
V,1046,OneDay,2024-05-22T00:00:00Z,275.0468,277.6329,274.6175,275.1667,1548493.0
V,1046,OneDay,2024-05-23T00:00:00Z,275.6259,276.5045,272.5905,273.9186,2398095.0
V,1046,OneDay,2024-05-28T00:00:00Z,273.519,273.8886,269.8047,270.5935,1972032.0
V,1046,OneDay,2024-05-29T00:00:00Z,268.3569,270.6934,267.7977,268.3868,1772884.0
V,1046,OneDay,2024-05-30T00:00:00Z,267.9675,271.2127,267.9675,271.0327,1925712.0
V,1046,OneDay,2024-05-31T00:00:00Z,270.5135,272.1513,268.5965,271.6919,2372920.0
V,1046,OneDay,2024-06-03T00:00:00Z,271.9416,272.2809,267.6379,269.9246,2078148.0
V,1046,OneDay,2024-06-04T00:00:00Z,269.0658,272.5506,268.8861,271.8816,1573057.0
V,1046,OneDay,2024-06-05T00:00:00Z,272.96,274.4778,271.602,274.1382,1464448.0
V,1046,OneDay,2024-06-06T00:00:00Z,274.7472,276.7144,273.609,276.4448,1501303.0
V,1046,OneDay,2024-06-07T00:00:00Z,276.9938,279.8896,276.3249,278.1423,1782183.0
V,1046,OneDay,2024-06-10T00:00:00Z,277.6929,278.0523,272.9001,274.5675,1954844.0
V,1046,OneDay,2024-06-11T00:00:00Z,273.8386,274.3179,271.7816,274.2579,1880939.0
V,1046,OneDay,2024-06-12T00:00:00Z,276.4248,277.0138,269.4951,269.7049,2835086.0
V,1046,OneDay,2024-06-13T00:00:00Z,269.7447,271.4124,268.8961,270.1142,2068222.0
V,1046,OneDay,2024-06-14T00:00:00Z,269.9046,271.1427,268.6964,270.1142,1592582.0
V,1046,OneDay,2024-06-17T00:00:00Z,268.7064,271.3823,268.6665,270.6334,3043377.0
V,1046,OneDay,2024-06-18T00:00:00Z,271.0327,273.4793,270.8331,273.2994,1772315.0
V,1046,OneDay,2024-06-20T00:00:00Z,273.659,277.583,273.1997,276.3748,2478305.0
V,1046,OneDay,2024-06-21T00:00:00Z,275.9853,276.9938,274.0982,274.5476,2009339.0
V,1046,OneDay,2024-06-24T00:00:00Z,274.967,279.9096,274.967,275.646,3732100.0
V,1046,OneDay,2024-06-25T00:00:00Z,276.3548,277.4134,273.0098,273.4593,2787180.0
V,1046,OneDay,2024-06-26T00:00:00Z,272.1612,274.0183,271.7517,273.1897,2367615.0
V,1046,OneDay,2024-06-27T00:00:00Z,268.4069,270.1642,266.1502,266.1502,3576455.0
V,1046,OneDay,2024-06-28T00:00:00Z,266.7791,268.1472,260.8382,261.9965,3994254.0
V,1046,OneDay,2024-07-01T00:00:00Z,262.6655,265.2614,260.8681,262.7454,2794101.0
V,1046,OneDay,2024-07-02T00:00:00Z,262.2959,267.6479,261.9566,267.6479,2466858.0
V,1046,OneDay,2024-07-03T00:00:00Z,268.1772,269.2654,267.7079,268.1872,1738606.0
V,1046,OneDay,2024-07-05T00:00:00Z,268.3469,270.1142,267.6379,269.7947,2059988.0
V,1046,OneDay,2024-07-08T00:00:00Z,269.7447,270.9231,265.601,265.601,2007023.0
V,1046,OneDay,2024-07-09T00:00:00Z,266.9291,266.9591,263.5541,264.8521,2247685.0
V,1046,OneDay,2024-07-10T00:00:00Z,258.1522,263.0648,258.1322,262.6755,3748288.0
V,1046,OneDay,2024-07-11T00:00:00Z,261.6469,263.2047,260.3189,262.0863,3506304.0
V,1046,OneDay,2024-07-12T00:00:00Z,263.8636,266.969,263.2644,265.0218,2385972.0
V,1046,OneDay,2024-07-15T00:00:00Z,264.8022,268.7962,264.7921,267.9675,2102988.0
V,1046,OneDay,2024-07-16T00:00:00Z,267.9476,269.7249,266.9391,268.8162,2528351.0
V,1046,OneDay,2024-07-17T00:00:00Z,268.1573,272.4906,267.8376,272.4906,2133986.0
V,1046,OneDay,2024-07-18T00:00:00Z,271.7616,273.1498,268.1072,268.8262,1939489.0
V,1046,OneDay,2024-07-19T00:00:00Z,269.0558,269.2654,263.9136,264.8421,2423988.0
V,1046,OneDay,2024-07-22T00:00:00Z,266.7891,267.8476,264.6125,267.1487,2282181.0
V,1046,OneDay,2024-07-23T00:00:00Z,266.9391,266.9391,263.4643,264.1532,2793713.0
V,1046,OneDay,2024-07-24T00:00:00Z,256.2649,256.5646,252.7403,254.0883,5962464.0
V,1046,OneDay,2024-07-25T00:00:00Z,254.4078,257.8127,252.3309,253.4992,3844683.0
V,1046,OneDay,2024-07-26T00:00:00Z,255.606,260.7981,255.5261,259.1607,3009032.0
V,1046,OneDay,2024-07-29T00:00:00Z,260.2092,262.306,258.1622,261.3174,2593092.0
V,1046,OneDay,2024-07-30T00:00:00Z,263.0848,263.7936,260.6085,262.8152,2878265.0
V,1046,OneDay,2024-07-31T00:00:00Z,264.0033,265.9106,263.8137,265.3713,3059395.0
V,1046,OneDay,2024-08-01T00:00:00Z,266.1402,266.4099,263.7637,265.4114,2948292.0
V,1046,OneDay,2024-08-02T00:00:00Z,263.604,267.4483,262.4058,265.9006,3029103.0
V,1046,OneDay,2024-08-05T00:00:00Z,261.3274,262.4159,254.1183,255.676,3815835.0
V,1046,OneDay,2024-08-06T00:00:00Z,256.6245,260.0593,255.3963,257.703,3725798.0
V,1046,OneDay,2024-08-07T00:00:00Z,258.8711,261.607,255.9056,256.0253,2296123.0
V,1046,OneDay,2024-08-08T00:00:00Z,257.613,260.0393,257.5631,259.5601,2515956.0
V,1046,OneDay,2024-08-09T00:00:00Z,258.6415,261.1078,258.6215,259.4603,2283671.0
V,1046,OneDay,2024-08-12T00:00:00Z,260.1492,261.1678,258.8212,259.4103,3557671.0
V,1046,OneDay,2024-08-13T00:00:00Z,259.4404,261.2277,258.8412,259.8596,3627226.0
V,1046,OneDay,2024-08-14T00:00:00Z,259.9196,261.0778,258.3419,260.6885,2150523.0
V,1046,OneDay,2024-08-15T00:00:00Z,262.7154,266.9591,262.7154,266.2799,1924821.0
V,1046,OneDay,2024-08-16T00:00:00Z,266.4099,267.9973,264.982,266.989,1668322.0
V,1046,OneDay,2024-08-19T00:00:00Z,266.9591,267.7079,264.8222,265.7706,1772580.0
V,1046,OneDay,2024-08-20T00:00:00Z,266.4898,267.578,265.3214,267.508,1508902.0
V,1046,OneDay,2024-08-21T00:00:00Z,268.4568,268.7264,266.969,267.7379,1421433.0
V,1046,OneDay,2024-08-22T00:00:00Z,268.4468,268.7562,266.1502,267.3983,1508284.0
V,1046,OneDay,2024-08-23T00:00:00Z,267.7477,268.5665,264.9121,267.0387,1511199.0
V,1046,OneDay,2024-08-26T00:00:00Z,267.3783,269.9046,267.1887,267.7577,1803874.0
V,1046,OneDay,2024-08-27T00:00:00Z,267.8476,270.5135,267.3584,270.2539,1577516.0
V,1046,OneDay,2024-08-28T00:00:00Z,270.2839,271.512,267.1987,268.8262,1815348.0
V,1046,OneDay,2024-08-29T00:00:00Z,270.6334,275.5461,269.9546,273.8187,2009558.0
V,1046,OneDay,2024-08-30T00:00:00Z,274.6775,276.5245,273.8187,275.8256,1659298.0
V,1046,OneDay,2024-09-03T00:00:00Z,276.5745,281.587,276.5545,277.9625,2978745.0
V,1046,OneDay,2024-09-04T00:00:00Z,278.6214,281.2077,278.6015,280.2289,2541749.0
V,1046,OneDay,2024-09-05T00:00:00Z,280.5885,280.7481,276.9838,277.9923,2109838.0
V,1046,OneDay,2024-09-06T00:00:00Z,277.2434,279.6999,276.964,278.8511,2491452.0
V,1046,OneDay,2024-09-09T00:00:00Z,281.9963,286.5196,281.1777,285.0718,3139980.0
V,1046,OneDay,2024-09-10T00:00:00Z,285.4213,285.8206,283.1047,284.8721,2143624.0
V,1046,OneDay,2024-09-11T00:00:00Z,284.1232,284.3829,277.8926,283.6139,2383798.0
V,1046,OneDay,2024-09-12T00:00:00Z,282.7752,285.491,281.0177,284.8721,1553901.0
V,1046,OneDay,2024-09-13T00:00:00Z,285.7009,288.2769,285.0218,286.949,1864176.0
V,1046,OneDay,2024-09-16T00:00:00Z,288.3368,290.3239,287.3383,289.9146,1630025.0
V,1046,OneDay,2024-09-17T00:00:00Z,290.0842,292.5905,289.585,290.8831,1680293.0
V,1046,OneDay,2024-09-18T00:00:00Z,291.1228,291.3523,287.6979,288.0173,1787274.0
V,1046,OneDay,2024-09-19T00:00:00Z,290.5236,290.8331,282.3558,284.7124,3905092.0
V,1046,OneDay,2024-09-20T00:00:00Z,284.9121,286.3199,282.7752,284.2229,2977036.0
V,1046,OneDay,2024-09-23T00:00:00Z,284.8421,288.3969,284.1333,288.1672,1868459.0
V,1046,OneDay,2024-09-24T00:00:00Z,278.4318,278.9411,272.2709,272.5805,6001025.0
V,1046,OneDay,2024-09-25T00:00:00Z,272.9501,272.9998,267.8277,269.2654,6053732.0
V,1046,OneDay,2024-09-26T00:00:00Z,270.1142,272.7801,270.1142,271.3923,3841122.0
V,1046,OneDay,2024-09-27T00:00:00Z,272.2012,277.493,272.2012,274.6575,3035631.0
V,1046,OneDay,2024-09-30T00:00:00Z,273.7089,275.1567,272.7204,274.4478,1889485.0
V,1046,OneDay,2024-10-01T00:00:00Z,276.1052,278.5815,273.8986,276.954,2371933.0
V,1046,OneDay,2024-10-02T00:00:00Z,276.0653,277.1438,274.9968,276.4748,1571492.0
V,1046,OneDay,2024-10-03T00:00:00Z,276.0453,277.2334,275.3863,276.4049,1121618.0
V,1046,OneDay,2024-10-04T00:00:00Z,276.7442,277.8826,274.6475,277.3733,1297448.0
V,1046,OneDay,2024-10-07T00:00:00Z,276.7942,276.7942,272.8002,273.3994,1770435.0
V,1046,OneDay,2024-10-08T00:00:00Z,274.3678,275.566,273.9286,274.5675,1682036.0
V,1046,OneDay,2024-10-09T00:00:00Z,274.5575,277.0638,273.9785,276.4945,1864378.0
V,1046,OneDay,2024-10-10T00:00:00Z,276.2549,277.2334,274.8371,276.974,1622210.0
V,1046,OneDay,2024-10-14T00:00:00Z,277.7827,280.9181,277.573,280.2689,1617003.0
V,1046,OneDay,2024-10-15T00:00:00Z,280.7184,282.1762,278.3919,279.1707,2467578.0
V,1046,OneDay,2024-10-16T00:00:00Z,277.9325,287.1387,277.9325,287.0588,3497323.0
V,1046,OneDay,2024-10-17T00:00:00Z,287.6978,290.4735,287.2284,289.9145,6277065.0
V,1046,OneDay,2024-10-21T00:00:00Z,289.0657,289.6948,285.9006,286.3998,1621463.0
V,1046,OneDay,2024-10-22T00:00:00Z,283.6738,286.0602,283.3443,284.5225,1841930.0
V,1046,OneDay,2024-10-23T00:00:00Z,284.872,285.2914,283.1047,283.2244,1562520.0
V,1046,OneDay,2024-10-24T00:00:00Z,281.9164,283.1547,281.2774,282.865,1662452.0
V,1046,OneDay,2024-10-28T00:00:00Z,281.577,284.1831,280.9779,283.6439,1502911.0
V,1046,OneDay,2024-10-29T00:00:00Z,283.2443,285.2413,280.948,281.537,3100470.0
V,1046,OneDay,2024-10-30T00:00:00Z,288.5064,295.0467,287.8976,289.8545,3513750.0
V,1046,OneDay,2024-10-31T00:00:00Z,291.4123,295.7256,289.1357,289.495,3006729.0
V,1046,OneDay,2024-11-01T00:00:00Z,288.0672,292.2011,286.7291,290.2438,2127591.0
V,1046,OneDay,2024-11-04T00:00:00Z,290.5635,292.4905,289.7846,291.3323,1562505.0
V,1046,OneDay,2024-11-05T00:00:00Z,291.6719,294.2879,291.0827,292.84,1377334.0
V,1046,OneDay,2024-11-06T00:00:00Z,304.9617,307.1984,302.3758,306.7691,4523850.0
V,1046,OneDay,2024-11-07T00:00:00Z,306.6793,306.6891,303.9532,305.3213,2190291.0
V,1046,OneDay,2024-11-08T00:00:00Z,306.6594,310.6434,305.2313,307.2883,2662304.0
V,1046,OneDay,2024-11-11T00:00:00Z,308.8461,311.8616,308.6763,310.5135,1779126.0
V,1046,OneDay,2024-11-12T00:00:00Z,308.7161,309.9843,307.6379,309.2053,1760984.0
V,1046,OneDay,2024-11-13T00:00:00Z,308.906,310.4137,307.3683,309.0756,1518222.0
V,1046,OneDay,2024-11-14T00:00:00Z,309.0856,310.6931,307.3283,307.7976,1684708.0
V,1046,OneDay,2024-11-15T00:00:00Z,307.1786,310.2038,306.0901,309.1157,1748869.0
V,1046,OneDay,2024-11-18T00:00:00Z,308.9757,311.9015,308.0672,311.7616,1806404.0
V,1046,OneDay,2024-11-19T00:00:00Z,310.1142,311.7216,307.9472,311.3523,2011159.0
V,1046,OneDay,2024-11-21T00:00:00Z,307.2183,310.4237,306.1102,309.4152,2195466.0
V,1046,OneDay,2024-11-22T00:00:00Z,308.7261,311.0127,307.5479,309.1954,2646046.0
V,1046,OneDay,2024-11-25T00:00:00Z,311.9813,312.9898,309.3953,312.6604,2331391.0
V,1046,OneDay,2024-11-26T00:00:00Z,313.589,313.6189,311.0327,311.3823,1882808.0
V,1046,OneDay,2024-11-27T00:00:00Z,310.1042,315.8456,309.2053,314.1381,2268313.0
V,1046,OneDay,2024-12-02T00:00:00Z,315.516,316.6941,313.2394,316.1451,1755979.0
V,1046,OneDay,2024-12-03T00:00:00Z,316.3748,316.6544,312.2208,312.4505,1888735.0
V,1046,OneDay,2024-12-04T00:00:00Z,311.492,311.8315,308.2968,309.2354,2065432.0
V,1046,OneDay,2024-12-05T00:00:00Z,310.1541,310.5235,308.3668,308.5165,1906989.0
V,1046,OneDay,2024-12-06T00:00:00Z,308.7961,312.0312,308.5165,310.4635,1599764.0
V,1046,OneDay,2024-12-09T00:00:00Z,311.0826,312.4405,307.1786,307.6778,1828659.0
V,1046,OneDay,2024-12-10T00:00:00Z,307.7476,312.4405,306.0702,312.0012,1690146.0
V,1046,OneDay,2024-12-11T00:00:00Z,312.2309,314.9567,310.6634,313.1993,1641438.0
V,1046,OneDay,2024-12-12T00:00:00Z,314.4375,314.9868,312.89,313.8386,1102288.0
V,1046,OneDay,2024-12-13T00:00:00Z,315.486,316.3648,313.8586,314.2878,1260881.0
V,1046,OneDay,2024-12-16T00:00:00Z,314.2678,317.0037,314.0182,315.7257,1947140.0
V,1046,OneDay,2024-12-17T00:00:00Z,315.1864,318.3018,314.5674,317.6029,2621623.0
V,1046,OneDay,2024-12-18T00:00:00Z,317.9823,321.0977,308.9557,308.9557,2729598.0
V,1046,OneDay,2024-12-19T00:00:00Z,311.1726,316.2549,310.6831,314.4177,2518279.0
V,1046,OneDay,2024-12-20T00:00:00Z,312.7302,319.48,311.6619,317.9125,2838311.0
V,1046,OneDay,2024-12-24T00:00:00Z,317.523,321.0077,316.7741,320.1888,1035971.0
V,1046,OneDay,2024-12-26T00:00:00Z,319.2103,320.9477,318.811,320.2788,929298.0
V,1046,OneDay,2024-12-27T00:00:00Z,319.0807,320.9977,317.0837,318.3418,1203237.0
V,1046,OneDay,2024-12-30T00:00:00Z,314.0582,316.5644,312.7601,314.9367,1294662.0
V,1046,OneDay,2024-12-31T00:00:00Z,315.7257,317.1336,314.7471,315.446,1251889.0
V,1046,OneDay,2025-01-02T00:00:00Z,316.7242,319.1406,311.9412,313.8085,1808439.0
V,1046,OneDay,2025-01-03T00:00:00Z,313.7186,315.1466,311.532,314.4975,1643901.0
V,1046,OneDay,2025-01-06T00:00:00Z,313.7486,314.827,311.592,312.4405,2398942.0
V,1046,OneDay,2025-01-07T00:00:00Z,312.5305,314.5974,310.8431,311.2324,1822761.0
V,1046,OneDay,2025-01-08T00:00:00Z,310.5534,313.479,310.5534,312.0811,1761158.0
V,1046,OneDay,2025-01-10T00:00:00Z,310.823,310.9527,305.501,307.0786,2480256.0
V,1046,OneDay,2025-01-13T00:00:00Z,304.4824,306.2499,303.4142,306.2499,2064855.0
V,1046,OneDay,2025-01-14T00:00:00Z,308.6961,309.5549,306.9888,308.6164,1676277.0
V,1046,OneDay,2025-01-15T00:00:00Z,312.7601,316.6444,312.5504,315.9452,1917297.0
V,1046,OneDay,2025-01-16T00:00:00Z,315.9952,318.6314,315.6359,316.6941,2056139.0
V,1046,OneDay,2025-01-17T00:00:00Z,316.5944,320.0992,315.9853,319.1704,1690823.0
V,1046,OneDay,2025-01-21T00:00:00Z,320.4685,324.0432,319.6299,323.2344,2302989.0
V,1046,OneDay,2025-01-22T00:00:00Z,323.7636,324.0932,321.8466,322.895,2051161.0
V,1046,OneDay,2025-01-23T00:00:00Z,322.7351,327.8276,322.7351,327.5479,2303970.0
V,1046,OneDay,2025-01-24T00:00:00Z,327.478,330.5534,327.1883,329.6249,1898361.0
V,1046,OneDay,2025-01-27T00:00:00Z,329.8945,334.877,327.6279,333.9182,2887447.0
V,1046,OneDay,2025-01-28T00:00:00Z,334.0481,337.1336,332.2908,333.9483,2572269.0
V,1046,OneDay,2025-01-29T00:00:00Z,334.5074,336.5444,334.0182,335.9852,2174990.0
V,1046,OneDay,2025-01-30T00:00:00Z,338.7211,343.7835,338.6611,342.5554,3429053.0
V,1046,OneDay,2025-01-31T00:00:00Z,346.7991,350.3735,341.3672,341.5169,3372593.0
V,1046,OneDay,2025-02-03T00:00:00Z,340.4485,345.471,339.0807,345.1613,3158993.0
V,1046,OneDay,2025-02-04T00:00:00Z,344.2528,345.431,341.9262,344.5624,1923288.0
V,1046,OneDay,2025-02-05T00:00:00Z,345.2114,348.856,344.6321,348.816,1703223.0
V,1046,OneDay,2025-02-06T00:00:00Z,349.8445,349.8445,346.0102,346.7191,1906152.0
V,1046,OneDay,2025-02-07T00:00:00Z,347.7276,350.0741,346.6491,347.6576,1774871.0
V,1046,OneDay,2025-02-10T00:00:00Z,348.2968,351.2823,347.1186,350.6831,2079488.0
V,1046,OneDay,2025-02-11T00:00:00Z,347.478,351.5019,345.6807,350.2039,1748461.0
V,1046,OneDay,2025-02-12T00:00:00Z,348.4765,351.2323,346.9687,350.8031,1775287.0
V,1046,OneDay,2025-02-13T00:00:00Z,352.0111,355.446,350.0741,354.847,1718487.0
V,1046,OneDay,2025-02-14T00:00:00Z,353.8782,354.7871,352.6901,353.1294,1330489.0
V,1046,OneDay,2025-02-18T00:00:00Z,353.0597,356.0252,351.8615,356.0252,2084477.0
V,1046,OneDay,2025-02-19T00:00:00Z,355.1164,356.5444,353.6786,354.4575,1627036.0
V,1046,OneDay,2025-02-20T00:00:00Z,354.2178,355.396,348.5264,349.7545,2126551.0
V,1046,OneDay,2025-02-21T00:00:00Z,350.0941,352.7001,346.9187,347.9073,5308561.0
V,1046,OneDay,2025-02-24T00:00:00Z,346.4795,350.1839,346.4795,349.2054,3755038.0
V,1046,OneDay,2025-02-25T00:00:00Z,350.5633,351.9313,345.3711,351.442,4341691.0
V,1046,OneDay,2025-02-26T00:00:00Z,349.5549,351.2323,348.4365,350.0642,2278897.0
V,1046,OneDay,2025-02-27T00:00:00Z,351.2024,359.6096,350.9727,354.7771,2912109.0
V,1046,OneDay,2025-02-28T00:00:00Z,354.3377,363.0046,354.1979,362.1859,3117181.0
V,1046,OneDay,2025-03-03T00:00:00Z,362.1958,365.8503,359.0006,361.3173,3267467.0
V,1046,OneDay,2025-03-04T00:00:00Z,358.6211,359.41,349.8645,351.6816,3643312.0
V,1046,OneDay,2025-03-05T00:00:00Z,349.9742,353.389,348.3467,351.8215,2825145.0
V,1046,OneDay,2025-03-06T00:00:00Z,345.2114,347.9972,340.8081,343.384,3850662.0
V,1046,OneDay,2025-03-07T00:00:00Z,340.5584,345.7406,338.5515,344.6721,2961026.0
V,1046,OneDay,2025-03-10T00:00:00Z,338.6411,344.3428,337.0837,340.4485,3345915.0
V,1046,OneDay,2025-03-11T00:00:00Z,337.9523,338.8011,329.0456,331.2823,3946845.0
V,1046,OneDay,2025-03-12T00:00:00Z,334.6373,335.1266,328.5665,332.4305,2432116.0
V,1046,OneDay,2025-03-13T00:00:00Z,329.2354,335.5359,327.3383,327.7077,3222181.0
V,1046,OneDay,2025-03-14T00:00:00Z,326.8391,332.0212,326.8391,330.863,3208480.0
V,1046,OneDay,2025-03-17T00:00:00Z,329.455,335.5359,329.2753,333.8286,2297900.0
V,1046,OneDay,2025-03-18T00:00:00Z,334.0481,335.1166,331.6916,333.8885,1705579.0
V,1046,OneDay,2025-03-19T00:00:00Z,334.9967,340.3587,333.9082,339.3602,1970612.0
V,1046,OneDay,2025-03-20T00:00:00Z,338.1021,341.437,337.1534,338.5414,2124524.0
V,1046,OneDay,2025-03-21T00:00:00Z,335.8953,338.6912,334.9867,335.9052,2729517.0
V,1046,OneDay,2025-03-24T00:00:00Z,337.9822,344.6621,337.0737,343.1246,2045901.0
V,1046,OneDay,2025-03-25T00:00:00Z,343.3542,344.6124,340.1389,344.1929,1553985.0
V,1046,OneDay,2025-03-26T00:00:00Z,344.9318,346.7291,342.4555,343.444,1669095.0
V,1046,OneDay,2025-03-27T00:00:00Z,343.404,350.2638,342.6751,349.4149,2225608.0
V,1046,OneDay,2025-03-31T00:00:00Z,339.0207,351.2024,333.8785,349.5749,3305942.0
V,1046,OneDay,2025-04-01T00:00:00Z,349.2353,349.475,342.0462,345.5609,3233756.0
V,1046,OneDay,2025-04-02T00:00:00Z,343.0747,347.5079,342.5054,345.381,2471237.0
V,1046,OneDay,2025-04-03T00:00:00Z,333.9782,344.1329,333.9782,338.7211,4106479.0
V,1046,OneDay,2025-04-04T00:00:00Z,331.6218,333.9982,311.7317,312.3008,5191227.0
V,1046,OneDay,2025-04-07T00:00:00Z,301.8965,320.6284,298.5515,311.6219,5198828.0
V,1046,OneDay,2025-04-08T00:00:00Z,322.0762,325.5509,303.1446,307.9973,3804574.0
V,1046,OneDay,2025-04-10T00:00:00Z,325.9502,329.1654,312.5305,323.7536,3550035.0
V,1046,OneDay,2025-04-11T00:00:00Z,323.5439,336.3747,321.6966,332.9598,2607680.0
V,1046,OneDay,2025-04-14T00:00:00Z,335.0767,338.6214,332.5904,334.6373,2094229.0
V,1046,OneDay,2025-04-15T00:00:00Z,336.4344,338.7011,334.5374,335.2763,1786713.0
V,1046,OneDay,2025-04-16T00:00:00Z,334.7471,336.4845,328.2768,330.7131,2210670.0
V,1046,OneDay,2025-04-17T00:00:00Z,329.9242,333.6586,327.8376,329.1156,2074592.0
V,1046,OneDay,2025-04-21T00:00:00Z,328.0272,328.4165,316.1849,319.4002,2650465.0
V,1046,OneDay,2025-04-22T00:00:00Z,322.4155,331.9712,321.7066,330.803,2146951.0
V,1046,OneDay,2025-04-23T00:00:00Z,336.4945,340.4485,332.5904,333.6886,1507142.0
V,1046,OneDay,2025-04-24T00:00:00Z,332.4505,336.1351,330.7331,335.0466,1679620.0
V,1046,OneDay,2025-04-25T00:00:00Z,332.85,335.8156,331.562,334.7371,1557068.0
V,1046,OneDay,2025-04-28T00:00:00Z,336.4945,338.6711,334.4975,336.9438,1611585.0
V,1046,OneDay,2025-04-29T00:00:00Z,337.8425,341.6867,335.9952,340.8977,2263132.0
V,1046,OneDay,2025-04-30T00:00:00Z,334.7471,345.8305,332.1908,343.9832,2975623.0
V,1046,OneDay,2025-05-01T00:00:00Z,343.464,344.1929,339.55,341.2773,2501010.0
V,1046,OneDay,2025-05-02T00:00:00Z,346.4295,349.4149,345.5909,347.1284,2328833.0
V,1046,OneDay,2025-05-05T00:00:00Z,346.1399,350.4435,345.6807,347.9672,1573643.0
V,1046,OneDay,2025-05-06T00:00:00Z,345.2413,349.0657,345.2413,347.0687,1412552.0
V,1046,OneDay,2025-05-07T00:00:00Z,347.1884,350.5434,346.5094,349.3353,1528531.0
V,1046,OneDay,2025-05-08T00:00:00Z,351.4919,354.6271,350.2738,350.823,1542678.0
V,1046,OneDay,2025-05-09T00:00:00Z,351.3023,353.2093,349.9942,351.9412,1297688.0
V,1046,OneDay,2025-05-12T00:00:00Z,357.0636,357.0636,350.4435,355.3362,2134825.0
V,1046,OneDay,2025-05-13T00:00:00Z,355.8455,358.2118,353.9782,356.0051,1690940.0
V,1046,OneDay,2025-05-14T00:00:00Z,356.5744,357.6226,354.6271,355.7156,1251868.0
V,1046,OneDay,2025-05-15T00:00:00Z,356.1548,363.0646,356.1548,361.2173,2396167.0
V,1046,OneDay,2025-05-16T00:00:00Z,360.728,365.4809,360.1488,364.5024,1871854.0
V,1046,OneDay,2025-05-19T00:00:00Z,362.9547,368.5065,362.835,367.408,2055666.0
V,1046,OneDay,2025-05-20T00:00:00Z,366.4794,367.2683,364.0731,366.2898,1469738.0
V,1046,OneDay,2025-05-21T00:00:00Z,362.9547,365.2913,357.6426,357.7026,1909657.0
V,1046,OneDay,2025-05-22T00:00:00Z,356.7841,359.3999,355.9952,357.3033,1731573.0
V,1046,OneDay,2025-05-23T00:00:00Z,353.3592,355.426,351.5119,352.84,1772703.0
V,1046,OneDay,2025-05-27T00:00:00Z,354.5974,359.39,354.5974,358.6612,1782377.0
V,1046,OneDay,2025-05-28T00:00:00Z,358.7111,360.2688,357.4029,359.1604,1407651.0
V,1046,OneDay,2025-05-29T00:00:00Z,360.1388,362.4355,358.0522,361.8862,1629596.0
V,1046,OneDay,2025-05-30T00:00:00Z,361.8563,366.2098,359.5998,364.6221,1918691.0
V,1046,OneDay,2025-06-02T00:00:00Z,361.8465,364.8518,359.38,364.6321,1755549.0
V,1046,OneDay,2025-06-03T00:00:00Z,363.8632,366.1599,360.828,365.5309,2120592.0
V,1046,OneDay,2025-06-04T00:00:00Z,366.0801,368.9757,365.7106,367.7175,1669696.0
V,1046,OneDay,2025-06-05T00:00:00Z,368.746,370.2838,365.2713,365.9402,1888495.0
V,1046,OneDay,2025-06-06T00:00:00Z,368.0272,370.3038,366.9886,369.6546,1585096.0
V,1046,OneDay,2025-06-09T00:00:00Z,368.4664,368.4664,361.517,366.2998,2134752.0
V,1046,OneDay,2025-06-10T00:00:00Z,366.1099,370.733,365.7905,370.1238,1931771.0
V,1046,OneDay,2025-06-11T00:00:00Z,369.3053,374.9267,368.6061,372.6801,2660873.0
V,1046,OneDay,2025-06-12T00:00:00Z,371.0526,373.5289,368.9557,370.6831,1786684.0
V,1046,OneDay,2025-06-13T00:00:00Z,359.1604,362.2258,344.4924,352.1508,7078366.0
V,1046,OneDay,2025-06-16T00:00:00Z,355.6156,359.5998,353.7685,354.8767,3553421.0
V,1046,OneDay,2025-06-17T00:00:00Z,353.1194,358.9807,353.1194,357.1333,2576633.0
V,1046,OneDay,2025-06-18T00:00:00Z,357.3033,357.7826,337.5329,339.8595,7736437.0
V,1046,OneDay,2025-06-20T00:00:00Z,337.8525,339.39,334.4675,337.463,5555675.0
V,1046,OneDay,2025-06-23T00:00:00Z,337.0537,343.6736,335.0767,343.1944,3983681.0
V,1046,OneDay,2025-06-24T00:00:00Z,350.6133,353.7685,347.428,351.1523,4541664.0
V,1046,OneDay,2025-06-25T00:00:00Z,349.7046,350.5335,345.0517,345.6406,3065147.0
V,1046,OneDay,2025-06-26T00:00:00Z,342.855,346.1899,341.487,345.9002,4319472.0
V,1046,OneDay,2025-06-30T00:00:00Z,349.475,354.7871,349.1653,354.4275,2790150.0
V,1046,OneDay,2025-07-01T00:00:00Z,352.4804,356.4245,350.6732,354.747,3124628.0
V,1046,OneDay,2025-07-02T00:00:00Z,354.1879,355.5659,349.6049,353.4989,2625854.0
V,1046,OneDay,2025-07-07T00:00:00Z,358.4714,358.9407,353.8882,355.9052,2449042.0
V,1046,OneDay,2025-07-08T00:00:00Z,355.9552,357.4829,352.6901,353.8683,2833906.0
V,1046,OneDay,2025-07-09T00:00:00Z,354.4675,357.0237,353.1794,356.8937,1991859.0
V,1046,OneDay,2025-07-10T00:00:00Z,356.1749,356.8837,352.8698,355.2463,2476808.0
V,1046,OneDay,2025-07-11T00:00:00Z,351.9712,352.5404,343.8235,347.0786,3722516.0
V,1046,OneDay,2025-07-14T00:00:00Z,346.4795,351.3622,344.4825,349.7745,2617723.0
V,1046,OneDay,2025-07-15T00:00:00Z,347.8275,349.435,346.1799,346.1799,2537564.0
V,1046,OneDay,2025-07-16T00:00:00Z,346.5994,350.0841,345.1414,349.2553,2328628.0
V,1046,OneDay,2025-07-17T00:00:00Z,348.5664,350.6631,347.9672,349.455,2286695.0
V,1046,OneDay,2025-07-18T00:00:00Z,348.4864,348.846,346.5594,348.3168,1793838.0
V,1046,OneDay,2025-07-21T00:00:00Z,348.1769,353.0397,348.1769,350.4134,1806406.0
V,1046,OneDay,2025-07-22T00:00:00Z,350.4735,353.9082,349.6546,351.1423,2182680.0
V,1046,OneDay,2025-07-23T00:00:00Z,352.2208,355.1563,350.5234,354.5974,2287931.0
V,1046,OneDay,2025-07-24T00:00:00Z,354.0781,356.5844,353.399,353.399,2428393.0
V,1046,OneDay,2025-07-25T00:00:00Z,353.449,357.0537,352.4705,356.4345,1803435.0
V,1046,OneDay,2025-07-28T00:00:00Z,355.9352,357.6426,354.1779,354.737,1972063.0
V,1046,OneDay,2025-07-29T00:00:00Z,356.4645,357.1333,338.2418,341.9862,4016723.0
V,1046,OneDay,2025-07-30T00:00:00Z,341.5169,355.6657,338.4915,347.5779,7147593.0
V,1046,OneDay,2025-07-31T00:00:00Z,347.9772,352.1508,344.6321,344.7321,4588292.0
V,1046,OneDay,2025-08-01T00:00:00Z,344.7321,348.0072,337.553,338.3817,4858561.0
V,1046,OneDay,2025-08-04T00:00:00Z,338.8909,343.7936,338.8409,341.7865,3853593.0
V,1046,OneDay,2025-08-05T00:00:00Z,341.7865,343.0346,335.0767,336.6044,4089952.0
V,1046,OneDay,2025-08-06T00:00:00Z,336.6044,340.868,334.857,338.0421,3457711.0
V,1046,OneDay,2025-08-07T00:00:00Z,338.3218,341.3572,328.1768,331.7017,5031941.0
V,1046,OneDay,2025-08-08T00:00:00Z,331.5919,336.8141,331.502,336.2648,2908628.0
V,1046,OneDay,2025-08-11T00:00:00Z,336.9937,337.9023,333.8885,334.8968,2127943.0
V,1046,OneDay,2025-08-12T00:00:00Z,334.8968,337.9622,334.1878,335.6259,2711295.0
V,1046,OneDay,2025-08-13T00:00:00Z,335.6259,342.875,335.3762,341.8863,2907642.0
V,1046,OneDay,2025-08-14T00:00:00Z,341.8863,345.4909,340.3787,344.9717,3887753.0
V,1046,OneDay,2025-08-15T00:00:00Z,344.9717,347.7276,340.1689,343.6837,2256320.0
V,1046,OneDay,2025-08-18T00:00:00Z,344.5024,344.6822,339.9092,342.1959,2018698.0
V,1046,OneDay,2025-08-19T00:00:00Z,342.4455,345.7006,337.493,341.3772,2049392.0
V,1046,OneDay,2025-08-20T00:00:00Z,341.5569,346.7291,339.49,342.9047,2797038.0
V,1046,OneDay,2025-08-21T00:00:00Z,342.9147,343.9132,339.0406,342.785,1903175.0
V,1046,OneDay,2025-08-22T00:00:00Z,342.785,350.4934,340.9577,349.395,2504285.0
V,1046,OneDay,2025-08-25T00:00:00Z,348.4765,350.4036,346.9787,348.4765,2091318.0
V,1046,OneDay,2025-08-26T00:00:00Z,348.4765,352.75,346.5094,350.6531,2748422.0
V,1046,OneDay,2025-08-27T00:00:00Z,350.6531,352.85,345.9802,349.2453,1995836.0
V,1046,OneDay,2025-08-28T00:00:00Z,349.2453,350.9727,347.478,348.8061,2911770.0
V,1046,OneDay,2025-08-29T00:00:00Z,348.9857,352.0811,347.4179,351.0327,1505999.0
V,1046,OneDay,2025-09-02T00:00:00Z,351.4819,352.0111,345.391,348.836,2246128.0
V,1046,OneDay,2025-09-03T00:00:00Z,348.5064,350.2838,344.842,349.475,2237352.0
V,1046,OneDay,2025-09-04T00:00:00Z,350.0241,352.0412,347.478,349.0457,2216046.0
V,1046,OneDay,2025-09-05T00:00:00Z,349.6246,351.9412,339.6897,342.5654,2520195.0
V,1046,OneDay,2025-09-08T00:00:00Z,342.4954,343.8933,340.4685,341.5069,2425388.0
V,1046,OneDay,2025-09-09T00:00:00Z,341.5069,345.6906,339.49,342.4755,2372282.0
V,1046,OneDay,2025-09-10T00:00:00Z,342.4755,344.0132,335.8855,336.8241,3432476.0
V,1046,OneDay,2025-09-11T00:00:00Z,336.874,342.9747,336.8241,342.4855,3134138.0
V,1046,OneDay,2025-09-12T00:00:00Z,342.4855,342.825,338.6411,338.841,1655055.0
V,1046,OneDay,2025-09-15T00:00:00Z,339.0007,342.0861,337.493,337.9822,2366732.0
V,1046,OneDay,2025-09-16T00:00:00Z,337.9822,339.9992,332.9197,339.5199,2797657.0
V,1046,OneDay,2025-09-17T00:00:00Z,339.5399,345.7306,337.6626,345.2014,2992002.0
V,1046,OneDay,2025-09-18T00:00:00Z,345.2114,347.2383,337.0936,337.8923,3623588.0
V,1046,OneDay,2025-09-19T00:00:00Z,337.8923,342.0361,337.7226,340.9577,2690347.0
V,1046,OneDay,2025-09-22T00:00:00Z,341.3871,344.2528,337.6626,342.9947,2304689.0
V,1046,OneDay,2025-09-23T00:00:00Z,342.9947,344.6024,336.9337,338.1919,2991264.0
V,1046,OneDay,2025-09-24T00:00:00Z,338.1919,339.2403,334.4975,337.6029,2466938.0
V,1046,OneDay,2025-09-25T00:00:00Z,337.8625,339.5599,333.499,334.4374,2681537.0
V,1046,OneDay,2025-09-26T00:00:00Z,334.4374,338.8111,333.9982,336.7041,2032852.0
V,1046,OneDay,2025-09-29T00:00:00Z,337.3532,340.1091,334.9167,338.5814,2393737.0
V,1046,OneDay,2025-09-30T00:00:00Z,338.5814,345.0316,337.0237,338.9907,3501201.0
V,1046,OneDay,2025-10-01T00:00:00Z,338.9907,348.756,336.6541,347.3682,4400296.0
V,1046,OneDay,2025-10-02T00:00:00Z,347.478,349.0256,340.4885,345.0017,2555665.0
V,1046,OneDay,2025-10-03T00:00:00Z,345.0017,352.4405,344.4825,349.3552,2343401.0
V,1046,OneDay,2025-10-06T00:00:00Z,350.4834,350.4834,343.7336,348.766,2640684.0
V,1046,OneDay,2025-10-07T00:00:00Z,349.0956,353.6886,346.759,350.843,3116813.0
V,1046,OneDay,2025-10-08T00:00:00Z,350.9727,354.3675,349.475,350.4735,2124060.0
V,1046,OneDay,2025-10-09T00:00:00Z,350.5734,351.9313,345.0517,345.6208,2332797.0
V,1046,OneDay,2025-10-10T00:00:00Z,345.9802,349.8445,342.7351,343.1643,2138853.0
V,1046,OneDay,2025-10-13T00:00:00Z,343.2044,347.0286,340.1989,341.487,2218739.0
V,1046,OneDay,2025-10-14T00:00:00Z,341.487,349.4149,339.49,347.2283,2265225.0
V,1046,OneDay,2025-10-15T00:00:00Z,347.5779,349.4949,342.9847,344.9318,1809741.0
V,1046,OneDay,2025-10-16T00:00:00Z,344.9318,347.478,333.6089,334.6972,3320930.0
V,1046,OneDay,2025-10-17T00:00:00Z,334.7471,342.865,330.0741,341.1276,2479887.0
V,1046,OneDay,2025-10-20T00:00:00Z,340.4885,344.4025,338.3518,343.8535,1860422.0
V,1046,OneDay,2025-10-21T00:00:00Z,343.8535,349.0756,341.4969,346.5395,2224015.0
V,1046,OneDay,2025-10-22T00:00:00Z,346.8788,347.6178,339.49,344.6921,2328669.0
V,1046,OneDay,2025-10-23T00:00:00Z,344.6921,346.9787,343.7835,344.872,2435472.0
V,1046,OneDay,2025-10-24T00:00:00Z,345.2313,348.4565,340.4885,346.6792,1786107.0
V,1046,OneDay,2025-10-27T00:00:00Z,348.0271,350.2738,343.9832,347.2983,2235615.0
V,1046,OneDay,2025-10-28T00:00:00Z,347.2983,351.472,337.493,349.0256,3756285.0
V,1046,OneDay,2025-10-29T00:00:00Z,348.816,350.0642,338.4915,340.4885,4416794.0
V,1046,OneDay,2025-10-30T00:00:00Z,340.4885,349.0756,339.49,341.9862,3446158.0
V,1046,OneDay,2025-11-03T00:00:00Z,340.9877,341.487,334.3677,336.3945,2343084.0
V,1046,OneDay,2025-11-04T00:00:00Z,336.3945,339.6897,333.499,337.493,748625.0
V,1046,OneDay,2025-11-05T00:00:00Z,337.493,341.1276,335.7855,338.4915,748625.0
V,1046,OneDay,2025-11-06T00:00:00Z,338.4915,339.3901,333.1594,333.499,764096.0
V,1046,OneDay,2025-11-07T00:00:00Z,333.499,337.6826,333.499,335.466,764096.0
V,1046,OneDay,2025-11-10T00:00:00Z,335.0067,338.0421,333.1793,334.2279,2811920.0
V,1046,OneDay,2025-11-11T00:00:00Z,334.2279,338.4415,332.5404,338.0122,2811920.0
V,1046,OneDay,2025-11-12T00:00:00Z,338.1919,343.6436,334.4975,338.1718,837438.0
V,1046,OneDay,2025-11-13T00:00:00Z,338.1718,340.788,334.4975,335.7156,837438.0
V,1046,OneDay,2025-11-14T00:00:00Z,335.7156,336.4945,328.5264,329.455,436913.0
V,1046,OneDay,2025-11-17T00:00:00Z,330.2738,333.479,324.0132,325.0117,3542484.0
V,1046,OneDay,2025-11-18T00:00:00Z,325.0117,326.0601,317.523,319.3703,1315848.0
V,1046,OneDay,2025-11-19T00:00:00Z,319.52,323.9633,318.6911,321.417,1315848.0
V,1046,OneDay,2025-11-20T00:00:00Z,321.417,327.6478,320.5185,322.3158,1315848.0
V,1046,OneDay,2025-11-24T00:00:00Z,327.7376,330.1738,324.0132,328.6861,3664710.0
V,1046,OneDay,2025-11-25T00:00:00Z,328.6861,335.5359,327.508,334.0082,3664710.0
V,1046,OneDay,2025-11-26T00:00:00Z,334.0082,335.496,329.505,333.469,3664710.0
V,1046,OneDay,2025-11-27T00:00:00Z,333.5089,333.8983,333.2493,333.2493,5091.0
V,1046,OneDay,2025-11-28T00:00:00Z,333.3592,334.4775,327.508,333.7186,1500807.0
V,1046,OneDay,2025-12-01T00:00:00Z,333.449,333.499,329.6149,330.0142,2928991.0
V,1046,OneDay,2025-12-02T00:00:00Z,330.0142,332.2009,326.6194,328.5065,2928991.0
V,1046,OneDay,2025-12-03T00:00:00Z,328.5065,331.7715,327.0087,329.3153,622961.0
V,1046,OneDay,2025-12-04T00:00:00Z,329.3153,331.6616,323.7935,326.3698,622961.0
V,1046,OneDay,2025-12-05T00:00:00Z,326.4095,333.5789,324.5125,330.6034,622961.0
V,1046,OneDay,2025-12-08T00:00:00Z,330.7032,333.0996,323.8135,326.3098,2694057.0
V,1046,OneDay,2025-12-09T00:00:00Z,326.3098,327.5979,324.5524,325.8105,2694057.0
V,1046,OneDay,2025-12-10T00:00:00Z,325.8105,328.2069,324.1131,325.2613,519173.0
V,1046,OneDay,2025-12-11T00:00:00Z,325.2613,346.6491,324.5125,344.9917,3660568.0
V,1046,OneDay,2025-12-15T00:00:00Z,347.2183,349.1754,341.487,346.1001,3615942.0
V,1046,OneDay,2025-12-16T00:00:00Z,346.1001,347.378,339.49,343.8335,3615942.0
V,1046,OneDay,2025-12-17T00:00:00Z,343.8335,347.1284,342.9847,343.7936,185242.0
V,1046,OneDay,2025-12-18T00:00:00Z,343.4939,346.9487,340.4885,343.484,185242.0
V,1046,OneDay,2025-12-19T00:00:00Z,343.484,349.2253,340.9277,348.3765,185242.0
V,1046,OneDay,2025-12-22T00:00:00Z,348.4066,352.76,345.481,350.7831,2189516.0
V,1046,OneDay,2025-12-23T00:00:00Z,351.1824,355.7256,345.481,352.7001,2189516.0
V,1046,OneDay,2025-12-24T00:00:00Z,352.7001,355.4059,352.3108,354.4475,2189516.0
V,1046,OneDay,2025-12-26T00:00:00Z,355.2663,355.9752,351.0726,353.0297,981407.0
V,1046,OneDay,2025-12-29T00:00:00Z,354.4774,355.8355,350.4735,353.8782,1392530.0
V,1046,OneDay,2025-12-30T00:00:00Z,353.8782,354.5773,351.5619,352.8997,1392530.0
V,1046,OneDay,2025-12-31T00:00:00Z,352.8997,354.4675,349.6946,350.4535,1392530.0
V,1046,OneDay,2026-01-02T00:00:00Z,350.9328,352.121,342.9047,345.431,2954042.0
V,1046,OneDay,2026-01-05T00:00:00Z,346.13,356.9537,342.1959,353.0696,3974759.0
V,1046,OneDay,2026-01-06T00:00:00Z,353.6486,358.0522,351.472,356.4645,3974759.0
V,1046,OneDay,2026-01-07T00:00:00Z,356.4645,357.8424,353.9582,354.9667,88909.0
V,1046,OneDay,2026-01-08T00:00:00Z,354.9667,355.7056,348.9857,351.472,135003.0
V,1046,OneDay,2026-01-09T00:00:00Z,351.2823,353.8485,347.4879,349.2253,135003.0
V,1046,OneDay,2026-01-12T00:00:00Z,346.6592,347.6777,336.5444,342.5954,6958452.0
V,1046,OneDay,2026-01-13T00:00:00Z,342.5954,345.2813,323.2643,328.2568,4290037.0
V,1046,OneDay,2026-01-14T00:00:00Z,328.3268,329.4251,323.3942,327.5179,4290037.0
V,1046,OneDay,2026-01-15T00:00:00Z,327.6876,331.1524,325.8605,326.5994,4290037.0
V,1046,OneDay,2026-01-16T00:00:00Z,327.0187,328.6861,324.9517,327.7975,4290037.0
V,1046,OneDay,2026-01-20T00:00:00Z,325.4411,327.7676,320.6881,325.411,4350249.0
V,1046,OneDay,2026-01-21T00:00:00Z,325.3113,327.9972,322.5155,325.0117,70415.0
V,1046,OneDay,2026-01-22T00:00:00Z,325.0117,327.1584,323.5839,324.9517,70415.0
V,1046,OneDay,2026-01-23T00:00:00Z,325.0516,327.2084,324.0832,325.5409,70415.0
V,1046,OneDay,2026-01-26T00:00:00Z,326.5294,331.2124,324.5125,327.9972,4202801.0
V,1046,OneDay,2026-01-27T00:00:00Z,328.1471,329.8645,324.3927,324.5224,4202801.0
V,1046,OneDay,2026-01-28T00:00:00Z,324.5224,327.7476,324.0132,326.0202,118204.0
V,1046,OneDay,2026-01-29T00:00:00Z,326.1501,332.8201,322.905,325.2114,1641891.0
V,1046,OneDay,2026-01-30T00:00:00Z,325.0616,331.502,321.0777,321.3773,92708.0
V,1046,OneDay,2026-02-02T00:00:00Z,321.9164,334.1381,319.0706,332.5005,4701214.0
V,1046,OneDay,2026-02-03T00:00:00Z,332.88,335.2363,326.5095,328.5065,435677.0
V,1046,OneDay,2026-02-04T00:00:00Z,328.1071,330.7631,323.9532,328.5065,435677.0
V,1046,OneDay,2026-02-05T00:00:00Z,328.5065,336.4545,326.1998,329.2553,96927.0
V,1046,OneDay,2026-02-09T00:00:00Z,331.2224,332.1411,323.0347,325.0117,4753280.0
V,1046,OneDay,2026-02-10T00:00:00Z,325.0217,329.2753,323.5239,327.3083,4753280.0
V,1046,OneDay,2026-02-11T00:00:00Z,327.3083,330.4935,325.0217,328.7361,1067100.0
V,1046,OneDay,2026-02-12T00:00:00Z,328.7361,331.5219,323.514,324.5125,500266.0
V,1046,OneDay,2026-02-13T00:00:00Z,324.5125,326.2099,312.3308,313.519,1006841.0
V,1046,OneDay,2026-02-17T00:00:00Z,313.9383,320.798,311.7616,318.0222,4576350.0
V,1046,OneDay,2026-02-18T00:00:00Z,318.7212,321.7366,315.9552,319.52,4576350.0
V,1046,OneDay,2026-02-19T00:00:00Z,319.7197,321.1675,315.0267,316.5245,4576350.0
V,1046,OneDay,2026-02-20T00:00:00Z,318.0222,321.8266,315.8855,320.6384,4576350.0
V,1046,OneDay,2026-02-23T00:00:00Z,319.0,320.3301,304.6201,306.9199,7054681.0
V,1046,OneDay,2026-02-24T00:00:00Z,306.9199,309.1699,303.1101,307.0,7054681.0
V,1046,OneDay,2026-02-25T00:00:00Z,307.0,313.8601,306.1101,312.5,7054681.0
V,1046,OneDay,2026-02-26T00:00:00Z,312.55,319.3401,311.59,314.22,7054681.0
V,1046,OneDay,2026-02-27T00:00:00Z,314.8601,320.0701,311.0901,319.3301,7054681.0
V,1046,OneDay,2026-03-02T00:00:00Z,315.0,322.55,311.0,320.0,3035829.0
V,1046,OneDay,2026-03-03T00:00:00Z,320.0,321.96,314.22,320.1699,3035829.0
V,1046,OneDay,2026-03-04T00:00:00Z,320.5,325.6899,316.22,320.5,3035829.0
V,1046,OneDay,2026-03-05T00:00:00Z,320.5,322.6301,314.73,317.96,1546414.0
V,1046,OneDay,2026-03-06T00:00:00Z,318.0,321.1,312.1101,317.23,1546414.0
V,1046,OneDay,2026-03-09T00:00:00Z,311.0,316.1599,308.0,315.0,4038401.0
V,1046,OneDay,2026-03-10T00:00:00Z,315.26,317.3901,311.3701,314.54,2633480.0
V,1046,OneDay,2026-03-11T00:00:00Z,314.5,316.52,308.3401,308.6599,2746265.0
V,1046,OneDay,2026-03-12T00:00:00Z,308.6599,310.8901,306.01,306.6499,3622453.0
V,1046,OneDay,2026-03-13T00:00:00Z,306.6499,310.29,305.0,307.0701,2255041.0
V,1046,OneDay,2026-03-16T00:00:00Z,308.63,311.05,306.0,309.6401,2529835.0
V,1046,OneDay,2026-03-17T00:00:00Z,309.6499,312.5,307.3701,308.5,3187840.0
V,1046,OneDay,2026-03-18T00:00:00Z,308.55,310.2,298.52,298.8,3630778.0
V,1046,OneDay,2026-03-19T00:00:00Z,298.8601,302.3801,296.6499,299.5,3519572.0
V,1046,OneDay,2026-03-20T00:00:00Z,299.5,302.8401,298.2,301.6001,2992081.0
V,1046,OneDay,2026-03-23T00:00:00Z,301.62,308.3999,299.0,304.45,3290648.0
V,1046,OneDay,2026-03-24T00:00:00Z,304.4099,305.98,300.51,304.1301,2901742.0
V,1046,OneDay,2026-03-25T00:00:00Z,304.29,308.02,302.2,304.8201,2994343.0
V,1046,OneDay,2026-03-26T00:00:00Z,304.8201,307.8101,301.3601,305.74,3498766.0
V,1046,OneDay,2026-03-27T00:00:00Z,305.74,306.78,294.26,295.25,4981879.0
V,1046,OneDay,2026-03-30T00:00:00Z,295.02,300.5701,293.33,298.8801,4519002.0
V,1046,OneDay,2026-03-31T00:00:00Z,298.8801,303.29,296.54,302.01,5800623.0
V,1046,OneDay,2026-04-01T00:00:00Z,302.01,304.3999,293.77,298.5801,4796647.0
V,1046,OneDay,2026-04-02T00:00:00Z,298.5801,302.1301,295.0,300.5801,2421696.0
V,1046,OneDay,2026-04-03T00:00:00Z,300.5801,301.2,300.5801,300.8999,1016.0
V,1046,OneDay,2026-04-06T00:00:00Z,301.1,304.3601,299.3601,302.5701,3023430.0
V,1046,OneDay,2026-04-07T00:00:00Z,302.71,304.8201,300.99,302.6201,2319022.0
V,1046,OneDay,2026-04-08T00:00:00Z,302.6201,310.96,302.55,308.3801,2711592.0
V,1046,OneDay,2026-04-09T00:00:00Z,308.3801,309.5,303.52,308.0,2593370.0
V,1046,OneDay,2026-04-10T00:00:00Z,308.3,309.15,303.51,304.3301,2327427.0
V,1046,OneDay,2026-04-13T00:00:00Z,303.5,309.6799,301.0,309.4199,3703970.0
V,1046,OneDay,2026-04-14T00:00:00Z,309.4199,311.8501,306.0,311.0,3254982.0
V,1046,OneDay,2026-04-15T00:00:00Z,311.0,316.71,311.0,315.3999,2655134.0
V,1046,OneDay,2026-04-16T00:00:00Z,315.46,317.74,311.52,315.0,2148449.0
V,1046,OneDay,2026-04-17T00:00:00Z,315.0,319.4199,313.0601,317.05,3372698.0
V,1046,OneDay,2026-04-20T00:00:00Z,315.0,317.3701,309.29,314.0,2980645.0
V,1046,OneDay,2026-04-21T00:00:00Z,314.0,316.8,308.54,310.5,3593729.0
V,1046,OneDay,2026-04-22T00:00:00Z,310.5,312.2,308.0,310.82,3148317.0
V,1046,OneDay,2026-04-23T00:00:00Z,310.97,311.3,305.0,308.4,4054014.0
V,1046,OneDay,2026-04-24T00:00:00Z,308.5,309.86,304.2,309.22,3161883.0
V,1046,OneDay,2026-04-27T00:00:00Z,309.45,310.75,306.0,309.65,3442252.0
V,1046,OneDay,2026-04-28T00:00:00Z,309.65,327.25,308.0,325.7,4508954.0
V,1046,OneDay,2026-04-29T00:00:00Z,325.7,341.68,321.77,334.1,9025806.0
V,1046,OneDay,2026-04-30T00:00:00Z,334.1,334.82,326.0,330.17,5500327.0
V,1046,OneDay,2026-05-01T00:00:00Z,331.03,334.25,327.79,328.2,3657763.0
V,1046,OneDay,2026-05-04T00:00:00Z,328.03,329.72,325.33,326.0,3686128.0
V,1046,OneDay,2026-05-05T00:00:00Z,326.12,328.0,317.06,322.5,3048905.0
V,1046,OneDay,2026-05-06T00:00:00Z,322.5,324.5,318.0,318.68,3184317.0
V,1046,OneDay,2026-05-07T00:00:00Z,318.68,323.6,318.4,321.0,4255392.0
V,1046,OneDay,2026-05-08T00:00:00Z,320.57,322.13,316.11,318.72,2699314.0
V,1046,OneDay,2026-05-11T00:00:00Z,318.0,325.13,317.07,323.8,3031280.0
V,1046,OneDay,2026-05-12T00:00:00Z,323.81,328.88,323.0,326.5,3184534.0
V,1046,OneDay,2026-05-13T00:00:00Z,326.01,327.29,319.53,320.4,3421475.0
V,1046,OneDay,2026-05-14T00:00:00Z,320.4,323.18,318.5,321.77,3495832.0
V,1046,OneDay,2026-05-15T00:00:00Z,322.03,328.87,320.5,325.51,2687153.0
V,1046,OneDay,2026-05-18T00:00:00Z,325.24,333.24,322.35,332.46,2667873.0
V,1046,OneDay,2026-05-19T00:00:00Z,332.3,335.8,329.0,329.5,8149448.0
V,1046,OneDay,2026-05-20T00:00:00Z,329.6,331.59,326.67,330.17,5648609.0
V,1046,OneDay,2026-05-21T00:00:00Z,330.17,332.5,327.18,330.25,2532815.0
V,1046,OneDay,2026-05-22T00:00:00Z,331.01,333.14,327.16,329.22,2517796.0
V,1046,OneDay,2026-05-26T00:00:00Z,328.88,329.87,324.44,326.05,4050703.0
V,1046,OneDay,2026-05-27T00:00:00Z,326.4,331.37,325.0,327.12,2866463.0
V,1046,OneDay,2026-05-28T00:00:00Z,327.44,329.03,320.88,324.5,4124365.0
V,1046,OneDay,2026-05-29T00:00:00Z,324.75,331.6,323.0,327.55,3460322.0
V,1046,OneDay,2026-06-01T00:00:00Z,325.28,327.3,318.67,322.89,5431103.0
V,1046,OneDay,2026-06-02T00:00:00Z,322.89,323.64,313.32,317.6,5011601.0
V,1046,OneDay,2026-06-03T00:00:00Z,317.55,319.0,309.0,313.05,4277483.0
V,1046,OneDay,2026-06-04T00:00:00Z,313.41,324.66,313.0,320.1,3236139.0
V,1046,OneDay,2026-06-05T00:00:00Z,320.1,325.91,318.76,324.14,2643372.0
V,1046,OneDay,2026-06-08T00:00:00Z,321.33,323.83,318.05,320.0,3115832.0
V,1046,OneDay,2026-06-09T00:00:00Z,320.0,325.42,315.87,323.6,2886265.0
V,1046,OneDay,2026-06-10T00:00:00Z,324.22,326.31,320.1,322.85,3094180.0
V,1046,OneDay,2026-06-11T00:00:00Z,322.85,324.7,315.4,319.42,3216128.0
V,1046,OneDay,2026-06-12T00:00:00Z,319.42,325.86,316.0,322.26,2723440.0
V,1046,OneDay,2026-06-15T00:00:00Z,323.0,326.4,320.57,324.0,3492523.0
V,1046,OneDay,2026-06-16T00:00:00Z,324.0,333.72,322.0,333.0,4608311.0
V,1046,OneDay,2026-06-17T00:00:00Z,332.89,336.74,329.97,330.15,3232546.0
V,1046,OneDay,2026-06-18T00:00:00Z,330.39,332.0,326.55,327.0,4842786.0
V,1046,OneDay,2026-06-19T00:00:00Z,327.0,327.5,327.0,327.2,18648.0
V,1046,OneDay,2026-06-22T00:00:00Z,326.0,332.8,325.0,325.82,6081433.0
V,1046,OneDay,2026-06-23T00:00:00Z,325.82,331.23,324.2,328.36,4532974.0
V,1046,OneDay,2026-06-24T00:00:00Z,328.36,334.69,325.0,330.17,3664479.0
V,1046,OneDay,2026-06-25T00:00:00Z,331.0,339.9,328.5,331.37,3594437.0
V,1046,OneDay,2026-06-26T00:00:00Z,331.37,339.63,328.38,336.63,3514786.0
V,1046,OneDay,2026-06-29T00:00:00Z,333.84,345.77,331.0,341.58,7633960.0
V,1046,OneDay,2026-06-30T00:00:00Z,342.0,344.27,338.84,342.64,4047105.0
V,1046,OneDay,2026-07-01T00:00:00Z,342.65,353.31,337.8,349.44,5421389.0
V,1046,OneDay,2026-07-02T00:00:00Z,349.44,361.76,348.13,361.55,4158214.0
V,1046,OneDay,2026-07-03T00:00:00Z,361.55,362.0,360.97,361.65,88129.0
V,1046,OneDay,2026-07-06T00:00:00Z,358.3,363.8,348.79,356.55,4170374.0
V,1046,OneDay,2026-07-07T00:00:00Z,356.55,357.2,345.75,352.0,3611750.0
V,1046,OneDay,2026-07-08T00:00:00Z,352.0,352.0,345.0,347.02,4808970.0
V,1046,OneDay,2026-07-09T00:00:00Z,347.01,348.35,341.58,346.95,3010040.0
V,1046,OneDay,2026-07-10T00:00:00Z,347.4,350.94,343.8,348.87,1857212.0
V,1046,OneDay,2026-07-13T00:00:00Z,346.2,359.43,346.09,357.65,4430844.0
V,1046,OneDay,2026-07-14T00:00:00Z,357.76,359.86,352.25,354.15,3178988.0
V,1046,OneDay,2026-07-15T00:00:00Z,354.15,360.31,349.11,355.1,4296770.0
V,1046,OneDay,2026-07-16T00:00:00Z,354.15,364.85,350.8,364.12,3165134.0
V,1046,OneDay,2026-07-17T00:00:00Z,364.56,366.0,356.95,358.52,3171837.0
V,1046,OneDay,2026-07-20T00:00:00Z,358.65,362.95,356.01,359.99,3430104.0
V,1046,OneDay,2026-07-21T00:00:00Z,360.02,361.0,354.22,356.0,2615409.0
V,1046,OneDay,2026-07-22T00:00:00Z,356.0,357.37,350.0,353.0,2394818.0
V,1046,OneDay,2026-07-23T00:00:00Z,353.01,353.48,348.45,351.0,2090282.0
V,1046,OneDay,2026-07-24T00:00:00Z,351.0,355.8,346.0,355.28,1946751.0
V,1046,OneDay,2026-07-27T00:00:00Z,352.62,363.63,352.62,361.5,2718406.0
V,1046,OneDay,2026-07-28T00:00:00Z,361.5,371.11,355.11,359.45,6101927.0
V,1046,OneDay,2026-07-29T00:00:00Z,359.45,373.94,356.81,368.85,6040607.0
V,1046,OneDay,2026-07-30T00:00:00Z,368.85,369.88,360.62,365.2,4691141.0
V,1046,OneDay,2026-07-31T00:00:00Z,365.36,367.0,360.44,366.11,2399501.0
V,1046,OneDay,2026-08-03T00:00:00Z,362.97,372.41,362.97,365.32,2299277.0
V,1046,OneDay,2026-08-04T00:00:00Z,365.76,371.06,360.15,368.8,2827037.0
V,1046,OneDay,2026-08-05T00:00:00Z,369.22,372.9,361.5,368.1,2048560.0
V,1046,OneDay,2026-08-06T00:00:00Z,368.46,370.55,363.17,369.0,2740307.0
V,1046,OneDay,2026-08-07T00:00:00Z,369.19,370.0,361.45,362.45,2254739.0
V,1046,OneDay,2026-08-10T00:00:00Z,360.5,364.1,357.37,361.21,4108757.0
V,1046,OneDay,2026-08-11T00:00:00Z,361.2,364.53,355.52,362.5,1979597.0
V,1046,OneDay,2026-08-12T00:00:00Z,362.5,363.09,358.28,360.17,1944539.0
V,1046,OneDay,2026-08-13T00:00:00Z,360.17,365.2,358.2,365.0,3187103.0
V,1046,OneDay,2026-08-14T00:00:00Z,365.0,366.16,360.0,364.12,1812934.0
V,1046,OneDay,2026-08-17T00:00:00Z,361.38,364.53,358.0,358.6,3996978.0
V,1046,OneDay,2026-08-18T00:00:00Z,358.6,365.89,358.0,362.8,7623349.0
V,1046,OneDay,2026-08-19T00:00:00Z,364.26,370.56,360.27,365.5,2916907.0
V,1046,OneDay,2026-08-20T00:00:00Z,365.5,368.91,361.57,366.42,1993300.0
WMT,1035,OneDay,2022-07-20T00:00:00Z,43.3333,43.7229,43.1235,43.4365,
WMT,1035,OneDay,2022-07-21T00:00:00Z,43.4998,44.1358,43.4465,44.1159,
WMT,1035,OneDay,2022-07-22T00:00:00Z,44.1192,44.4122,43.6996,44.0393,
WMT,1035,OneDay,2022-07-25T00:00:00Z,44.0859,44.1558,43.7695,43.9627,
WMT,1035,OneDay,2022-07-26T00:00:00Z,40.3163,40.8424,39.9866,40.6193,
WMT,1035,OneDay,2022-07-27T00:00:00Z,40.4495,42.2077,40.3862,42.1612,
WMT,1035,OneDay,2022-07-28T00:00:00Z,42.0479,43.4565,42.0479,43.1934,
WMT,1035,OneDay,2022-07-29T00:00:00Z,42.7306,44.0426,42.7306,43.9926,
WMT,1035,OneDay,2022-08-01T00:00:00Z,43.8861,44.6819,43.7529,44.1392,
WMT,1035,OneDay,2022-08-02T00:00:00Z,44.0925,44.5188,43.7529,44.1758,
WMT,1035,OneDay,2022-08-03T00:00:00Z,43.8927,44.259,43.2434,43.4665,
WMT,1035,OneDay,2022-08-04T00:00:00Z,43.5098,43.5098,41.7549,41.8448,
WMT,1035,OneDay,2022-08-05T00:00:00Z,41.8115,42.2111,41.665,42.1545,
WMT,1035,OneDay,2022-08-08T00:00:00Z,42.1612,42.6906,42.1578,42.4808,
WMT,1035,OneDay,2022-08-09T00:00:00Z,42.594,42.9304,42.3609,42.9237,
WMT,1035,OneDay,2022-08-10T00:00:00Z,43.3266,43.3266,42.7572,43.0136,
WMT,1035,OneDay,2022-08-11T00:00:00Z,43.1302,43.4066,42.8172,43.1934,
WMT,1035,OneDay,2022-08-12T00:00:00Z,43.34,44.2291,43.2201,44.0393,
WMT,1035,OneDay,2022-08-15T00:00:00Z,43.7962,44.4755,43.7928,44.1358,
WMT,1035,OneDay,2022-08-16T00:00:00Z,46.0373,46.9164,46.0373,46.4102,
WMT,1035,OneDay,2022-08-17T00:00:00Z,46.1572,47.5191,46.1405,46.4735,
WMT,1035,OneDay,2022-08-18T00:00:00Z,46.4768,46.7399,46.1205,46.3303,
WMT,1035,OneDay,2022-08-19T00:00:00Z,46.2703,46.2703,45.591,45.6143,
WMT,1035,OneDay,2022-08-22T00:00:00Z,45.3879,45.5211,44.7652,44.7985,
WMT,1035,OneDay,2022-08-23T00:00:00Z,44.7719,44.935,44.3523,44.632,
WMT,1035,OneDay,2022-08-24T00:00:00Z,44.7252,45.0516,44.4822,44.945,
WMT,1035,OneDay,2022-08-25T00:00:00Z,45.0482,45.2813,44.9717,45.2514,
WMT,1035,OneDay,2022-08-26T00:00:00Z,45.3713,45.5544,43.7928,43.8262,
WMT,1035,OneDay,2022-08-29T00:00:00Z,43.5431,44.572,43.4832,44.259,
WMT,1035,OneDay,2022-08-30T00:00:00Z,44.3889,44.4888,43.8594,44.0959,
WMT,1035,OneDay,2022-08-31T00:00:00Z,44.2124,44.5254,43.9327,44.2057,
WMT,1035,OneDay,2022-09-01T00:00:00Z,44.1025,44.9983,44.1025,44.7685,
WMT,1035,OneDay,2022-09-02T00:00:00Z,44.905,45.1748,44.0992,44.2624,
WMT,1035,OneDay,2022-09-06T00:00:00Z,44.3456,44.4822,43.5264,44.0826,
WMT,1035,OneDay,2022-09-07T00:00:00Z,44.3256,45.2713,44.1858,45.2214,
WMT,1035,OneDay,2022-09-08T00:00:00Z,45.0882,45.5777,44.9117,45.4012,
WMT,1035,OneDay,2022-09-09T00:00:00Z,45.2747,45.7842,45.1748,45.5844,
WMT,1035,OneDay,2022-09-12T00:00:00Z,45.7773,46.1412,45.7039,45.9497,
WMT,1035,OneDay,2022-09-13T00:00:00Z,45.6036,45.8931,44.8648,44.9846,
WMT,1035,OneDay,2022-09-14T00:00:00Z,45.0312,45.4339,44.6285,44.8847,
WMT,1035,OneDay,2022-09-15T00:00:00Z,44.8648,44.958,44.2491,44.3855,
WMT,1035,OneDay,2022-09-16T00:00:00Z,43.9496,44.7749,43.6867,44.2957,
WMT,1035,OneDay,2022-09-19T00:00:00Z,43.9928,44.8315,43.9928,44.7017,
WMT,1035,OneDay,2022-09-20T00:00:00Z,44.3556,44.5553,44.1027,44.4421,
WMT,1035,OneDay,2022-09-21T00:00:00Z,45.0977,45.74,44.8016,44.8315,
WMT,1035,OneDay,2022-09-22T00:00:00Z,44.6951,44.8282,44.2025,44.3855,
WMT,1035,OneDay,2022-09-23T00:00:00Z,44.1493,44.3057,42.8613,43.2707,
WMT,1035,OneDay,2022-09-26T00:00:00Z,42.9578,43.9695,42.675,43.7466,
WMT,1035,OneDay,2022-09-27T00:00:00Z,43.9662,44.3955,43.3572,43.5968,
WMT,1035,OneDay,2022-09-28T00:00:00Z,43.7599,44.4754,43.1542,44.289,
WMT,1035,OneDay,2022-09-29T00:00:00Z,44.2624,44.5952,43.8065,44.0062,
WMT,1035,OneDay,2022-09-30T00:00:00Z,43.9629,44.0028,43.1642,43.2241,
WMT,1035,OneDay,2022-10-03T00:00:00Z,43.264,44.1925,43.2507,44.0894,
WMT,1035,OneDay,2022-10-04T00:00:00Z,44.4954,44.9879,44.3822,44.6518,
WMT,1035,OneDay,2022-10-05T00:00:00Z,44.5419,44.7949,44.0993,44.2058,
WMT,1035,OneDay,2022-10-06T00:00:00Z,44.2824,44.745,43.7898,43.8265,
WMT,1035,OneDay,2022-10-07T00:00:00Z,43.6101,43.7998,42.615,42.7748,
WMT,1035,OneDay,2022-10-10T00:00:00Z,43.0211,43.234,42.6916,43.0244,
WMT,1035,OneDay,2022-10-11T00:00:00Z,43.0543,44.5253,43.0011,44.1559,
WMT,1035,OneDay,2022-10-12T00:00:00Z,44.2657,44.8415,43.5835,43.6234,
WMT,1035,OneDay,2022-10-13T00:00:00Z,42.9978,44.2324,42.7149,44.0128,
WMT,1035,OneDay,2022-10-14T00:00:00Z,43.9995,44.329,43.2773,43.4437,
WMT,1035,OneDay,2022-10-17T00:00:00Z,43.5635,44.1958,43.4138,43.7133,
WMT,1035,OneDay,2022-10-18T00:00:00Z,44.4388,44.9513,44.3356,44.6485,
WMT,1035,OneDay,2022-10-19T00:00:00Z,44.6318,44.8381,44.2458,44.5153,
WMT,1035,OneDay,2022-10-20T00:00:00Z,44.522,45.0511,44.4588,44.6019,
WMT,1035,OneDay,2022-10-21T00:00:00Z,44.5952,45.7267,44.5952,45.517,
WMT,1035,OneDay,2022-10-24T00:00:00Z,45.6202,46.7451,45.6202,46.3923,
WMT,1035,OneDay,2022-10-25T00:00:00Z,46.2459,46.7018,46.0196,46.6086,
WMT,1035,OneDay,2022-10-26T00:00:00Z,46.6253,47.2676,46.5321,46.9814,
WMT,1035,OneDay,2022-10-27T00:00:00Z,46.8849,47.2842,46.6819,46.7984,
WMT,1035,OneDay,2022-10-28T00:00:00Z,46.6652,47.5505,46.6453,47.4207,
WMT,1035,OneDay,2022-10-31T00:00:00Z,47.2909,47.6104,47.191,47.3541,
WMT,1035,OneDay,2022-11-01T00:00:00Z,47.5005,47.7535,47.0879,47.1478,
WMT,1035,OneDay,2022-11-02T00:00:00Z,46.988,47.7635,46.825,46.825,
WMT,1035,OneDay,2022-11-03T00:00:00Z,46.2659,47.1545,46.2525,46.8516,
WMT,1035,OneDay,2022-11-04T00:00:00Z,47.2443,47.3175,46.186,46.9181,
WMT,1035,OneDay,2022-11-07T00:00:00Z,47.0579,47.5771,47.018,47.4074,
WMT,1035,OneDay,2022-11-08T00:00:00Z,47.3907,47.9365,47.0879,47.5305,
WMT,1035,OneDay,2022-11-09T00:00:00Z,47.5238,47.5804,46.3324,46.409,
WMT,1035,OneDay,2022-11-10T00:00:00Z,47.3109,47.4839,46.7484,47.3541,
WMT,1035,OneDay,2022-11-11T00:00:00Z,47.4307,47.6303,46.582,47.4373,
WMT,1035,OneDay,2022-11-14T00:00:00Z,47.1012,47.6836,46.0362,46.0362,
WMT,1035,OneDay,2022-11-15T00:00:00Z,48.2959,50.0032,48.1761,49.0714,
WMT,1035,OneDay,2022-11-16T00:00:00Z,49.1778,49.9633,48.8584,49.4042,
WMT,1035,OneDay,2022-11-17T00:00:00Z,49.0581,49.4874,48.8251,49.271,
WMT,1035,OneDay,2022-11-18T00:00:00Z,49.7603,49.9799,49.4874,49.9633,
WMT,1035,OneDay,2022-11-21T00:00:00Z,50.1497,50.6222,49.9733,50.3027,
WMT,1035,OneDay,2022-11-22T00:00:00Z,50.6122,50.7187,50.2894,50.4558,
WMT,1035,OneDay,2022-11-23T00:00:00Z,50.569,51.0349,50.5057,50.7054,
WMT,1035,OneDay,2022-11-25T00:00:00Z,50.6921,50.9251,50.5157,50.8951,
WMT,1035,OneDay,2022-11-28T00:00:00Z,50.8086,51.4409,50.8086,51.0948,
WMT,1035,OneDay,2022-11-29T00:00:00Z,50.9184,51.1481,50.762,50.8785,
WMT,1035,OneDay,2022-11-30T00:00:00Z,50.772,50.8153,50.316,50.6555,
WMT,1035,OneDay,2022-12-01T00:00:00Z,50.519,51.1214,50.1563,51.0482,
WMT,1035,OneDay,2022-12-02T00:00:00Z,50.4825,50.9916,50.4825,50.9583,
WMT,1035,OneDay,2022-12-05T00:00:00Z,50.8053,50.8053,50.0831,50.4325,
WMT,1035,OneDay,2022-12-06T00:00:00Z,50.3027,50.5224,49.6538,49.8434,
WMT,1035,OneDay,2022-12-07T00:00:00Z,50.1264,50.3094,49.5173,49.6005,
WMT,1035,OneDay,2022-12-08T00:00:00Z,49.5206,49.6305,49.291,49.5173,
WMT,1035,OneDay,2022-12-09T00:00:00Z,49.0814,49.1047,48.3292,48.3625,
WMT,1035,OneDay,2022-12-12T00:00:00Z,48.6021,49.281,48.3825,49.2544,
WMT,1035,OneDay,2022-12-13T00:00:00Z,49.9333,49.9366,48.8251,49.0281,
WMT,1035,OneDay,2022-12-14T00:00:00Z,48.9349,49.4208,48.5722,48.8085,
WMT,1035,OneDay,2022-12-15T00:00:00Z,48.4357,48.7153,47.7934,48.3625,
WMT,1035,OneDay,2022-12-16T00:00:00Z,47.9964,48.1562,47.4407,47.5205,
WMT,1035,OneDay,2022-12-19T00:00:00Z,47.6004,47.7701,47.1578,47.5105,
WMT,1035,OneDay,2022-12-20T00:00:00Z,47.5671,48.1329,47.3242,47.9432,
WMT,1035,OneDay,2022-12-21T00:00:00Z,48.0097,48.5655,48.0097,48.3026,
WMT,1035,OneDay,2022-12-22T00:00:00Z,48.1562,48.2227,47.2276,47.7368,
WMT,1035,OneDay,2022-12-23T00:00:00Z,47.6237,47.85,47.3441,47.8466,
WMT,1035,OneDay,2022-12-27T00:00:00Z,47.9931,48.0663,47.6536,47.8633,
WMT,1035,OneDay,2022-12-28T00:00:00Z,47.7735,47.8067,46.988,47.038,
WMT,1035,OneDay,2022-12-29T00:00:00Z,47.2676,47.5904,47.1411,47.3075,
WMT,1035,OneDay,2022-12-30T00:00:00Z,47.0945,47.2509,46.8582,47.1777,
WMT,1035,OneDay,2023-01-03T00:00:00Z,47.3042,47.8234,47.2243,47.7834,
WMT,1035,OneDay,2023-01-04T00:00:00Z,47.647,47.9365,47.2609,47.83,
WMT,1035,OneDay,2023-01-05T00:00:00Z,47.6836,47.9665,47.4673,47.7036,
WMT,1035,OneDay,2023-01-06T00:00:00Z,48.0264,49.098,48.0264,48.8317,
WMT,1035,OneDay,2023-01-09T00:00:00Z,48.672,49.2045,48.1794,48.2327,
WMT,1035,OneDay,2023-01-10T00:00:00Z,48.2161,48.3858,47.8367,48.1928,
WMT,1035,OneDay,2023-01-11T00:00:00Z,48.489,48.6254,48.1628,48.6254,
WMT,1035,OneDay,2023-01-12T00:00:00Z,48.6254,48.6753,48.0463,48.1828,
WMT,1035,OneDay,2023-01-13T00:00:00Z,48.3492,48.5023,47.8766,48.3425,
WMT,1035,OneDay,2023-01-17T00:00:00Z,48.2993,48.479,47.9864,48.0497,
WMT,1035,OneDay,2023-01-18T00:00:00Z,47.9199,47.9864,46.7451,46.8682,
WMT,1035,OneDay,2023-01-19T00:00:00Z,47.0247,47.0879,46.1793,46.1793,
WMT,1035,OneDay,2023-01-20T00:00:00Z,46.2592,46.8482,45.973,46.7617,
WMT,1035,OneDay,2023-01-23T00:00:00Z,46.7684,47.5871,46.6419,47.464,
WMT,1035,OneDay,2023-01-24T00:00:00Z,50.2661,50.519,46.9914,47.5937,
WMT,1035,OneDay,2023-01-25T00:00:00Z,47.3841,47.5238,46.7185,47.3575,
WMT,1035,OneDay,2023-01-26T00:00:00Z,47.5371,47.83,47.1744,47.3308,
WMT,1035,OneDay,2023-01-27T00:00:00Z,47.3075,48.073,47.1677,47.6503,
WMT,1035,OneDay,2023-01-30T00:00:00Z,47.2842,47.3807,47.0147,47.3009,
WMT,1035,OneDay,2023-01-31T00:00:00Z,47.3375,47.8766,47.1212,47.8766,
WMT,1035,OneDay,2023-02-01T00:00:00Z,47.7834,48.459,47.4839,48.1395,
WMT,1035,OneDay,2023-02-02T00:00:00Z,48.043,48.1994,47.5638,47.7801,
WMT,1035,OneDay,2023-02-03T00:00:00Z,47.7002,47.8766,46.8782,47.1511,
WMT,1035,OneDay,2023-02-06T00:00:00Z,47.1977,47.2643,46.602,46.8017,
WMT,1035,OneDay,2023-02-07T00:00:00Z,46.4689,47.018,46.1627,46.9281,
WMT,1035,OneDay,2023-02-08T00:00:00Z,46.6919,46.9514,46.5853,46.6486,
WMT,1035,OneDay,2023-02-09T00:00:00Z,46.8283,47.2343,46.7651,47.0746,
WMT,1035,OneDay,2023-02-10T00:00:00Z,47.6037,47.8966,47.3308,47.84,
WMT,1035,OneDay,2023-02-13T00:00:00Z,48.0597,48.6254,48.0597,48.5455,
WMT,1035,OneDay,2023-02-14T00:00:00Z,48.4956,48.9649,48.1029,48.4024,
WMT,1035,OneDay,2023-02-15T00:00:00Z,48.2394,48.7818,48.0963,48.7619,
WMT,1035,OneDay,2023-02-16T00:00:00Z,48.3858,48.5322,47.9864,47.9931,
WMT,1035,OneDay,2023-02-17T00:00:00Z,48.2527,48.8118,48.1096,48.7452,
WMT,1035,OneDay,2023-02-21T00:00:00Z,47.4573,49.3443,47.3075,49.0281,
WMT,1035,OneDay,2023-02-22T00:00:00Z,48.8317,49.078,47.5272,48.0031,
WMT,1035,OneDay,2023-02-23T00:00:00Z,47.9265,47.9265,46.825,47.2842,
WMT,1035,OneDay,2023-02-24T00:00:00Z,46.785,47.5005,46.4323,47.404,
WMT,1035,OneDay,2023-02-27T00:00:00Z,47.5738,47.617,46.8117,47.0746,
WMT,1035,OneDay,2023-02-28T00:00:00Z,46.8882,47.4706,46.8882,47.3075,
WMT,1035,OneDay,2023-03-01T00:00:00Z,46.9281,46.9814,46.3823,46.6453,
WMT,1035,OneDay,2023-03-02T00:00:00Z,46.4889,46.8349,46.4223,46.7384,
WMT,1035,OneDay,2023-03-03T00:00:00Z,46.8482,46.9015,46.5121,46.8183,
WMT,1035,OneDay,2023-03-06T00:00:00Z,46.7451,46.9148,46.5953,46.7984,
WMT,1035,OneDay,2023-03-07T00:00:00Z,46.9481,47.1478,46.186,46.3324,
WMT,1035,OneDay,2023-03-08T00:00:00Z,46.1328,46.1328,45.6868,45.9597,
WMT,1035,OneDay,2023-03-09T00:00:00Z,46.1494,46.2392,45.567,45.6469,
WMT,1035,OneDay,2023-03-10T00:00:00Z,45.6069,46.0129,45.2941,45.5869,
WMT,1035,OneDay,2023-03-13T00:00:00Z,45.4805,46.0795,45.4805,45.7201,
WMT,1035,OneDay,2023-03-14T00:00:00Z,45.76,46.0129,45.5869,45.953,
WMT,1035,OneDay,2023-03-15T00:00:00Z,45.537,46.5288,45.537,46.4522,
WMT,1035,OneDay,2023-03-16T00:00:00Z,46.3091,46.4689,45.8831,46.0229,
WMT,1035,OneDay,2023-03-17T00:00:00Z,45.9131,46.389,45.78,46.3857,
WMT,1035,OneDay,2023-03-20T00:00:00Z,46.6353,47.2177,46.5188,46.8682,
WMT,1035,OneDay,2023-03-21T00:00:00Z,46.998,47.0247,46.4256,46.7285,
WMT,1035,OneDay,2023-03-22T00:00:00Z,46.7617,46.9847,46.4123,46.4123,
WMT,1035,OneDay,2023-03-23T00:00:00Z,46.5853,47.1245,46.4223,46.7817,
WMT,1035,OneDay,2023-03-24T00:00:00Z,46.8183,47.3941,46.7584,47.1844,
WMT,1035,OneDay,2023-03-27T00:00:00Z,47.5804,48.2427,47.5638,47.9765,
WMT,1035,OneDay,2023-03-28T00:00:00Z,47.6969,48.0563,47.6004,47.7834,
WMT,1035,OneDay,2023-03-29T00:00:00Z,48.073,48.236,47.7402,47.9998,
WMT,1035,OneDay,2023-03-30T00:00:00Z,48.4257,48.7785,48.2693,48.4857,
WMT,1035,OneDay,2023-03-31T00:00:00Z,48.8151,49.3909,48.7852,49.0414,
WMT,1035,OneDay,2023-04-03T00:00:00Z,49.1479,49.5672,49.1446,49.4741,
WMT,1035,OneDay,2023-04-04T00:00:00Z,49.3809,49.5007,48.9249,48.9815,
WMT,1035,OneDay,2023-04-05T00:00:00Z,49.0181,49.8767,49.0181,49.8002,
WMT,1035,OneDay,2023-04-06T00:00:00Z,49.4142,50.2628,49.4142,50.1829,
WMT,1035,OneDay,2023-04-10T00:00:00Z,50.0498,50.2894,49.8401,50.0631,
WMT,1035,OneDay,2023-04-11T00:00:00Z,50.2262,50.2262,49.7936,49.93,
WMT,1035,OneDay,2023-04-12T00:00:00Z,49.7969,50.2328,49.6438,49.7037,
WMT,1035,OneDay,2023-04-13T00:00:00Z,49.7336,49.91,49.3176,49.7336,
WMT,1035,OneDay,2023-04-14T00:00:00Z,49.5739,49.8801,49.301,49.3975,
WMT,1035,OneDay,2023-04-17T00:00:00Z,49.494,49.8069,49.4674,49.7569,
WMT,1035,OneDay,2023-04-18T00:00:00Z,49.7603,50.0232,49.7503,49.8667,
WMT,1035,OneDay,2023-04-19T00:00:00Z,50.1596,50.3826,49.8401,49.9233,
WMT,1035,OneDay,2023-04-20T00:00:00Z,49.93,50.3826,49.7769,50.2328,
WMT,1035,OneDay,2023-04-21T00:00:00Z,50.4991,50.6755,50.2994,50.4924,
WMT,1035,OneDay,2023-04-24T00:00:00Z,50.3926,50.8984,50.3926,50.8319,
WMT,1035,OneDay,2023-04-25T00:00:00Z,50.9517,51.1481,50.3593,50.4458,
WMT,1035,OneDay,2023-04-26T00:00:00Z,50.2095,50.3759,49.9932,50.2362,
WMT,1035,OneDay,2023-04-27T00:00:00Z,50.1862,50.5623,50.1862,50.3859,
WMT,1035,OneDay,2023-04-28T00:00:00Z,50.3959,50.6189,49.9733,50.2228,
WMT,1035,OneDay,2023-05-01T00:00:00Z,50.2961,50.742,50.2295,50.4458,
WMT,1035,OneDay,2023-05-02T00:00:00Z,50.3393,50.3626,49.7403,50.2961,
WMT,1035,OneDay,2023-05-03T00:00:00Z,50.4691,50.6089,50.0065,50.1031,
WMT,1035,OneDay,2023-05-04T00:00:00Z,50.1031,50.2428,49.747,50.0531,
WMT,1035,OneDay,2023-05-05T00:00:00Z,50.0032,50.5889,49.8002,50.4957,
WMT,1035,OneDay,2023-05-08T00:00:00Z,50.3493,50.8918,50.2461,50.8252,
WMT,1035,OneDay,2023-05-09T00:00:00Z,50.792,50.9717,50.6988,50.9184,
WMT,1035,OneDay,2023-05-10T00:00:00Z,51.1181,51.3511,50.3294,50.7653,
WMT,1035,OneDay,2023-05-11T00:00:00Z,50.7886,51.0049,50.5723,50.9517,
WMT,1035,OneDay,2023-05-12T00:00:00Z,51.1081,51.2645,50.8186,50.9417,
WMT,1035,OneDay,2023-05-15T00:00:00Z,51.1248,51.1614,50.366,50.5124,
WMT,1035,OneDay,2023-05-16T00:00:00Z,50.1563,50.4259,49.7769,49.8434,
WMT,1035,OneDay,2023-05-17T00:00:00Z,50.2395,50.2395,49.4907,49.7603,
WMT,1035,OneDay,2023-05-18T00:00:00Z,50.4225,51.3178,49.8967,50.3893,
WMT,1035,OneDay,2023-05-19T00:00:00Z,50.3294,50.3294,49.6238,49.8934,
WMT,1035,OneDay,2023-05-22T00:00:00Z,49.8002,49.9267,49.3443,49.4574,1824347.0
WMT,1035,OneDay,2023-05-23T00:00:00Z,49.1812,49.5373,48.9449,49.3609,2122190.0
WMT,1035,OneDay,2023-05-24T00:00:00Z,49.3809,49.3809,48.6787,49.128,3121868.0
WMT,1035,OneDay,2023-05-25T00:00:00Z,49.0215,49.0215,48.286,48.6254,2522355.0
WMT,1035,OneDay,2023-05-26T00:00:00Z,48.4723,48.8517,48.4091,48.7319,2158191.0
WMT,1035,OneDay,2023-05-30T00:00:00Z,48.6687,49.0015,48.4457,48.5921,1987524.0
WMT,1035,OneDay,2023-05-31T00:00:00Z,48.3858,49.0215,48.2593,48.8617,2490525.0
WMT,1035,OneDay,2023-06-01T00:00:00Z,48.7119,49.2178,48.5622,49.0481,2743949.0
WMT,1035,OneDay,2023-06-02T00:00:00Z,49.1047,49.5905,49.098,49.5206,2218591.0
WMT,1035,OneDay,2023-06-05T00:00:00Z,49.6837,50.3327,49.6837,49.8501,2012540.0
WMT,1035,OneDay,2023-06-06T00:00:00Z,49.8501,49.9699,49.4241,49.8601,2031888.0
WMT,1035,OneDay,2023-06-07T00:00:00Z,49.7503,50.0398,49.5905,49.9133,3146374.0
WMT,1035,OneDay,2023-06-08T00:00:00Z,49.9999,50.7221,49.8368,50.6422,2523058.0
WMT,1035,OneDay,2023-06-09T00:00:00Z,50.5789,51.1547,50.4492,50.9384,1927462.0
WMT,1035,OneDay,2023-06-12T00:00:00Z,51.0549,51.3377,50.9583,51.2812,1797182.0
WMT,1035,OneDay,2023-06-13T00:00:00Z,51.3877,51.7537,51.2645,51.6606,1890260.0
WMT,1035,OneDay,2023-06-14T00:00:00Z,51.8735,52.3495,51.7804,52.2163,2496939.0
WMT,1035,OneDay,2023-06-15T00:00:00Z,52.2729,52.6556,52.2596,52.5092,1731704.0
WMT,1035,OneDay,2023-06-16T00:00:00Z,52.5025,52.6157,51.6772,51.7637,2558083.0
WMT,1035,OneDay,2023-06-20T00:00:00Z,51.5241,51.7271,51.2113,51.3178,1757670.0
WMT,1035,OneDay,2023-06-21T00:00:00Z,51.3511,51.6938,51.0249,51.4209,1639217.0
WMT,1035,OneDay,2023-06-22T00:00:00Z,51.5374,51.9368,51.4243,51.8236,1606781.0
WMT,1035,OneDay,2023-06-23T00:00:00Z,51.8369,52.0,51.6006,51.7304,2049010.0
WMT,1035,OneDay,2023-06-26T00:00:00Z,51.7904,51.827,51.3444,51.5873,1869965.0
WMT,1035,OneDay,2023-06-27T00:00:00Z,51.3377,51.8602,51.3377,51.4209,1673839.0
WMT,1035,OneDay,2023-06-28T00:00:00Z,51.5208,51.8037,51.4609,51.6938,2230889.0
WMT,1035,OneDay,2023-06-29T00:00:00Z,51.411,51.4642,50.9583,51.3311,3450998.0
WMT,1035,OneDay,2023-07-03T00:00:00Z,52.0599,52.7255,52.01,52.619,1143761.0
WMT,1035,OneDay,2023-07-05T00:00:00Z,52.5558,52.9285,52.3561,52.6124,1784492.0
WMT,1035,OneDay,2023-07-06T00:00:00Z,52.5824,52.6124,52.2097,52.2895,1570837.0
WMT,1035,OneDay,2023-07-07T00:00:00Z,51.8003,51.98,51.0682,51.0981,2184669.0
WMT,1035,OneDay,2023-07-10T00:00:00Z,51.4076,51.7438,51.3544,51.5407,1596532.0
WMT,1035,OneDay,2023-07-11T00:00:00Z,51.5008,51.7338,51.2079,51.4742,1500266.0
WMT,1035,OneDay,2023-07-12T00:00:00Z,51.6972,51.8735,51.5208,51.5907,1961112.0
WMT,1035,OneDay,2023-07-13T00:00:00Z,51.6306,51.7671,51.1481,51.2745,1526021.0
WMT,1035,OneDay,2023-07-14T00:00:00Z,51.3078,51.4576,51.1015,51.4209,1308415.0
WMT,1035,OneDay,2023-07-17T00:00:00Z,51.3743,51.574,51.178,51.5274,1415275.0
WMT,1035,OneDay,2023-07-18T00:00:00Z,51.4775,51.8003,51.2046,51.4476,1753155.0
WMT,1035,OneDay,2023-07-19T00:00:00Z,51.604,51.6572,51.168,51.4775,1512243.0
WMT,1035,OneDay,2023-07-20T00:00:00Z,51.614,52.4293,51.5607,52.4193,2133125.0
WMT,1035,OneDay,2023-07-24T00:00:00Z,52.7355,53.065,52.4127,53.0051,1665308.0
WMT,1035,OneDay,2023-07-25T00:00:00Z,53.3845,53.4078,52.6756,52.9884,1985140.0
WMT,1035,OneDay,2023-07-26T00:00:00Z,52.9784,53.4677,52.8753,53.1615,1969600.0
WMT,1035,OneDay,2023-07-27T00:00:00Z,53.2547,53.4577,52.9551,52.9784,1543266.0
WMT,1035,OneDay,2023-07-28T00:00:00Z,53.055,53.5542,53.055,53.1881,1223342.0
WMT,1035,OneDay,2023-07-31T00:00:00Z,53.2347,53.4377,52.8852,53.1981,1392914.0
WMT,1035,OneDay,2023-08-01T00:00:00Z,53.2547,53.3911,52.8952,52.9452,1380267.0
WMT,1035,OneDay,2023-08-02T00:00:00Z,52.7754,53.3845,52.7555,52.9784,1578389.0
WMT,1035,OneDay,2023-08-03T00:00:00Z,52.9452,53.0783,52.7521,52.9851,1666045.0
WMT,1035,OneDay,2023-08-04T00:00:00Z,53.1082,53.3146,52.5624,52.6889,1427231.0
WMT,1035,OneDay,2023-08-07T00:00:00Z,53.0084,53.644,52.9651,53.4078,1827622.0
WMT,1035,OneDay,2023-08-08T00:00:00Z,53.5508,53.7772,53.0816,53.4577,1647257.0
WMT,1035,OneDay,2023-08-09T00:00:00Z,53.5741,53.9369,53.451,53.5475,1721754.0
WMT,1035,OneDay,2023-08-10T00:00:00Z,53.5675,53.8204,53.248,53.3246,1697601.0
WMT,1035,OneDay,2023-08-11T00:00:00Z,53.4111,53.8537,53.2646,53.6008,2093062.0
WMT,1035,OneDay,2023-08-14T00:00:00Z,53.9502,54.1632,52.9751,53.228,2422093.0
WMT,1035,OneDay,2023-08-15T00:00:00Z,53.2314,53.4943,52.8886,53.0383,1795799.0
WMT,1035,OneDay,2023-08-16T00:00:00Z,53.2547,53.5475,52.7055,53.0151,3880297.0
WMT,1035,OneDay,2023-08-17T00:00:00Z,53.5908,53.6074,51.5907,51.807,8270457.0
WMT,1035,OneDay,2023-08-18T00:00:00Z,51.9035,53.1216,51.7804,52.5192,3986931.0
WMT,1035,OneDay,2023-08-21T00:00:00Z,52.426,52.8386,52.2596,52.4127,2359359.0
WMT,1035,OneDay,2023-08-22T00:00:00Z,52.0899,52.3428,51.9967,52.2596,2346184.0
WMT,1035,OneDay,2023-08-23T00:00:00Z,52.1398,52.7122,52.0865,52.6124,1925107.0
WMT,1035,OneDay,2023-08-24T00:00:00Z,52.639,52.9851,52.193,52.193,1775201.0
WMT,1035,OneDay,2023-08-25T00:00:00Z,52.3029,52.5924,52.0899,52.5092,1668439.0
WMT,1035,OneDay,2023-08-28T00:00:00Z,52.6024,52.8553,52.5491,52.8054,1403843.0
WMT,1035,OneDay,2023-08-29T00:00:00Z,52.9152,53.3212,52.8653,53.2746,1602437.0
WMT,1035,OneDay,2023-08-30T00:00:00Z,53.3911,53.674,53.218,53.644,1507765.0
WMT,1035,OneDay,2023-08-31T00:00:00Z,53.6274,54.2397,53.5575,54.1366,2357101.0
WMT,1035,OneDay,2023-09-01T00:00:00Z,54.1466,54.1965,53.2979,53.7572,1730200.0
WMT,1035,OneDay,2023-09-05T00:00:00Z,53.8936,54.1566,53.3079,53.3445,1870641.0
WMT,1035,OneDay,2023-09-06T00:00:00Z,53.3612,53.9669,53.2014,53.7272,1841363.0
WMT,1035,OneDay,2023-09-07T00:00:00Z,53.9236,54.3962,53.7406,54.3962,2496280.0
WMT,1035,OneDay,2023-09-08T00:00:00Z,54.3463,54.5326,54.2697,54.4894,1754460.0
WMT,1035,OneDay,2023-09-11T00:00:00Z,54.4461,54.7323,54.4461,54.6791,1557703.0
WMT,1035,OneDay,2023-09-12T00:00:00Z,54.7256,54.882,54.5892,54.739,1570034.0
WMT,1035,OneDay,2023-09-13T00:00:00Z,54.8421,55.1716,54.699,54.7556,1848049.0
WMT,1035,OneDay,2023-09-14T00:00:00Z,54.8155,55.1516,54.709,55.0019,1792196.0
WMT,1035,OneDay,2023-09-15T00:00:00Z,54.9187,55.1217,54.4661,54.7922,2208106.0
WMT,1035,OneDay,2023-09-18T00:00:00Z,54.8222,54.9686,54.3296,54.3829,1818889.0
WMT,1035,OneDay,2023-09-19T00:00:00Z,54.3296,54.486,54.0301,54.3562,1854055.0
WMT,1035,OneDay,2023-09-20T00:00:00Z,54.3995,54.8155,54.2264,54.5393,1494908.0
WMT,1035,OneDay,2023-09-21T00:00:00Z,54.3496,54.6957,53.8404,53.8836,2254193.0
WMT,1035,OneDay,2023-09-22T00:00:00Z,53.9702,54.3196,53.8504,54.0534,1680291.0
WMT,1035,OneDay,2023-09-25T00:00:00Z,54.0967,54.2797,53.8637,54.2664,1380904.0
WMT,1035,OneDay,2023-09-26T00:00:00Z,54.263,54.4128,54.0201,54.0734,2050363.0
WMT,1035,OneDay,2023-09-27T00:00:00Z,53.8404,53.9802,53.3445,53.8138,2109536.0
WMT,1035,OneDay,2023-09-28T00:00:00Z,53.9369,54.1865,53.7738,54.06,1510476.0
WMT,1035,OneDay,2023-09-29T00:00:00Z,54.2431,54.2597,52.9751,53.218,2334563.0
WMT,1035,OneDay,2023-10-02T00:00:00Z,53.0317,53.3345,52.6823,53.2746,1569955.0
WMT,1035,OneDay,2023-10-03T00:00:00Z,53.1582,53.491,52.8087,52.9252,1490790.0
WMT,1035,OneDay,2023-10-04T00:00:00Z,53.055,53.5941,52.9152,53.5608,2037133.0
WMT,1035,OneDay,2023-10-05T00:00:00Z,53.4144,53.5642,52.9185,52.9185,2001058.0
WMT,1035,OneDay,2023-10-09T00:00:00Z,51.2678,51.8635,51.0016,51.8569,2779643.0
WMT,1035,OneDay,2023-10-10T00:00:00Z,51.9401,52.6057,51.7804,52.446,2122421.0
WMT,1035,OneDay,2023-10-12T00:00:00Z,52.7422,53.0151,52.456,52.9019,1733094.0
WMT,1035,OneDay,2023-10-13T00:00:00Z,52.9485,53.3911,52.8819,53.1714,2017874.0
WMT,1035,OneDay,2023-10-16T00:00:00Z,53.3978,53.9402,53.3345,53.6574,1827321.0
WMT,1035,OneDay,2023-10-17T00:00:00Z,53.5974,53.8138,53.3678,53.7106,1328359.0
WMT,1035,OneDay,2023-10-18T00:00:00Z,53.8404,54.0301,53.4943,53.7339,1448441.0
WMT,1035,OneDay,2023-10-19T00:00:00Z,53.6807,53.847,53.3179,53.4943,1534011.0
WMT,1035,OneDay,2023-10-20T00:00:00Z,53.5542,53.6108,52.822,52.8287,1868801.0
WMT,1035,OneDay,2023-10-23T00:00:00Z,52.8786,53.694,52.5891,53.5875,2342670.0
WMT,1035,OneDay,2023-10-24T00:00:00Z,53.7439,54.4028,53.7039,54.323,2488287.0
WMT,1035,OneDay,2023-10-25T00:00:00Z,54.2863,54.6724,54.07,54.1466,2057622.0
WMT,1035,OneDay,2023-10-26T00:00:00Z,54.1566,54.5126,53.7738,53.8138,2273362.0
WMT,1035,OneDay,2023-10-30T00:00:00Z,53.7372,54.3296,53.4943,54.2564,1774527.0
WMT,1035,OneDay,2023-10-31T00:00:00Z,54.1965,54.4494,53.8836,54.3729,1288714.0
WMT,1035,OneDay,2023-11-01T00:00:00Z,54.5859,55.0351,54.313,54.8554,1623571.0
WMT,1035,OneDay,2023-11-02T00:00:00Z,54.7023,55.3047,54.4428,55.0718,2080193.0
WMT,1035,OneDay,2023-11-03T00:00:00Z,55.1915,55.328,54.7423,54.7722,2307763.0
WMT,1035,OneDay,2023-11-06T00:00:00Z,54.7223,55.115,54.6125,54.8554,1880404.0
WMT,1035,OneDay,2023-11-07T00:00:00Z,55.1383,55.4478,54.9952,55.1283,2174081.0
WMT,1035,OneDay,2023-11-08T00:00:00Z,55.2082,55.3147,54.4361,54.6757,1930074.0
WMT,1035,OneDay,2023-11-09T00:00:00Z,54.7523,54.7523,54.3263,54.5359,2132804.0
WMT,1035,OneDay,2023-11-10T00:00:00Z,54.7589,55.3846,54.5393,55.308,1897518.0
WMT,1035,OneDay,2023-11-13T00:00:00Z,55.3946,55.8638,55.2581,55.8139,2509421.0
WMT,1035,OneDay,2023-11-14T00:00:00Z,55.977,56.2865,55.6641,55.7374,2866861.0
WMT,1035,OneDay,2023-11-15T00:00:00Z,56.0202,56.5527,55.744,56.5094,5033692.0
WMT,1035,OneDay,2023-11-16T00:00:00Z,52.7688,52.9618,51.7504,51.9301,15665028.0
WMT,1035,OneDay,2023-11-17T00:00:00Z,51.7637,52.4193,51.5873,51.6839,6776014.0
WMT,1035,OneDay,2023-11-20T00:00:00Z,51.8469,51.9101,51.584,51.6872,3810409.0
WMT,1035,OneDay,2023-11-21T00:00:00Z,51.7038,52.193,51.2945,51.8635,4732017.0
WMT,1035,OneDay,2023-11-22T00:00:00Z,51.7205,51.9101,51.3777,51.4675,3967678.0
WMT,1035,OneDay,2023-11-24T00:00:00Z,51.6572,51.9534,51.4842,51.9334,2089416.0
WMT,1035,OneDay,2023-11-27T00:00:00Z,51.9567,52.3661,51.9268,52.1664,3300817.0
WMT,1035,OneDay,2023-11-28T00:00:00Z,52.2662,52.8886,52.1997,52.8187,3383798.0
WMT,1035,OneDay,2023-11-29T00:00:00Z,52.6823,52.7954,51.7837,51.9368,5112260.0
WMT,1035,OneDay,2023-11-30T00:00:00Z,51.9268,51.9268,51.4176,51.8037,3710525.0
WMT,1035,OneDay,2023-12-05T00:00:00Z,51.401,51.8635,51.1647,51.8336,2972580.0
WMT,1035,OneDay,2023-12-06T00:00:00Z,51.8236,51.8236,51.1347,51.2678,4050050.0
WMT,1035,OneDay,2023-12-07T00:00:00Z,51.2978,51.3011,50.6588,50.742,3909505.0
WMT,1035,OneDay,2023-12-08T00:00:00Z,50.5423,50.6488,49.9966,50.1862,5057625.0
WMT,1035,OneDay,2023-12-11T00:00:00Z,50.346,50.3893,49.7636,50.3427,4546077.0
WMT,1035,OneDay,2023-12-12T00:00:00Z,50.4425,50.4758,49.9866,50.3726,3563522.0
WMT,1035,OneDay,2023-12-13T00:00:00Z,50.4825,51.2545,50.1264,51.2545,4125012.0
WMT,1035,OneDay,2023-12-14T00:00:00Z,51.0282,51.1148,50.5623,50.6122,4605319.0
WMT,1035,OneDay,2023-12-18T00:00:00Z,51.0116,51.6006,50.9617,51.5707,3502533.0
WMT,1035,OneDay,2023-12-19T00:00:00Z,51.5074,51.8103,51.2812,51.7804,3427933.0
WMT,1035,OneDay,2023-12-20T00:00:00Z,51.7604,51.9601,51.1314,51.1547,2977545.0
WMT,1035,OneDay,2023-12-21T00:00:00Z,51.3244,51.6006,51.2346,51.5441,2437873.0
WMT,1035,OneDay,2023-12-22T00:00:00Z,51.6772,52.2962,51.6006,52.1498,2778564.0
WMT,1035,OneDay,2023-12-26T00:00:00Z,52.1431,52.2396,51.9534,52.0533,1619864.0
WMT,1035,OneDay,2023-12-27T00:00:00Z,52.0033,52.5591,51.9601,52.5425,2170094.0
WMT,1035,OneDay,2023-12-28T00:00:00Z,52.5558,52.6789,52.416,52.446,2076591.0
WMT,1035,OneDay,2023-12-29T00:00:00Z,52.3561,52.5891,52.3029,52.4793,2357104.0
WMT,1035,OneDay,2024-01-02T00:00:00Z,52.3395,53.0916,52.3328,52.9984,3079123.0
WMT,1035,OneDay,2024-01-03T00:00:00Z,53.2713,53.3279,52.8852,53.0217,2410824.0
WMT,1035,OneDay,2024-01-04T00:00:00Z,53.0383,53.0883,52.4094,52.4959,2432524.0
WMT,1035,OneDay,2024-01-08T00:00:00Z,52.1897,52.6756,52.1897,52.6689,2226270.0
WMT,1035,OneDay,2024-01-09T00:00:00Z,52.5491,53.025,52.4926,53.0184,2721633.0
WMT,1035,OneDay,2024-01-10T00:00:00Z,53.1449,53.7472,53.1282,53.6973,2895080.0
WMT,1035,OneDay,2024-01-11T00:00:00Z,53.7539,53.867,53.3013,53.5974,2085572.0
WMT,1035,OneDay,2024-01-16T00:00:00Z,53.8437,54.0401,53.654,53.847,2109291.0
WMT,1035,OneDay,2024-01-17T00:00:00Z,53.7372,53.9069,53.4544,53.5841,1879185.0
WMT,1035,OneDay,2024-01-18T00:00:00Z,53.6174,54.3729,53.4677,54.3296,2546632.0
WMT,1035,OneDay,2024-01-19T00:00:00Z,54.3363,54.3562,53.7206,54.0301,2338566.0
WMT,1035,OneDay,2024-01-22T00:00:00Z,54.1832,54.2131,53.7472,54.06,1850720.0
WMT,1035,OneDay,2024-01-23T00:00:00Z,53.9669,54.1898,53.8337,54.1765,1670460.0
WMT,1035,OneDay,2024-01-24T00:00:00Z,54.2164,54.2597,53.3479,53.4144,2235750.0
WMT,1035,OneDay,2024-01-25T00:00:00Z,53.6807,54.1998,53.3811,54.1898,2197462.0
WMT,1035,OneDay,2024-01-26T00:00:00Z,54.2131,54.7023,54.1299,54.6691,2048498.0
WMT,1035,OneDay,2024-01-29T00:00:00Z,54.6591,55.0451,54.4195,54.9253,2476038.0
WMT,1035,OneDay,2024-01-30T00:00:00Z,54.8255,55.1782,54.4528,55.1317,1882058.0
WMT,1035,OneDay,2024-01-31T00:00:00Z,55.4745,55.6874,54.9453,54.9985,3592121.0
WMT,1035,OneDay,2024-02-01T00:00:00Z,55.1915,56.0269,54.9653,56.0103,3271236.0
WMT,1035,OneDay,2024-02-02T00:00:00Z,55.9104,56.7657,55.8771,56.4329,3004505.0
WMT,1035,OneDay,2024-02-05T00:00:00Z,56.4396,56.5327,55.9337,56.1401,2257064.0
WMT,1035,OneDay,2024-02-06T00:00:00Z,56.1933,56.5594,56.0236,56.5094,1988863.0
WMT,1035,OneDay,2024-02-07T00:00:00Z,56.5993,56.789,56.3098,56.353,2418863.0
WMT,1035,OneDay,2024-02-08T00:00:00Z,56.3896,56.7557,56.2865,56.3564,1930381.0
WMT,1035,OneDay,2024-02-09T00:00:00Z,56.3797,56.4795,56.2132,56.3164,1932352.0
WMT,1035,OneDay,2024-02-12T00:00:00Z,56.2898,56.6858,56.2732,56.6858,1787986.0
WMT,1035,OneDay,2024-02-13T00:00:00Z,56.8422,56.9221,56.0003,56.2898,1939468.0
WMT,1035,OneDay,2024-02-14T00:00:00Z,56.1567,56.1866,55.7507,56.0868,2655478.0
WMT,1035,OneDay,2024-02-15T00:00:00Z,56.3597,56.4529,55.9004,56.3231,2199796.0
WMT,1035,OneDay,2024-02-16T00:00:00Z,56.5494,57.2116,56.3364,56.6925,2969960.0
WMT,1035,OneDay,2024-02-20T00:00:00Z,59.3749,60.2934,58.3066,58.5395,11044122.0
WMT,1035,OneDay,2024-02-21T00:00:00Z,58.23,58.4064,57.5078,57.8107,5190567.0
WMT,1035,OneDay,2024-02-22T00:00:00Z,57.814,58.3931,57.6643,58.3798,4168355.0
WMT,1035,OneDay,2024-02-23T00:00:00Z,58.4896,59.1153,58.3432,58.4863,5138380.0
WMT,1035,OneDay,2024-02-26T00:00:00Z,58.9315,59.7403,58.0927,59.4707,13973491.0
WMT,1035,OneDay,2024-02-27T00:00:00Z,59.4207,59.5905,59.1212,59.4906,8305376.0
WMT,1035,OneDay,2024-02-28T00:00:00Z,59.3808,59.6604,59.221,59.5206,6655334.0
WMT,1035,OneDay,2024-02-29T00:00:00Z,59.221,59.271,58.5021,58.5021,9862651.0
WMT,1035,OneDay,2024-03-01T00:00:00Z,58.582,58.7517,58.1127,58.6719,9075152.0
WMT,1035,OneDay,2024-03-04T00:00:00Z,58.4522,59.2909,58.3124,59.2111,7077554.0
WMT,1035,OneDay,2024-03-05T00:00:00Z,59.6604,60.2395,59.4707,59.9799,8407250.0
WMT,1035,OneDay,2024-03-06T00:00:00Z,59.9799,60.5191,59.9499,60.4692,4982569.0
WMT,1035,OneDay,2024-03-07T00:00:00Z,60.8386,60.8586,60.2495,60.2495,5680555.0
WMT,1035,OneDay,2024-03-08T00:00:00Z,59.7602,60.1796,59.6304,60.0298,4946606.0
WMT,1035,OneDay,2024-03-11T00:00:00Z,59.9899,60.609,59.7802,60.559,6372870.0
WMT,1035,OneDay,2024-03-12T00:00:00Z,60.7288,61.4677,60.549,61.3179,6681164.0
WMT,1035,OneDay,2024-03-13T00:00:00Z,61.238,61.3379,60.7887,61.1881,6649656.0
WMT,1035,OneDay,2024-03-14T00:00:00Z,61.218,61.3179,60.4991,60.9185,5579932.0
WMT,1035,OneDay,2024-03-15T00:00:00Z,60.4991,61.0483,60.3693,60.589,5690908.0
WMT,1035,OneDay,2024-03-18T00:00:00Z,60.7088,60.7987,60.2994,60.7687,4534225.0
WMT,1035,OneDay,2024-03-19T00:00:00Z,60.8885,60.9185,60.5091,60.7288,3551648.0
WMT,1035,OneDay,2024-03-20T00:00:00Z,60.8286,61.1781,60.6988,61.1481,3803872.0
WMT,1035,OneDay,2024-03-21T00:00:00Z,60.9784,61.5475,60.9484,61.3978,4953714.0
WMT,1035,OneDay,2024-03-22T00:00:00Z,61.0583,61.4277,60.7687,60.7787,4082543.0
WMT,1035,OneDay,2024-03-25T00:00:00Z,60.7388,60.8785,60.2695,60.4692,5081551.0
WMT,1035,OneDay,2024-03-26T00:00:00Z,60.2695,60.7288,60.1397,60.3893,4712253.0
WMT,1035,OneDay,2024-03-27T00:00:00Z,60.7787,60.9484,60.2994,60.6289,5095584.0
WMT,1035,OneDay,2024-03-28T00:00:00Z,60.599,60.6689,60.0997,60.1097,5641850.0
WMT,1035,OneDay,2024-04-01T00:00:00Z,60.1397,60.6489,59.8401,59.8501,5345895.0
WMT,1035,OneDay,2024-04-02T00:00:00Z,59.8401,59.9999,58.7917,59.0313,7821741.0
WMT,1035,OneDay,2024-04-03T00:00:00Z,59.3209,59.3808,58.8516,59.3309,5585767.0
WMT,1035,OneDay,2024-04-04T00:00:00Z,59.5705,59.7103,59.2011,59.3908,5608470.0
WMT,1035,OneDay,2024-04-05T00:00:00Z,59.4607,59.94,59.4507,59.7702,4331697.0
WMT,1035,OneDay,2024-04-08T00:00:00Z,59.3508,59.94,59.3309,59.6504,4177685.0
WMT,1035,OneDay,2024-04-09T00:00:00Z,59.8102,59.8401,59.2111,59.7003,4454391.0
WMT,1035,OneDay,2024-04-10T00:00:00Z,59.4806,60.6589,59.3009,60.559,6373324.0
WMT,1035,OneDay,2024-04-11T00:00:00Z,60.549,60.6689,59.9799,59.9899,4254931.0
WMT,1035,OneDay,2024-04-12T00:00:00Z,59.9,60.6189,59.9,60.0498,5603526.0
WMT,1035,OneDay,2024-04-15T00:00:00Z,60.4592,60.599,59.8301,59.8301,3876424.0
WMT,1035,OneDay,2024-04-16T00:00:00Z,60.0198,60.1896,59.6903,59.7203,5757083.0
WMT,1035,OneDay,2024-04-17T00:00:00Z,60.0698,60.3394,59.4806,59.5106,6468633.0
WMT,1035,OneDay,2024-04-18T00:00:00Z,59.7602,59.8301,59.1312,59.1511,4472606.0
WMT,1035,OneDay,2024-04-19T00:00:00Z,59.3309,59.5705,58.8815,59.3708,4074293.0
WMT,1035,OneDay,2024-04-22T00:00:00Z,59.4207,60.2894,58.9514,60.0298,6242116.0
WMT,1035,OneDay,2024-04-23T00:00:00Z,60.1796,60.2295,58.4622,58.9914,8402238.0
WMT,1035,OneDay,2024-04-24T00:00:00Z,58.7717,59.94,58.7118,59.7802,7237030.0
WMT,1035,OneDay,2024-04-26T00:00:00Z,60.0198,60.2894,59.91,60.0698,4179904.0
WMT,1035,OneDay,2024-04-29T00:00:00Z,60.0498,60.2894,59.8501,60.1297,4314230.0
WMT,1035,OneDay,2024-04-30T00:00:00Z,60.0797,60.1896,59.0713,59.241,5496444.0
WMT,1035,OneDay,2024-05-01T00:00:00Z,59.2909,59.2909,58.6319,58.7418,7120509.0
WMT,1035,OneDay,2024-05-02T00:00:00Z,58.8416,59.7802,58.4921,59.6204,5196159.0
WMT,1035,OneDay,2024-05-03T00:00:00Z,59.4108,59.8701,59.0413,59.7303,5278053.0
WMT,1035,OneDay,2024-05-06T00:00:00Z,59.8102,59.8601,59.3009,59.7502,4854993.0
WMT,1035,OneDay,2024-05-07T00:00:00Z,60.0498,60.6988,60.0198,60.5391,6331268.0
WMT,1035,OneDay,2024-05-08T00:00:00Z,60.5391,60.7388,60.1297,60.1896,5368977.0
WMT,1035,OneDay,2024-05-09T00:00:00Z,59.9499,60.4791,59.8601,60.3593,5800723.0
WMT,1035,OneDay,2024-05-13T00:00:00Z,60.6189,61.238,60.1896,60.3194,8291277.0
WMT,1035,OneDay,2024-05-14T00:00:00Z,60.3893,60.4292,59.3409,59.7502,7732858.0
WMT,1035,OneDay,2024-05-15T00:00:00Z,59.6105,59.8401,59.3808,59.7403,9673439.0
WMT,1035,OneDay,2024-05-16T00:00:00Z,63.4846,64.3134,62.8057,63.874,26636718.0
WMT,1035,OneDay,2024-05-20T00:00:00Z,64.3733,64.6529,63.7642,64.1037,6643157.0
WMT,1035,OneDay,2024-05-21T00:00:00Z,64.4132,65.0822,64.3334,65.0523,7127272.0
WMT,1035,OneDay,2024-05-22T00:00:00Z,64.8526,65.5815,64.6229,65.1421,6049454.0
WMT,1035,OneDay,2024-05-23T00:00:00Z,65.0623,65.4018,64.4632,64.7427,5940185.0
WMT,1035,OneDay,2024-05-28T00:00:00Z,64.9524,65.3618,64.6329,64.8925,6132811.0
WMT,1035,OneDay,2024-05-29T00:00:00Z,64.7727,65.1022,64.563,64.8126,4793139.0
WMT,1035,OneDay,2024-05-30T00:00:00Z,64.7228,65.0722,64.6629,64.8027,5086509.0
WMT,1035,OneDay,2024-05-31T00:00:00Z,64.4931,65.7412,64.0638,65.7412,7520507.0
WMT,1035,OneDay,2024-06-03T00:00:00Z,65.3418,65.7013,65.0623,65.7013,4426447.0
WMT,1035,OneDay,2024-06-04T00:00:00Z,65.9909,66.5301,65.7313,66.4801,5553831.0
WMT,1035,OneDay,2024-06-05T00:00:00Z,66.55,67.0293,66.1906,67.0093,5844485.0
WMT,1035,OneDay,2024-06-06T00:00:00Z,66.9095,67.3289,66.6599,67.0293,5523397.0
WMT,1035,OneDay,2024-06-07T00:00:00Z,67.1192,67.4587,65.5316,65.7712,8893787.0
WMT,1035,OneDay,2024-06-10T00:00:00Z,67.0293,67.1691,66.1706,66.8396,10083902.0
WMT,1035,OneDay,2024-06-11T00:00:00Z,66.6998,66.8496,66.2505,66.6199,5716601.0
WMT,1035,OneDay,2024-06-12T00:00:00Z,66.7497,66.7497,65.7912,66.1207,5523189.0
WMT,1035,OneDay,2024-06-13T00:00:00Z,66.1806,66.6499,65.8211,66.58,4139032.0
WMT,1035,OneDay,2024-06-14T00:00:00Z,66.4102,66.9994,66.2006,66.9295,5244407.0
WMT,1035,OneDay,2024-06-17T00:00:00Z,66.7697,67.3189,66.3104,67.3089,4673154.0
WMT,1035,OneDay,2024-06-18T00:00:00Z,67.5985,67.7582,67.1891,67.4786,4704140.0
WMT,1035,OneDay,2024-06-20T00:00:00Z,67.1192,67.9979,67.1192,67.9479,5274344.0
WMT,1035,OneDay,2024-06-21T00:00:00Z,68.1476,68.4372,67.7382,67.7382,5243921.0
WMT,1035,OneDay,2024-06-24T00:00:00Z,67.8581,68.9165,67.7982,68.8665,4706259.0
WMT,1035,OneDay,2024-06-25T00:00:00Z,67.3688,67.4786,66.4402,67.3588,9182028.0
WMT,1035,OneDay,2024-06-26T00:00:00Z,67.219,68.4771,67.0992,68.2075,5432526.0
WMT,1035,OneDay,2024-06-27T00:00:00Z,68.0178,68.4472,67.5585,67.7083,5768472.0
WMT,1035,OneDay,2024-06-28T00:00:00Z,67.6783,67.9879,67.219,67.5485,4880623.0
WMT,1035,OneDay,2024-07-01T00:00:00Z,67.6584,68.1277,67.1491,67.3688,3785644.0
WMT,1035,OneDay,2024-07-02T00:00:00Z,67.4287,67.9679,67.1591,67.9579,3603635.0
WMT,1035,OneDay,2024-07-03T00:00:00Z,67.7382,68.1376,67.5186,68.0877,2504210.0
WMT,1035,OneDay,2024-07-05T00:00:00Z,68.0578,69.9949,67.9879,69.9949,6108799.0
WMT,1035,OneDay,2024-07-08T00:00:00Z,69.7952,69.9649,69.246,69.5256,5321523.0
WMT,1035,OneDay,2024-07-09T00:00:00Z,69.6054,70.1346,69.5655,69.7752,4046087.0
WMT,1035,OneDay,2024-07-10T00:00:00Z,69.9549,70.3244,69.6154,70.3244,4380460.0
WMT,1035,OneDay,2024-07-11T00:00:00Z,70.1946,70.1946,69.1461,69.7153,7256948.0
WMT,1035,OneDay,2024-07-12T00:00:00Z,69.7053,69.915,69.0662,69.0862,4904493.0
WMT,1035,OneDay,2024-07-15T00:00:00Z,69.256,69.865,69.216,69.4956,3792643.0
WMT,1035,OneDay,2024-07-16T00:00:00Z,69.7253,70.1247,69.4756,69.885,4095242.0
WMT,1035,OneDay,2024-07-17T00:00:00Z,70.0448,70.9834,69.8451,70.9834,6494624.0
WMT,1035,OneDay,2024-07-18T00:00:00Z,70.574,71.0632,70.3244,70.7337,3854718.0
WMT,1035,OneDay,2024-07-19T00:00:00Z,70.9035,71.223,70.544,70.6339,3815011.0
WMT,1035,OneDay,2024-07-22T00:00:00Z,70.8136,71.1431,70.1247,70.2744,4011862.0
WMT,1035,OneDay,2024-07-23T00:00:00Z,70.3144,70.574,69.9949,70.5041,3478519.0
WMT,1035,OneDay,2024-07-24T00:00:00Z,70.4741,70.7238,70.2345,70.5041,11834946.0
WMT,1035,OneDay,2024-07-25T00:00:00Z,70.6139,70.6239,69.8451,69.9349,10325843.0
WMT,1035,OneDay,2024-07-26T00:00:00Z,70.0448,70.1147,68.7268,69.7053,6617483.0
WMT,1035,OneDay,2024-07-29T00:00:00Z,69.6653,69.6853,69.0263,69.5355,4567791.0
WMT,1035,OneDay,2024-07-30T00:00:00Z,69.4956,69.7352,68.8765,69.0762,5354845.0
WMT,1035,OneDay,2024-07-31T00:00:00Z,68.9165,69.1361,68.1776,68.4971,8571134.0
WMT,1035,OneDay,2024-08-01T00:00:00Z,68.8166,69.6853,68.4172,69.6853,7307981.0
WMT,1035,OneDay,2024-08-02T00:00:00Z,69.0563,70.1047,67.6384,68.2774,11127218.0
WMT,1035,OneDay,2024-08-05T00:00:00Z,67.9779,68.4572,66.8196,67.3988,7962044.0
WMT,1035,OneDay,2024-08-06T00:00:00Z,67.5485,68.5171,67.5485,67.6484,5654013.0
WMT,1035,OneDay,2024-08-07T00:00:00Z,67.6184,67.898,66.7098,66.7897,7488648.0
WMT,1035,OneDay,2024-08-08T00:00:00Z,66.7198,67.7982,66.56,67.5985,5037311.0
WMT,1035,OneDay,2024-08-09T00:00:00Z,67.4686,68.0977,67.229,67.9379,5512565.0
WMT,1035,OneDay,2024-08-12T00:00:00Z,68.1976,69.1162,67.9579,68.6269,7809230.0
WMT,1035,OneDay,2024-08-13T00:00:00Z,68.3373,68.4472,67.0393,68.0478,9754726.0
WMT,1035,OneDay,2024-08-14T00:00:00Z,67.7183,68.6668,67.7183,68.6469,10519610.0
WMT,1035,OneDay,2024-08-15T00:00:00Z,73.8391,74.2185,72.6708,73.0503,22217809.0
WMT,1035,OneDay,2024-08-16T00:00:00Z,72.6708,73.4896,72.4012,73.3398,8842230.0
WMT,1035,OneDay,2024-08-19T00:00:00Z,73.2699,73.859,73.2599,73.6094,5635184.0
WMT,1035,OneDay,2024-08-20T00:00:00Z,73.7492,74.6279,73.6394,74.4282,5634210.0
WMT,1035,OneDay,2024-08-21T00:00:00Z,75.1072,75.4267,74.4781,75.1172,6443038.0
WMT,1035,OneDay,2024-08-22T00:00:00Z,75.197,76.0757,75.0373,75.4566,5978502.0
WMT,1035,OneDay,2024-08-23T00:00:00Z,75.3868,75.6863,74.8875,75.5964,4691420.0
WMT,1035,OneDay,2024-08-26T00:00:00Z,75.7862,76.0857,75.4467,75.9259,4238545.0
WMT,1035,OneDay,2024-08-27T00:00:00Z,76.1456,76.3253,75.6464,76.0158,5128495.0
WMT,1035,OneDay,2024-08-28T00:00:00Z,76.1057,76.2155,75.6963,75.9759,4084209.0
WMT,1035,OneDay,2024-08-29T00:00:00Z,75.7662,76.3353,75.5565,76.3054,4918043.0
WMT,1035,OneDay,2024-08-30T00:00:00Z,76.3054,77.3438,76.1057,77.1841,5140035.0
WMT,1035,OneDay,2024-09-03T00:00:00Z,77.3438,77.6733,76.6848,77.0443,10892238.0
WMT,1035,OneDay,2024-09-04T00:00:00Z,76.7247,77.3238,76.6049,77.0942,7683462.0
WMT,1035,OneDay,2024-09-05T00:00:00Z,77.214,77.3238,76.2754,76.8346,5819075.0
WMT,1035,OneDay,2024-09-06T00:00:00Z,76.9045,77.1741,76.1856,76.535,6150725.0
WMT,1035,OneDay,2024-09-09T00:00:00Z,76.6349,77.3438,76.3653,77.1741,8939318.0
WMT,1035,OneDay,2024-09-10T00:00:00Z,77.2739,78.7617,77.2639,78.7617,8028329.0
WMT,1035,OneDay,2024-09-11T00:00:00Z,78.3223,78.7916,77.4437,78.7916,10625366.0
WMT,1035,OneDay,2024-09-12T00:00:00Z,78.7817,79.7802,78.5021,79.5205,6929949.0
WMT,1035,OneDay,2024-09-13T00:00:00Z,79.5705,80.559,79.5705,80.4991,6213112.0
WMT,1035,OneDay,2024-09-16T00:00:00Z,80.7787,80.8685,80.0198,80.4591,7034735.0
WMT,1035,OneDay,2024-09-17T00:00:00Z,79.5305,80.1296,78.1826,78.3922,10453257.0
WMT,1035,OneDay,2024-09-18T00:00:00Z,78.4422,79.2709,78.1626,78.9414,7644418.0
WMT,1035,OneDay,2024-09-19T00:00:00Z,78.8715,78.8915,77.3838,77.9229,10970630.0
WMT,1035,OneDay,2024-09-20T00:00:00Z,78.0927,79.3009,78.0927,79.1112,6507242.0
WMT,1035,OneDay,2024-09-23T00:00:00Z,79.0413,80.3094,78.9814,80.2095,4916709.0
WMT,1035,OneDay,2024-09-24T00:00:00Z,80.1796,80.7787,80.1097,80.569,6220044.0
WMT,1035,OneDay,2024-09-25T00:00:00Z,80.8985,81.4676,80.569,81.2879,6699797.0
WMT,1035,OneDay,2024-09-26T00:00:00Z,80.8585,80.8885,79.1411,79.8201,7970201.0
WMT,1035,OneDay,2024-09-27T00:00:00Z,79.8001,80.1596,79.4806,79.6404,4286624.0
WMT,1035,OneDay,2024-09-30T00:00:00Z,79.7502,80.8086,79.7502,80.6988,5591899.0
WMT,1035,OneDay,2024-10-01T00:00:00Z,80.6488,81.3977,80.3094,81.1082,6558161.0
WMT,1035,OneDay,2024-10-02T00:00:00Z,80.7587,80.8286,80.0098,80.3094,6752602.0
WMT,1035,OneDay,2024-10-03T00:00:00Z,80.3393,80.4491,79.7302,80.3094,3997462.0
WMT,1035,OneDay,2024-10-04T00:00:00Z,79.7602,80.9883,79.7003,80.7787,4263761.0
WMT,1035,OneDay,2024-10-07T00:00:00Z,80.6788,80.7986,78.8615,78.9014,6743401.0
WMT,1035,OneDay,2024-10-08T00:00:00Z,79.3408,79.6703,78.9513,79.6004,7005770.0
WMT,1035,OneDay,2024-10-09T00:00:00Z,79.6603,80.3692,79.6203,80.2794,4895736.0
WMT,1035,OneDay,2024-10-10T00:00:00Z,80.0996,80.1096,79.3408,79.4706,4394044.0
WMT,1035,OneDay,2024-10-14T00:00:00Z,80.0597,80.3692,79.6403,80.1695,4006436.0
WMT,1035,OneDay,2024-10-15T00:00:00Z,80.4691,81.6972,80.4691,81.4975,4967258.0
WMT,1035,OneDay,2024-10-16T00:00:00Z,81.2779,81.4676,80.489,81.0881,5077057.0
WMT,1035,OneDay,2024-10-17T00:00:00Z,81.188,81.3577,80.519,80.7686,6898271.0
WMT,1035,OneDay,2024-10-21T00:00:00Z,81.1181,81.3877,80.5989,80.6588,3009962.0
WMT,1035,OneDay,2024-10-22T00:00:00Z,80.8685,82.0966,80.6887,81.9269,5199862.0
WMT,1035,OneDay,2024-10-23T00:00:00Z,81.7771,83.205,81.7671,83.145,5342723.0
WMT,1035,OneDay,2024-10-24T00:00:00Z,82.7956,83.185,82.4561,82.9354,4000777.0
WMT,1035,OneDay,2024-10-28T00:00:00Z,82.526,82.9453,82.3462,82.6258,2842726.0
WMT,1035,OneDay,2024-10-29T00:00:00Z,82.6158,82.7057,81.5474,81.5574,3804400.0
WMT,1035,OneDay,2024-10-30T00:00:00Z,81.3677,81.6872,81.188,81.3477,3380182.0
WMT,1035,OneDay,2024-10-31T00:00:00Z,81.2279,82.3063,81.0981,82.0367,5345628.0
WMT,1035,OneDay,2024-11-01T00:00:00Z,81.9668,82.3063,81.4077,82.0767,5704621.0
WMT,1035,OneDay,2024-11-04T00:00:00Z,82.1565,82.7756,81.877,82.3462,4080673.0
WMT,1035,OneDay,2024-11-05T00:00:00Z,82.4161,83.6343,82.3862,83.5544,4079324.0
WMT,1035,OneDay,2024-11-06T00:00:00Z,84.9024,84.9324,81.9369,83.3647,8353195.0
WMT,1035,OneDay,2024-11-07T00:00:00Z,83.5844,84.2534,83.2848,83.7342,4685838.0
WMT,1035,OneDay,2024-11-08T00:00:00Z,84.0936,85.2818,84.0936,84.7127,5835043.0
WMT,1035,OneDay,2024-11-11T00:00:00Z,84.7526,85.2719,83.9938,84.0836,4436837.0
WMT,1035,OneDay,2024-11-12T00:00:00Z,84.523,85.3917,84.503,84.8625,4815751.0
WMT,1035,OneDay,2024-11-13T00:00:00Z,84.8125,85.6513,84.6228,85.3617,4824055.0
WMT,1035,OneDay,2024-11-14T00:00:00Z,84.9324,85.6213,84.2134,84.3133,5934514.0
WMT,1035,OneDay,2024-11-15T00:00:00Z,84.1336,84.6528,83.814,84.1236,5182551.0
WMT,1035,OneDay,2024-11-18T00:00:00Z,84.5729,84.5929,83.5345,83.9139,9513351.0
WMT,1035,OneDay,2024-11-19T00:00:00Z,85.9309,88.1475,85.7811,86.4601,17054794.0
WMT,1035,OneDay,2024-11-21T00:00:00Z,87.159,88.497,86.8095,88.2474,8780948.0
WMT,1035,OneDay,2024-11-22T00:00:00Z,88.9363,90.7636,88.8165,90.2943,12176568.0
WMT,1035,OneDay,2024-11-25T00:00:00Z,90.0846,90.8035,88.9363,89.2559,7336122.0
WMT,1035,OneDay,2024-11-26T00:00:00Z,89.8749,91.7321,89.6952,91.173,7313072.0
WMT,1035,OneDay,2024-11-27T00:00:00Z,92.0317,92.0716,91.173,91.7321,6863512.0
WMT,1035,OneDay,2024-12-02T00:00:00Z,92.6608,92.7806,91.812,92.481,7301621.0
WMT,1035,OneDay,2024-12-03T00:00:00Z,92.6608,93.4496,92.1216,93.3697,6967262.0
WMT,1035,OneDay,2024-12-04T00:00:00Z,93.3597,94.3682,92.9104,94.2983,6759157.0
WMT,1035,OneDay,2024-12-05T00:00:00Z,94.5779,95.4466,94.2384,95.157,7457216.0
WMT,1035,OneDay,2024-12-06T00:00:00Z,95.2369,96.0257,95.2369,95.5165,6416801.0
WMT,1035,OneDay,2024-12-09T00:00:00Z,95.3367,95.7861,93.4596,93.6992,7953321.0
WMT,1035,OneDay,2024-12-10T00:00:00Z,93.7791,95.0871,93.6293,94.3882,4821620.0
WMT,1035,OneDay,2024-12-11T00:00:00Z,94.478,95.5364,94.4381,94.8375,4856545.0
WMT,1035,OneDay,2024-12-12T00:00:00Z,95.4366,95.5264,93.9788,93.9788,5140800.0
WMT,1035,OneDay,2024-12-13T00:00:00Z,93.3397,94.5379,92.9104,94.1086,4086627.0
WMT,1035,OneDay,2024-12-16T00:00:00Z,94.478,95.5564,93.9488,94.7177,5994660.0
WMT,1035,OneDay,2024-12-17T00:00:00Z,94.8575,95.3168,94.1685,95.2968,6464962.0
WMT,1035,OneDay,2024-12-18T00:00:00Z,95.127,95.7461,93.2499,93.3397,8476208.0
WMT,1035,OneDay,2024-12-19T00:00:00Z,93.5894,94.3981,93.2199,93.2898,6033827.0
WMT,1035,OneDay,2024-12-20T00:00:00Z,92.0816,93.5993,91.4925,92.0117,9640423.0
WMT,1035,OneDay,2024-12-24T00:00:00Z,90.2843,92.521,90.2843,92.4611,4079000.0
WMT,1035,OneDay,2024-12-26T00:00:00Z,92.4611,92.7306,92.0317,92.7207,4132939.0
WMT,1035,OneDay,2024-12-27T00:00:00Z,92.0916,92.1715,90.8934,91.5624,5054305.0
WMT,1035,OneDay,2024-12-30T00:00:00Z,90.6438,90.9034,89.9948,90.4241,4191326.0
WMT,1035,OneDay,2024-12-31T00:00:00Z,90.4541,90.7736,89.9149,90.3143,3928152.0
WMT,1035,OneDay,2025-01-02T00:00:00Z,90.0347,90.4541,89.3857,89.865,5433821.0
WMT,1035,OneDay,2025-01-03T00:00:00Z,90.0047,91.153,89.9848,90.6638,4893652.0
WMT,1035,OneDay,2025-01-06T00:00:00Z,90.8135,92.3213,90.6138,91.2629,6743731.0
WMT,1035,OneDay,2025-01-07T00:00:00Z,91.6323,91.7421,90.3143,90.6638,4764131.0
WMT,1035,OneDay,2025-01-08T00:00:00Z,91.0632,91.6922,90.6737,91.6223,4529402.0
WMT,1035,OneDay,2025-01-10T00:00:00Z,92.3612,93.4196,92.0517,92.8605,8138448.0
WMT,1035,OneDay,2025-01-13T00:00:00Z,92.1915,92.2713,90.9733,91.4226,8463788.0
WMT,1035,OneDay,2025-01-14T00:00:00Z,91.6223,91.822,90.4241,90.6038,5791840.0
WMT,1035,OneDay,2025-01-15T00:00:00Z,90.8035,91.5824,90.6737,91.143,5970289.0
WMT,1035,OneDay,2025-01-16T00:00:00Z,91.2728,91.4326,89.9848,91.183,5324375.0
WMT,1035,OneDay,2025-01-17T00:00:00Z,91.802,92.1116,90.9034,91.7921,5327191.0
WMT,1035,OneDay,2025-01-21T00:00:00Z,92.3213,94.0986,92.1715,92.9104,7853460.0
WMT,1035,OneDay,2025-01-22T00:00:00Z,93.3797,93.7092,92.3812,93.0901,5977383.0
WMT,1035,OneDay,2025-01-23T00:00:00Z,92.7007,93.6493,92.1715,93.6193,6298153.0
WMT,1035,OneDay,2025-01-24T00:00:00Z,93.4096,94.8575,93.3897,94.6078,6464809.0
WMT,1035,OneDay,2025-01-27T00:00:00Z,96.0956,97.3038,94.6777,97.2938,8112419.0
WMT,1035,OneDay,2025-01-28T00:00:00Z,97.134,97.6832,96.5849,97.154,7594886.0
WMT,1035,OneDay,2025-01-29T00:00:00Z,97.2638,98.0127,97.0641,97.4036,5027619.0
WMT,1035,OneDay,2025-01-30T00:00:00Z,97.5035,98.7716,97.2938,98.5619,5140769.0
WMT,1035,OneDay,2025-01-31T00:00:00Z,98.5219,98.6018,97.5534,97.8929,5180966.0
WMT,1035,OneDay,2025-02-03T00:00:00Z,97.0242,99.6303,96.8045,99.3707,8149173.0
WMT,1035,OneDay,2025-02-04T00:00:00Z,99.7801,100.7885,99.5404,100.6288,7744116.0
WMT,1035,OneDay,2025-02-05T00:00:00Z,100.4191,102.4161,100.3991,102.3063,7440150.0
WMT,1035,OneDay,2025-02-06T00:00:00Z,102.4461,102.8055,101.797,102.6458,6141078.0
WMT,1035,OneDay,2025-02-07T00:00:00Z,102.5459,102.7156,100.9683,100.9783,5743011.0
WMT,1035,OneDay,2025-02-10T00:00:00Z,101.8769,102.6757,101.0981,102.6757,6770785.0
WMT,1035,OneDay,2025-02-11T00:00:00Z,102.5359,102.5559,101.6972,102.3162,5263649.0
WMT,1035,OneDay,2025-02-12T00:00:00Z,102.0267,103.7341,101.8869,103.4845,6832611.0
WMT,1035,OneDay,2025-02-13T00:00:00Z,103.6343,105.0721,103.3547,104.9723,5723673.0
WMT,1035,OneDay,2025-02-14T00:00:00Z,104.8225,104.9723,103.4446,103.8639,6235983.0
WMT,1035,OneDay,2025-02-18T00:00:00Z,103.2149,103.784,102.3562,103.6243,7758128.0
WMT,1035,OneDay,2025-02-19T00:00:00Z,103.3347,104.0337,102.3861,103.804,9283957.0
WMT,1035,OneDay,2025-02-20T00:00:00Z,98.6118,99.84,96.5449,97.0841,25133706.0
WMT,1035,OneDay,2025-02-21T00:00:00Z,96.5449,96.5449,93.9688,94.6078,15993236.0
WMT,1035,OneDay,2025-02-24T00:00:00Z,93.9488,94.488,91.9818,93.5095,13122543.0
WMT,1035,OneDay,2025-02-25T00:00:00Z,94.1186,97.7531,94.1186,97.6632,14418908.0
WMT,1035,OneDay,2025-02-26T00:00:00Z,97.4536,98.5619,95.9258,96.0157,9547831.0
WMT,1035,OneDay,2025-02-27T00:00:00Z,95.8659,97.8729,95.6563,96.6248,7195221.0
WMT,1035,OneDay,2025-02-28T00:00:00Z,97.6932,98.7017,97.0142,98.472,8152604.0
WMT,1035,OneDay,2025-03-03T00:00:00Z,97.843,99.3207,96.6747,97.4635,7924512.0
WMT,1035,OneDay,2025-03-04T00:00:00Z,96.3053,96.8245,94.3183,94.8075,11142038.0
WMT,1035,OneDay,2025-03-05T00:00:00Z,94.6478,96.2354,94.6478,95.7861,7066174.0
WMT,1035,OneDay,2025-03-06T00:00:00Z,94.9573,96.0357,94.2783,94.4581,9614792.0
WMT,1035,OneDay,2025-03-07T00:00:00Z,93.4895,93.7391,90.6138,91.5125,14858174.0
WMT,1035,OneDay,2025-03-10T00:00:00Z,89.5454,90.0547,86.48,87.4386,16230016.0
WMT,1035,OneDay,2025-03-11T00:00:00Z,86.8695,89.196,86.8695,87.3288,12214596.0
WMT,1035,OneDay,2025-03-12T00:00:00Z,87.9279,88.9264,84.7526,85.0222,16431610.0
WMT,1035,OneDay,2025-03-13T00:00:00Z,84.9523,85.3118,83.7342,84.2434,11641476.0
WMT,1035,OneDay,2025-03-14T00:00:00Z,84.5529,85.2319,83.9339,85.162,16094677.0
WMT,1035,OneDay,2025-03-17T00:00:00Z,84.9423,87.848,84.9224,87.3288,10509972.0
WMT,1035,OneDay,2025-03-18T00:00:00Z,87.3687,87.5085,85.3717,85.4616,7258027.0
WMT,1035,OneDay,2025-03-19T00:00:00Z,85.7911,86.6498,85.5514,86.2204,6023672.0
WMT,1035,OneDay,2025-03-20T00:00:00Z,85.6213,86.9094,85.3917,85.6613,6844461.0
WMT,1035,OneDay,2025-03-21T00:00:00Z,84.9723,86.0906,84.6528,85.8011,6694252.0
WMT,1035,OneDay,2025-03-24T00:00:00Z,86.5599,87.4985,86.4002,87.3288,6286404.0
WMT,1035,OneDay,2025-03-25T00:00:00Z,86.5899,87.1191,84.493,84.6128,10799332.0
WMT,1035,OneDay,2025-03-26T00:00:00Z,84.8525,85.4216,84.4431,85.0122,8529180.0
WMT,1035,OneDay,2025-03-27T00:00:00Z,84.533,85.9708,84.533,85.5015,7029724.0
WMT,1035,OneDay,2025-03-31T00:00:00Z,84.5429,88.0477,84.2534,87.5984,10427891.0
WMT,1035,OneDay,2025-04-01T00:00:00Z,87.3687,88.9663,87.3687,88.6368,10088594.0
WMT,1035,OneDay,2025-04-02T00:00:00Z,88.2674,89.9948,88.2674,89.6453,8039476.0
WMT,1035,OneDay,2025-04-03T00:00:00Z,86.8894,89.7152,86.8794,87.0392,14926973.0
WMT,1035,OneDay,2025-04-04T00:00:00Z,85.831,87.2289,82.526,83.0053,16005879.0
WMT,1035,OneDay,2025-04-07T00:00:00Z,79.7501,86.1106,79.7501,83.7042,16561570.0
WMT,1035,OneDay,2025-04-08T00:00:00Z,85.821,86.8295,80.8984,81.6972,14062633.0
WMT,1035,OneDay,2025-04-10T00:00:00Z,88.9763,91.7222,88.0377,90.4541,15782855.0
WMT,1035,OneDay,2025-04-11T00:00:00Z,90.7037,93.18,89.865,92.6707,11222729.0
WMT,1035,OneDay,2025-04-14T00:00:00Z,92.8505,95.2868,92.7506,94.5879,11790477.0
WMT,1035,OneDay,2025-04-15T00:00:00Z,94.7576,95.856,93.7391,93.829,8597636.0
WMT,1035,OneDay,2025-04-16T00:00:00Z,93.9588,94.0786,90.474,91.0232,9323397.0
WMT,1035,OneDay,2025-04-17T00:00:00Z,91.3827,93.7192,91.0632,93.1001,7990750.0
WMT,1035,OneDay,2025-04-21T00:00:00Z,93.16,93.849,91.193,92.2713,7724210.0
WMT,1035,OneDay,2025-04-22T00:00:00Z,92.9403,95.137,92.8505,94.6877,6226878.0
WMT,1035,OneDay,2025-04-23T00:00:00Z,94.7376,96.3752,94.0087,94.8175,5916049.0
WMT,1035,OneDay,2025-04-24T00:00:00Z,94.2284,96.0557,93.5195,95.7861,5570261.0
WMT,1035,OneDay,2025-04-25T00:00:00Z,95.806,96.2454,94.2184,94.9273,6211238.0
WMT,1035,OneDay,2025-04-28T00:00:00Z,95.1171,95.796,94.1885,94.9873,5665733.0
WMT,1035,OneDay,2025-04-29T00:00:00Z,94.7576,96.0257,94.2783,95.8659,4391316.0
WMT,1035,OneDay,2025-04-30T00:00:00Z,95.6163,97.6233,94.7876,97.0142,7670320.0
WMT,1035,OneDay,2025-05-01T00:00:00Z,96.475,97.7431,96.4151,97.0941,5924701.0
WMT,1035,OneDay,2025-05-02T00:00:00Z,97.7032,99.0512,97.7032,98.6118,5486136.0
WMT,1035,OneDay,2025-05-05T00:00:00Z,98.6018,99.5903,98.3522,99.141,4651192.0
WMT,1035,OneDay,2025-05-06T00:00:00Z,98.4421,99.3008,98.2224,98.3023,4041335.0
WMT,1035,OneDay,2025-05-07T00:00:00Z,98.3322,99.0711,98.1325,98.6817,4551214.0
WMT,1035,OneDay,2025-05-08T00:00:00Z,98.7816,99.171,97.2039,97.2738,6267751.0
WMT,1035,OneDay,2025-05-09T00:00:00Z,96.6348,97.0542,96.1455,96.5449,5630835.0
WMT,1035,OneDay,2025-05-12T00:00:00Z,96.8045,97.793,95.4665,96.5948,11629079.0
WMT,1035,OneDay,2025-05-13T00:00:00Z,96.2454,97.154,95.0871,95.6962,9038705.0
WMT,1035,OneDay,2025-05-14T00:00:00Z,95.7861,97.174,95.6563,96.6148,12756781.0
WMT,1035,OneDay,2025-05-15T00:00:00Z,93.6493,96.5349,91.7721,96.1655,21571110.0
WMT,1035,OneDay,2025-05-16T00:00:00Z,95.9059,99.0412,95.9059,98.1126,13099021.0
WMT,1035,OneDay,2025-05-19T00:00:00Z,96.5549,98.1026,95.6563,97.9728,9123864.0
WMT,1035,OneDay,2025-05-20T00:00:00Z,98.4021,98.6218,96.505,97.6632,7215108.0
WMT,1035,OneDay,2025-05-21T00:00:00Z,96.7546,97.5933,95.826,96.2554,7179270.0
WMT,1035,OneDay,2025-05-22T00:00:00Z,96.495,96.7646,95.6762,95.7661,6010300.0
WMT,1035,OneDay,2025-05-23T00:00:00Z,95.1969,96.3852,95.1969,96.2054,6228746.0
WMT,1035,OneDay,2025-05-27T00:00:00Z,96.6048,97.6433,96.4151,97.4136,7376208.0
WMT,1035,OneDay,2025-05-28T00:00:00Z,97.3837,98.0826,96.9144,97.0941,5240464.0
WMT,1035,OneDay,2025-05-29T00:00:00Z,97.2738,97.6233,96.7047,96.8844,6029125.0
WMT,1035,OneDay,2025-05-30T00:00:00Z,96.7746,98.7716,96.5649,98.5319,7133090.0
WMT,1035,OneDay,2025-06-02T00:00:00Z,98.6318,99.7501,97.8929,99.6303,7833673.0
WMT,1035,OneDay,2025-06-03T00:00:00Z,99.4705,100.6987,98.4221,99.8799,7203472.0
WMT,1035,OneDay,2025-06-04T00:00:00Z,99.6003,99.9698,99.181,99.2209,4921964.0
WMT,1035,OneDay,2025-06-05T00:00:00Z,99.2608,99.2608,97.4536,97.6533,7322113.0
WMT,1035,OneDay,2025-06-06T00:00:00Z,98.1725,98.4021,96.8245,97.3138,7685989.0
WMT,1035,OneDay,2025-06-09T00:00:00Z,97.134,97.6832,96.6148,97.2838,6320000.0
WMT,1035,OneDay,2025-06-10T00:00:00Z,96.9343,97.9228,96.3252,97.1939,7153772.0
WMT,1035,OneDay,2025-06-11T00:00:00Z,96.8545,96.9743,95.2069,95.6762,7427285.0
WMT,1035,OneDay,2025-06-12T00:00:00Z,94.468,94.9473,93.3198,94.6378,8771284.0
WMT,1035,OneDay,2025-06-13T00:00:00Z,94.1885,95.147,93.859,94.2683,8185573.0
WMT,1035,OneDay,2025-06-16T00:00:00Z,94.6478,95.6263,93.9588,94.1385,7083416.0
WMT,1035,OneDay,2025-06-17T00:00:00Z,93.9288,94.6677,93.4895,94.0886,6260121.0
WMT,1035,OneDay,2025-06-18T00:00:00Z,94.4281,95.3367,93.9388,94.9373,4886615.0
WMT,1035,OneDay,2025-06-20T00:00:00Z,95.0572,96.1555,95.0572,95.9258,6176965.0
WMT,1035,OneDay,2025-06-23T00:00:00Z,95.6563,97.7731,95.5065,97.6832,10789336.0
WMT,1035,OneDay,2025-06-24T00:00:00Z,97.4735,98.9513,97.1041,97.853,7530999.0
WMT,1035,OneDay,2025-06-25T00:00:00Z,97.9728,98.3921,97.0042,97.144,4946605.0
WMT,1035,OneDay,2025-06-26T00:00:00Z,96.8944,97.184,95.7761,96.0656,7612683.0
WMT,1035,OneDay,2025-06-30T00:00:00Z,97.3138,97.9828,96.1655,97.7231,7101432.0
WMT,1035,OneDay,2025-07-01T00:00:00Z,97.5135,99.0212,97.3537,98.0826,7707881.0
WMT,1035,OneDay,2025-07-02T00:00:00Z,97.853,98.1924,96.9044,97.4236,5481343.0
WMT,1035,OneDay,2025-07-07T00:00:00Z,97.853,99.171,97.4735,99.161,5858985.0
WMT,1035,OneDay,2025-07-08T00:00:00Z,98.4221,98.9813,96.3652,96.9643,7123768.0
WMT,1035,OneDay,2025-07-09T00:00:00Z,96.7746,97.134,96.2154,96.6548,5276752.0
WMT,1035,OneDay,2025-07-10T00:00:00Z,96.3352,96.5849,94.5879,94.6677,9687350.0
WMT,1035,OneDay,2025-07-11T00:00:00Z,94.9273,95.3867,94.0886,94.1785,6600512.0
WMT,1035,OneDay,2025-07-14T00:00:00Z,94.2384,95.6862,94.2384,95.6063,6070729.0
WMT,1035,OneDay,2025-07-15T00:00:00Z,95.3467,95.6263,94.7876,95.2069,4728965.0
WMT,1035,OneDay,2025-07-16T00:00:00Z,95.4066,95.6463,94.468,94.9773,5534320.0
WMT,1035,OneDay,2025-07-17T00:00:00Z,94.9473,95.4765,94.7376,94.9273,5416915.0
WMT,1035,OneDay,2025-07-18T00:00:00Z,94.8175,95.3367,94.2883,94.8575,4866501.0
WMT,1035,OneDay,2025-07-21T00:00:00Z,94.9473,96.485,94.9473,95.5364,5743405.0
WMT,1035,OneDay,2025-07-22T00:00:00Z,95.6962,96.505,95.5963,95.6962,4310076.0
WMT,1035,OneDay,2025-07-23T00:00:00Z,95.7162,96.1156,95.137,95.4765,4652679.0
WMT,1035,OneDay,2025-07-24T00:00:00Z,95.5065,96.8045,95.187,96.465,7329514.0
WMT,1035,OneDay,2025-07-25T00:00:00Z,96.7746,97.4835,96.3852,97.3437,6484881.0
WMT,1035,OneDay,2025-07-28T00:00:00Z,97.2239,97.9628,96.9243,97.4436,5843484.0
WMT,1035,OneDay,2025-07-29T00:00:00Z,97.7132,98.5619,97.154,98.1525,6822106.0
WMT,1035,OneDay,2025-07-30T00:00:00Z,98.1525,98.7216,96.8744,96.9044,8710225.0
WMT,1035,OneDay,2025-07-31T00:00:00Z,96.9044,98.462,96.8545,97.833,7562444.0
WMT,1035,OneDay,2025-08-01T00:00:00Z,97.833,98.6717,96.9643,98.3023,8155653.0
WMT,1035,OneDay,2025-08-04T00:00:00Z,97.823,99.7501,97.6533,99.151,11624065.0
WMT,1035,OneDay,2025-08-05T00:00:00Z,99.151,100.2793,98.7516,99.0911,10319024.0
WMT,1035,OneDay,2025-08-06T00:00:00Z,99.0911,103.5045,98.8515,102.7955,11781905.0
WMT,1035,OneDay,2025-08-07T00:00:00Z,102.7756,103.6043,101.847,102.3462,6563677.0
WMT,1035,OneDay,2025-08-08T00:00:00Z,102.476,104.5529,102.1565,103.5644,5841990.0
WMT,1035,OneDay,2025-08-11T00:00:00Z,103.7741,104.1535,102.8455,103.6542,7456148.0
WMT,1035,OneDay,2025-08-12T00:00:00Z,103.6542,104.1435,102.8455,103.4446,10416602.0
WMT,1035,OneDay,2025-08-13T00:00:00Z,103.4645,103.7241,99.85,100.8185,10224732.0
WMT,1035,OneDay,2025-08-14T00:00:00Z,100.8385,101.2578,99.85,100.6787,5382191.0
WMT,1035,OneDay,2025-08-15T00:00:00Z,100.6787,100.8485,99.3906,99.8899,4708251.0
WMT,1035,OneDay,2025-08-18T00:00:00Z,100.0097,100.7186,99.4506,100.3192,5200336.0
WMT,1035,OneDay,2025-08-19T00:00:00Z,100.3192,102.2663,100.3192,101.2479,10264595.0
WMT,1035,OneDay,2025-08-20T00:00:00Z,101.2279,102.5459,99.6303,102.0067,9325792.0
WMT,1035,OneDay,2025-08-21T00:00:00Z,102.0067,103.2548,96.8045,97.7132,26944037.0
WMT,1035,OneDay,2025-08-22T00:00:00Z,97.7132,98.8215,96.6148,96.6847,16412429.0
WMT,1035,OneDay,2025-08-25T00:00:00Z,97.0542,97.4136,95.856,95.856,9485650.0
WMT,1035,OneDay,2025-08-26T00:00:00Z,95.8659,96.2753,95.0671,95.8859,9093794.0
WMT,1035,OneDay,2025-08-27T00:00:00Z,95.8859,96.1555,95.2768,95.7461,7031097.0
WMT,1035,OneDay,2025-08-28T00:00:00Z,95.7461,96.4151,95.4466,95.9458,11493827.0
WMT,1035,OneDay,2025-08-29T00:00:00Z,95.9458,96.8644,95.6463,96.8445,6814488.0
WMT,1035,OneDay,2025-09-02T00:00:00Z,96.7846,97.6832,96.3652,97.5434,7516142.0
WMT,1035,OneDay,2025-09-03T00:00:00Z,97.4835,99.2808,97.2539,99.151,8968433.0
WMT,1035,OneDay,2025-09-04T00:00:00Z,99.151,101.1879,98.6518,100.7486,8063445.0
WMT,1035,OneDay,2025-09-05T00:00:00Z,100.7486,101.3177,99.4006,100.3492,7001410.0
WMT,1035,OneDay,2025-09-08T00:00:00Z,99.7002,102.1864,99.7002,101.4376,6818151.0
WMT,1035,OneDay,2025-09-09T00:00:00Z,101.4376,102.3262,101.3477,101.6273,6302060.0
WMT,1035,OneDay,2025-09-10T00:00:00Z,101.6273,102.2563,100.0596,100.1595,9330618.0
WMT,1035,OneDay,2025-09-11T00:00:00Z,100.0497,102.6158,100.0497,102.3063,8297154.0
WMT,1035,OneDay,2025-09-12T00:00:00Z,102.3562,103.804,101.6473,103.2948,4932086.0
WMT,1035,OneDay,2025-09-15T00:00:00Z,103.165,103.794,102.0866,103.2449,5874563.0
WMT,1035,OneDay,2025-09-16T00:00:00Z,103.2449,104.9423,102.3562,102.8455,7793827.0
WMT,1035,OneDay,2025-09-17T00:00:00Z,102.8455,105.9408,102.8455,104.1435,13738965.0
WMT,1035,OneDay,2025-09-18T00:00:00Z,104.3732,104.8524,102.2563,103.5344,7761956.0
WMT,1035,OneDay,2025-09-19T00:00:00Z,103.5344,103.6542,101.9268,102.1864,8050613.0
WMT,1035,OneDay,2025-09-22T00:00:00Z,102.1665,103.0252,101.4675,102.4461,6493925.0
WMT,1035,OneDay,2025-09-23T00:00:00Z,102.6757,102.9852,101.168,102.1665,6662988.0
WMT,1035,OneDay,2025-09-24T00:00:00Z,102.1665,103.2748,101.847,102.3462,4607990.0
WMT,1035,OneDay,2025-09-25T00:00:00Z,102.3462,103.3447,101.7571,102.7656,7708913.0
WMT,1035,OneDay,2025-09-26T00:00:00Z,102.7556,103.3247,102.2464,102.9952,5103079.0
WMT,1035,OneDay,2025-09-29T00:00:00Z,102.9453,103.2049,101.6073,102.3462,7286764.0
WMT,1035,OneDay,2025-09-30T00:00:00Z,102.3462,103.7741,102.3462,102.6458,5829819.0
WMT,1035,OneDay,2025-10-01T00:00:00Z,102.6458,102.9553,100.3991,101.4476,8652003.0
WMT,1035,OneDay,2025-10-02T00:00:00Z,101.4975,101.9768,99.7201,101.4775,8116916.0
WMT,1035,OneDay,2025-10-03T00:00:00Z,101.4775,102.6458,100.9183,101.9468,5553658.0
WMT,1035,OneDay,2025-10-06T00:00:00Z,101.7271,102.8954,101.2578,102.4361,7385427.0
WMT,1035,OneDay,2025-10-07T00:00:00Z,102.466,103.0751,100.7985,102.8954,7996561.0
WMT,1035,OneDay,2025-10-08T00:00:00Z,102.8954,103.2449,101.3477,102.7156,7361545.0
WMT,1035,OneDay,2025-10-09T00:00:00Z,102.7156,103.2449,100.2094,101.4975,10163479.0
WMT,1035,OneDay,2025-10-10T00:00:00Z,101.4975,103.4645,100.8485,101.6772,9578649.0
WMT,1035,OneDay,2025-10-13T00:00:00Z,101.3477,102.2863,100.5289,101.7571,5456983.0
WMT,1035,OneDay,2025-10-14T00:00:00Z,101.807,107.7481,101.4176,106.9393,16686251.0
WMT,1035,OneDay,2025-10-15T00:00:00Z,106.8694,109.3756,106.5299,109.0861,10802840.0
WMT,1035,OneDay,2025-10-16T00:00:00Z,109.1859,109.3257,104.8425,105.4615,8621708.0
WMT,1035,OneDay,2025-10-17T00:00:00Z,105.4416,108.0177,105.0921,107.5384,5971592.0
WMT,1035,OneDay,2025-10-20T00:00:00Z,107.4885,108.0476,105.8509,106.7596,5410402.0
WMT,1035,OneDay,2025-10-21T00:00:00Z,106.7596,107.2788,104.8425,106.0407,5453291.0
WMT,1035,OneDay,2025-10-22T00:00:00Z,106.0407,107.5983,105.4216,106.9792,6929792.0
WMT,1035,OneDay,2025-10-23T00:00:00Z,106.3402,107.3487,105.5913,106.5499,6081609.0
WMT,1035,OneDay,2025-10-24T00:00:00Z,106.5499,106.8694,105.3517,106.0506,4937818.0
WMT,1035,OneDay,2025-10-27T00:00:00Z,106.1904,106.8195,103.8839,104.2933,8368829.0
WMT,1035,OneDay,2025-10-28T00:00:00Z,104.2933,104.5928,102.8455,102.8954,7347128.0
WMT,1035,OneDay,2025-10-29T00:00:00Z,102.9253,103.5045,101.9468,101.9867,6199964.0
WMT,1035,OneDay,2025-10-30T00:00:00Z,102.2663,103.1949,101.3677,101.5973,7157975.0
WMT,1035,OneDay,2025-11-03T00:00:00Z,101.148,101.6273,100.2494,101.0781,7559274.0
WMT,1035,OneDay,2025-11-04T00:00:00Z,101.0781,102.4461,100.9084,102.0966,7559274.0
WMT,1035,OneDay,2025-11-05T00:00:00Z,102.0966,102.5159,100.6887,101.1879,1132890.0
WMT,1035,OneDay,2025-11-06T00:00:00Z,101.1879,101.6173,99.8799,101.5973,1132890.0
WMT,1035,OneDay,2025-11-07T00:00:00Z,101.5973,102.7855,101.178,102.476,1038189.0
WMT,1035,OneDay,2025-11-10T00:00:00Z,102.5459,102.8355,101.4476,102.0467,8429619.0
WMT,1035,OneDay,2025-11-11T00:00:00Z,102.0966,103.5744,101.6073,103.155,8429619.0
WMT,1035,OneDay,2025-11-12T00:00:00Z,103.2449,103.5444,102.506,103.3846,8429619.0
WMT,1035,OneDay,2025-11-13T00:00:00Z,103.3547,103.7641,101.847,102.0467,2990441.0
WMT,1035,OneDay,2025-11-14T00:00:00Z,102.0467,102.6557,98.2324,102.2763,1885576.0
WMT,1035,OneDay,2025-11-17T00:00:00Z,102.3462,103.145,101.847,102.5259,7520420.0
WMT,1035,OneDay,2025-11-18T00:00:00Z,102.5259,103.165,100.9183,101.2479,1496463.0
WMT,1035,OneDay,2025-11-19T00:00:00Z,101.3277,101.7771,99.5204,100.5489,3375785.0
WMT,1035,OneDay,2025-11-20T00:00:00Z,100.6687,107.7181,97.7231,106.47,15973917.0
WMT,1035,OneDay,2025-11-24T00:00:00Z,105.2918,106.0906,103.5444,104.0836,19101634.0
WMT,1035,OneDay,2025-11-25T00:00:00Z,104.0836,106.9792,103.8839,106.6997,19101634.0
WMT,1035,OneDay,2025-11-26T00:00:00Z,106.5,109.4056,105.841,108.9163,19101634.0
WMT,1035,OneDay,2025-11-27T00:00:00Z,108.9163,109.0461,108.9163,108.9563,9188.0
WMT,1035,OneDay,2025-11-28T00:00:00Z,109.156,110.5239,108.7366,110.3542,4099400.0
WMT,1035,OneDay,2025-12-01T00:00:00Z,110.3442,111.5823,109.835,111.3127,9556305.0
WMT,1035,OneDay,2025-12-02T00:00:00Z,111.3627,112.471,110.6238,111.7121,653412.0
WMT,1035,OneDay,2025-12-03T00:00:00Z,111.8419,114.7076,111.6323,113.7291,2100701.0
WMT,1035,OneDay,2025-12-04T00:00:00Z,113.7291,114.6976,112.8305,114.5878,2800227.0
WMT,1035,OneDay,2025-12-05T00:00:00Z,114.5878,116.0856,113.829,114.9672,2800227.0
WMT,1035,OneDay,2025-12-08T00:00:00Z,114.9573,115.137,112.1415,113.3397,10492567.0
WMT,1035,OneDay,2025-12-09T00:00:00Z,113.3397,115.5164,112.1914,114.5579,8568487.0
WMT,1035,OneDay,2025-12-10T00:00:00Z,114.5579,116.0456,112.8205,113.0102,8568487.0
WMT,1035,OneDay,2025-12-11T00:00:00Z,113.0102,115.6862,109.9448,115.0272,8568487.0
WMT,1035,OneDay,2025-12-15T00:00:00Z,116.3152,117.2538,115.3866,116.6547,12119399.0
WMT,1035,OneDay,2025-12-16T00:00:00Z,116.6547,116.7745,114.5778,115.0272,12119399.0
WMT,1035,OneDay,2025-12-17T00:00:00Z,115.0272,116.2054,114.7076,115.1969,12119399.0
WMT,1035,OneDay,2025-12-18T00:00:00Z,115.1969,116.2952,114.438,114.6278,1732106.0
WMT,1035,OneDay,2025-12-19T00:00:00Z,114.6278,115.0172,113.3597,114.2184,1732106.0
WMT,1035,OneDay,2025-12-22T00:00:00Z,114.2982,114.3282,112.0516,112.3412,16037742.0
WMT,1035,OneDay,2025-12-23T00:00:00Z,112.3412,112.5708,110.4241,110.484,16037742.0
WMT,1035,OneDay,2025-12-24T00:00:00Z,110.484,111.5224,110.0646,111.4226,16037742.0
WMT,1035,OneDay,2025-12-26T00:00:00Z,111.4425,111.792,110.9433,111.5923,6143603.0
WMT,1035,OneDay,2025-12-29T00:00:00Z,111.3826,112.6008,110.8434,112.3212,9317745.0
WMT,1035,OneDay,2025-12-30T00:00:00Z,112.3012,112.6108,111.6323,111.7021,9317745.0
WMT,1035,OneDay,2025-12-31T00:00:00Z,111.7021,112.0716,111.143,111.2828,9317745.0
WMT,1035,OneDay,2026-01-02T00:00:00Z,111.4326,112.6108,110.9433,112.1115,9944860.0
WMT,1035,OneDay,2026-01-05T00:00:00Z,112.441,113.5394,111.6323,112.3012,15402259.0
WMT,1035,OneDay,2026-01-06T00:00:00Z,112.3012,114.6078,111.822,114.1784,15402259.0
WMT,1035,OneDay,2026-01-07T00:00:00Z,114.1784,114.5079,111.9118,112.6308,3742589.0
WMT,1035,OneDay,2026-01-08T00:00:00Z,112.3911,113.2898,109.6552,112.8804,3742589.0
WMT,1035,OneDay,2026-01-09T00:00:00Z,112.8804,115.2768,111.832,114.3382,3742589.0
WMT,1035,OneDay,2026-01-12T00:00:00Z,116.6847,119.2608,115.7061,117.5733,33306672.0
WMT,1035,OneDay,2026-01-13T00:00:00Z,117.6532,120.2992,117.4835,120.0796,33306672.0
WMT,1035,OneDay,2026-01-14T00:00:00Z,120.0895,121.3177,118.8514,119.6402,4362015.0
WMT,1035,OneDay,2026-01-15T00:00:00Z,119.6402,120.6587,118.5519,118.9712,4362015.0
WMT,1035,OneDay,2026-01-16T00:00:00Z,119.0611,120.3791,116.7346,119.5404,9590246.0
WMT,1035,OneDay,2026-01-20T00:00:00Z,119.2308,121.6073,117.4236,118.2224,31222314.0
WMT,1035,OneDay,2026-01-21T00:00:00Z,118.2723,120.2992,117.3636,119.3806,31222314.0
WMT,1035,OneDay,2026-01-22T00:00:00Z,119.3806,119.4206,117.4735,117.6532,31222314.0
WMT,1035,OneDay,2026-01-23T00:00:00Z,117.6532,118.4221,116.9543,117.5534,31222314.0
WMT,1035,OneDay,2026-01-26T00:00:00Z,117.5434,118.6317,116.8245,117.4435,14682273.0
WMT,1035,OneDay,2026-01-27T00:00:00Z,117.4435,117.7031,115.3267,116.2853,3414785.0
WMT,1035,OneDay,2026-01-28T00:00:00Z,116.4251,117.2738,115.6862,116.1255,3414785.0
WMT,1035,OneDay,2026-01-29T00:00:00Z,116.1255,117.4635,115.6163,116.9243,609059.0
WMT,1035,OneDay,2026-01-30T00:00:00Z,116.9243,119.2209,115.5364,119.0311,609059.0
WMT,1035,OneDay,2026-02-02T00:00:00Z,119.0311,124.0037,118.1924,123.6642,22316169.0
WMT,1035,OneDay,2026-02-03T00:00:00Z,123.6742,127.9577,122.0965,127.4086,22316169.0
WMT,1035,OneDay,2026-02-04T00:00:00Z,127.4285,129.1959,126.9093,126.9093,22316169.0
WMT,1035,OneDay,2026-02-05T00:00:00Z,127.3087,129.3456,125.9308,127.0092,678635.0
WMT,1035,OneDay,2026-02-09T00:00:00Z,130.7835,131.5324,127.8978,128.6267,21622305.0
WMT,1035,OneDay,2026-02-10T00:00:00Z,128.6267,129.3057,126.0905,126.6098,21622305.0
WMT,1035,OneDay,2026-02-11T00:00:00Z,127.6282,129.5354,127.4086,128.5269,11552787.0
WMT,1035,OneDay,2026-02-12T00:00:00Z,128.5269,134.2782,128.3072,132.8005,10919006.0
WMT,1035,OneDay,2026-02-13T00:00:00Z,132.8005,134.438,131.5423,133.6791,10919006.0
WMT,1035,OneDay,2026-02-17T00:00:00Z,133.9487,134.458,127.9677,128.5568,28449561.0
WMT,1035,OneDay,2026-02-18T00:00:00Z,128.5568,129.2558,125.5813,125.771,28449561.0
WMT,1035,OneDay,2026-02-19T00:00:00Z,125.7311,129.805,121.6173,124.8624,5928604.0
WMT,1035,OneDay,2026-02-20T00:00:00Z,124.7226,125.0721,120.8684,122.8055,5928604.0
WMT,1035,OneDay,2026-02-23T00:00:00Z,122.45,126.79,122.01,125.82,18262227.0
WMT,1035,OneDay,2026-02-24T00:00:00Z,125.82,128.02,124.9,126.7,18262227.0
WMT,1035,OneDay,2026-02-25T00:00:00Z,126.75,127.35,125.41,125.6,18262227.0
WMT,1035,OneDay,2026-02-26T00:00:00Z,125.6,127.3,123.94,124.45,18262227.0
WMT,1035,OneDay,2026-02-27T00:00:00Z,124.45,128.51,123.5,127.96,18262227.0
WMT,1035,OneDay,2026-03-02T00:00:00Z,127.2,128.92,125.99,127.25,12661820.0
WMT,1035,OneDay,2026-03-03T00:00:00Z,127.25,128.36,125.01,127.56,12661820.0
WMT,1035,OneDay,2026-03-04T00:00:00Z,127.56,128.61,126.21,127.66,380290.0
WMT,1035,OneDay,2026-03-05T00:00:00Z,127.65,127.67,121.63,123.14,7701794.0
WMT,1035,OneDay,2026-03-06T00:00:00Z,123.14,124.17,121.61,123.81,7701794.0
WMT,1035,OneDay,2026-03-09T00:00:00Z,122.92,124.49,121.67,123.0,14375376.0
WMT,1035,OneDay,2026-03-10T00:00:00Z,123.0,126.07,123.0,124.89,13674066.0
WMT,1035,OneDay,2026-03-11T00:00:00Z,124.89,125.62,123.04,123.32,13926424.0
WMT,1035,OneDay,2026-03-12T00:00:00Z,123.35,125.62,122.01,125.37,16942525.0
WMT,1035,OneDay,2026-03-13T00:00:00Z,125.37,126.67,124.77,126.5,7504847.0
WMT,1035,OneDay,2026-03-16T00:00:00Z,126.14,126.77,124.81,125.78,16337047.0
WMT,1035,OneDay,2026-03-17T00:00:00Z,125.83,127.12,124.86,124.93,16033337.0
WMT,1035,OneDay,2026-03-18T00:00:00Z,124.97,125.41,121.72,122.0,15278498.0
WMT,1035,OneDay,2026-03-19T00:00:00Z,122.0,122.52,119.27,121.15,13503676.0
WMT,1035,OneDay,2026-03-20T00:00:00Z,121.25,121.37,118.22,118.94,16227169.0
WMT,1035,OneDay,2026-03-23T00:00:00Z,118.5,121.62,118.02,120.4,17293939.0
WMT,1035,OneDay,2026-03-24T00:00:00Z,120.6,124.1,119.8,122.7,11939857.0
WMT,1035,OneDay,2026-03-25T00:00:00Z,122.7,123.48,121.76,122.88,11725558.0
WMT,1035,OneDay,2026-03-26T00:00:00Z,122.9,123.57,121.58,122.05,12462040.0
WMT,1035,OneDay,2026-03-27T00:00:00Z,122.18,124.24,121.0,122.97,7920199.0
WMT,1035,OneDay,2026-03-30T00:00:00Z,122.18,125.17,121.59,123.25,14874939.0
WMT,1035,OneDay,2026-03-31T00:00:00Z,123.33,124.93,122.8,124.02,16612334.0
WMT,1035,OneDay,2026-04-01T00:00:00Z,124.02,125.23,123.13,124.58,12594056.0
WMT,1035,OneDay,2026-04-02T00:00:00Z,124.58,125.84,124.0,125.73,8946773.0
WMT,1035,OneDay,2026-04-03T00:00:00Z,125.73,125.83,125.7,125.81,25283.0
WMT,1035,OneDay,2026-04-06T00:00:00Z,125.4,126.97,125.15,126.75,8209323.0
WMT,1035,OneDay,2026-04-07T00:00:00Z,126.75,127.0,121.78,122.46,12037604.0
WMT,1035,OneDay,2026-04-08T00:00:00Z,122.46,127.27,121.75,126.99,15875199.0
WMT,1035,OneDay,2026-04-09T00:00:00Z,127.04,129.68,125.59,128.9,10586655.0
WMT,1035,OneDay,2026-04-10T00:00:00Z,129.0,129.15,126.23,126.75,6885253.0
WMT,1035,OneDay,2026-04-13T00:00:00Z,126.5,126.77,123.95,124.6,11364337.0
WMT,1035,OneDay,2026-04-14T00:00:00Z,124.6,125.18,122.56,124.89,12267128.0
WMT,1035,OneDay,2026-04-15T00:00:00Z,124.85,125.06,123.17,124.7,12897314.0
WMT,1035,OneDay,2026-04-16T00:00:00Z,124.7,125.91,123.94,124.91,14351700.0
WMT,1035,OneDay,2026-04-17T00:00:00Z,124.91,127.56,123.36,127.5,11092137.0
WMT,1035,OneDay,2026-04-20T00:00:00Z,126.68,129.43,126.5,128.0,14504939.0
WMT,1035,OneDay,2026-04-21T00:00:00Z,128.0,129.74,127.48,129.29,13734509.0
WMT,1035,OneDay,2026-04-22T00:00:00Z,129.29,130.43,128.83,129.69,14387344.0
WMT,1035,OneDay,2026-04-23T00:00:00Z,129.69,132.45,129.0,131.01,12901897.0
WMT,1035,OneDay,2026-04-24T00:00:00Z,131.01,131.94,129.28,129.93,8415244.0
WMT,1035,OneDay,2026-04-27T00:00:00Z,130.13,130.13,127.39,127.5,14705027.0
WMT,1035,OneDay,2026-04-28T00:00:00Z,127.5,129.69,126.78,127.05,10357227.0
WMT,1035,OneDay,2026-04-29T00:00:00Z,127.05,128.71,125.9,127.5,13302438.0
WMT,1035,OneDay,2026-04-30T00:00:00Z,127.5,132.41,126.5,132.04,16091514.0
WMT,1035,OneDay,2026-05-01T00:00:00Z,132.04,133.36,129.19,131.56,5768588.0
WMT,1035,OneDay,2026-05-04T00:00:00Z,131.62,131.72,129.66,130.03,8070658.0
WMT,1035,OneDay,2026-05-05T00:00:00Z,130.03,131.7,129.25,130.35,8229138.0
WMT,1035,OneDay,2026-05-06T00:00:00Z,130.35,130.92,129.5,130.08,13035869.0
WMT,1035,OneDay,2026-05-07T00:00:00Z,130.08,130.51,128.67,130.21,11264709.0
WMT,1035,OneDay,2026-05-08T00:00:00Z,130.22,131.4,130.0,130.37,5576360.0
WMT,1035,OneDay,2026-05-11T00:00:00Z,129.85,130.59,126.38,127.25,13473195.0
WMT,1035,OneDay,2026-05-12T00:00:00Z,127.25,131.08,126.3,129.79,13591649.0
WMT,1035,OneDay,2026-05-13T00:00:00Z,129.81,132.5,128.5,131.2,10248449.0
WMT,1035,OneDay,2026-05-14T00:00:00Z,130.82,132.77,129.55,132.3,11440498.0
WMT,1035,OneDay,2026-05-15T00:00:00Z,132.3,134.96,130.79,131.49,9002298.0
WMT,1035,OneDay,2026-05-18T00:00:00Z,132.0,133.65,131.0,133.26,12635092.0
WMT,1035,OneDay,2026-05-19T00:00:00Z,133.26,135.14,132.05,134.12,12269074.0
WMT,1035,OneDay,2026-05-20T00:00:00Z,134.12,134.83,130.33,131.0,21074577.0
WMT,1035,OneDay,2026-05-21T00:00:00Z,130.85,131.34,120.41,121.66,36482729.0
WMT,1035,OneDay,2026-05-22T00:00:00Z,121.66,122.34,118.91,120.34,16517835.0
WMT,1035,OneDay,2026-05-26T00:00:00Z,120.27,120.96,117.92,118.54,20652649.0
WMT,1035,OneDay,2026-05-27T00:00:00Z,118.54,119.41,117.99,118.71,16102566.0
WMT,1035,OneDay,2026-05-28T00:00:00Z,118.72,119.33,117.33,118.6,15640230.0
WMT,1035,OneDay,2026-05-29T00:00:00Z,118.69,119.03,114.71,115.77,17234591.0
WMT,1035,OneDay,2026-06-01T00:00:00Z,115.5,115.98,113.56,114.3,18630791.0
WMT,1035,OneDay,2026-06-02T00:00:00Z,114.34,114.85,112.74,112.93,20709752.0
WMT,1035,OneDay,2026-06-03T00:00:00Z,112.95,117.78,112.2,117.3,24303710.0
WMT,1035,OneDay,2026-06-04T00:00:00Z,117.3,120.33,116.99,117.97,16097244.0
WMT,1035,OneDay,2026-06-05T00:00:00Z,117.8,120.88,116.36,118.96,16695873.0
WMT,1035,OneDay,2026-06-08T00:00:00Z,118.25,120.18,117.35,119.61,14204817.0
WMT,1035,OneDay,2026-06-09T00:00:00Z,119.61,120.49,118.0,118.69,17775754.0
WMT,1035,OneDay,2026-06-10T00:00:00Z,118.75,120.8,117.54,120.2,15461540.0
WMT,1035,OneDay,2026-06-11T00:00:00Z,120.2,121.77,119.44,120.37,16029207.0
WMT,1035,OneDay,2026-06-12T00:00:00Z,120.37,121.58,119.52,121.03,6553791.0
WMT,1035,OneDay,2026-06-15T00:00:00Z,120.16,121.47,118.57,120.4,16265934.0
WMT,1035,OneDay,2026-06-16T00:00:00Z,120.5,122.92,119.9,120.65,16191264.0
WMT,1035,OneDay,2026-06-17T00:00:00Z,120.7,121.0,117.45,118.11,15142156.0
WMT,1035,OneDay,2026-06-18T00:00:00Z,118.11,118.39,118.0,118.1,23169.0
WMT,1035,OneDay,2026-06-22T00:00:00Z,117.3,118.35,116.25,117.04,12474124.0
WMT,1035,OneDay,2026-06-23T00:00:00Z,117.04,120.23,116.9,119.4,17111168.0
WMT,1035,OneDay,2026-06-24T00:00:00Z,119.44,120.39,117.15,117.75,15685223.0
WMT,1035,OneDay,2026-06-25T00:00:00Z,117.82,118.56,115.38,115.69,9978492.0
WMT,1035,OneDay,2026-06-29T00:00:00Z,115.63,116.71,114.19,114.51,15150523.0
WMT,1035,OneDay,2026-06-30T00:00:00Z,114.55,114.9,112.93,113.26,17613250.0
WMT,1035,OneDay,2026-07-01T00:00:00Z,113.28,113.6,107.24,108.42,28416463.0
WMT,1035,OneDay,2026-07-02T00:00:00Z,108.41,112.43,108.2,111.5,21042224.0
WMT,1035,OneDay,2026-07-03T00:00:00Z,111.5,111.63,111.48,111.56,1239271.0
WMT,1035,OneDay,2026-07-06T00:00:00Z,111.87,112.11,109.37,109.75,22224974.0
WMT,1035,OneDay,2026-07-07T00:00:00Z,109.75,113.47,109.75,111.5,14832875.0
WMT,1035,OneDay,2026-07-08T00:00:00Z,111.5,113.84,111.37,112.76,14125842.0
WMT,1035,OneDay,2026-07-09T00:00:00Z,112.76,113.6,111.04,111.4,16056272.0
WMT,1035,OneDay,2026-07-10T00:00:00Z,111.4,114.0,111.4,113.51,10269892.0
WMT,1035,OneDay,2026-07-13T00:00:00Z,113.61,115.52,113.52,114.7,12233169.0
WMT,1035,OneDay,2026-07-14T00:00:00Z,114.7,115.87,113.12,113.7,10557403.0
WMT,1035,OneDay,2026-07-15T00:00:00Z,113.7,114.71,112.07,112.66,11728706.0
WMT,1035,OneDay,2026-07-16T00:00:00Z,112.66,115.58,112.19,114.86,15090215.0
WMT,1035,OneDay,2026-07-17T00:00:00Z,114.86,118.08,113.59,114.28,11445381.0
WMT,1035,OneDay,2026-07-20T00:00:00Z,114.31,114.4,112.14,112.25,12587353.0
WMT,1035,OneDay,2026-07-21T00:00:00Z,112.25,112.28,109.89,110.01,15927458.0
WMT,1035,OneDay,2026-07-22T00:00:00Z,110.01,110.69,108.71,109.3,17790444.0
WMT,1035,OneDay,2026-07-23T00:00:00Z,109.38,109.5,106.78,107.7,15268019.0
WMT,1035,OneDay,2026-07-24T00:00:00Z,107.7,109.53,107.7,109.41,8853460.0
WMT,1035,OneDay,2026-07-27T00:00:00Z,109.6,112.49,108.95,111.73,13762163.0
WMT,1035,OneDay,2026-07-28T00:00:00Z,111.73,116.02,111.15,113.1,17317044.0
WMT,1035,OneDay,2026-07-29T00:00:00Z,113.21,114.67,112.48,114.32,16683854.0
WMT,1035,OneDay,2026-07-30T00:00:00Z,114.32,114.85,110.43,111.0,20466633.0
WMT,1035,OneDay,2026-07-31T00:00:00Z,111.03,111.89,109.96,111.2,9840645.0
WMT,1035,OneDay,2026-08-03T00:00:00Z,111.45,113.23,110.16,110.6,17534321.0
WMT,1035,OneDay,2026-08-04T00:00:00Z,110.6,112.6,108.56,112.15,21901969.0
WMT,1035,OneDay,2026-08-05T00:00:00Z,112.15,113.15,111.35,112.67,13448574.0
WMT,1035,OneDay,2026-08-06T00:00:00Z,112.72,114.5,111.04,111.85,14176762.0
WMT,1035,OneDay,2026-08-07T00:00:00Z,111.85,112.28,110.5,111.8,9248642.0
WMT,1035,OneDay,2026-08-10T00:00:00Z,111.72,112.68,110.77,112.36,13029509.0
WMT,1035,OneDay,2026-08-11T00:00:00Z,112.35,113.32,112.0,113.15,11895610.0
WMT,1035,OneDay,2026-08-12T00:00:00Z,113.14,116.03,112.19,115.52,15670668.0
WMT,1035,OneDay,2026-08-13T00:00:00Z,115.52,116.43,114.8,115.5,11961216.0
WMT,1035,OneDay,2026-08-14T00:00:00Z,115.66,116.42,114.63,115.25,6907598.0
WMT,1035,OneDay,2026-08-17T00:00:00Z,115.47,115.47,113.9,114.31,13609722.0
WMT,1035,OneDay,2026-08-18T00:00:00Z,114.32,116.32,114.0,115.28,15147964.0
WMT,1035,OneDay,2026-08-19T00:00:00Z,115.28,116.86,113.99,114.5,25231906.0
WMT,1035,OneDay,2026-08-20T00:00:00Z,114.52,115.5,102.88,103.16,42562320.0
UNH,1032,OneDay,2022-07-22T00:00:00Z,524.0779,526.2959,517.8935,520.8408,
UNH,1032,OneDay,2022-07-25T00:00:00Z,524.4276,532.2306,523.7382,528.6138,
UNH,1032,OneDay,2022-07-26T00:00:00Z,531.6311,537.0163,530.652,530.8918,
UNH,1032,OneDay,2022-07-27T00:00:00Z,531.4812,537.2061,527.6047,533.7492,
UNH,1032,OneDay,2022-07-28T00:00:00Z,536.4168,543.8101,531.1615,540.633,
UNH,1032,OneDay,2022-07-29T00:00:00Z,538.415,543.2706,536.1071,542.0417,
UNH,1032,OneDay,2022-08-01T00:00:00Z,540.1834,542.871,530.5221,534.3287,
UNH,1032,OneDay,2022-08-02T00:00:00Z,535.4876,539.7438,531.3114,535.028,
UNH,1032,OneDay,2022-08-03T00:00:00Z,537.0462,542.9809,534.9781,539.8437,
UNH,1032,OneDay,2022-08-04T00:00:00Z,537.5358,539.474,532.0208,533.0698,
UNH,1032,OneDay,2022-08-05T00:00:00Z,529.473,534.9781,527.0452,534.5485,
UNH,1032,OneDay,2022-08-08T00:00:00Z,538.5848,540.4631,532.7401,535.9472,
UNH,1032,OneDay,2022-08-09T00:00:00Z,538.415,545.1889,535.8973,536.3469,
UNH,1032,OneDay,2022-08-10T00:00:00Z,538.6248,539.8637,533.2397,536.3968,
UNH,1032,OneDay,2022-08-11T00:00:00Z,537.2361,538.0553,529.1433,532.0907,
UNH,1032,OneDay,2022-08-12T00:00:00Z,533.919,543.6902,533.5194,542.7711,
UNH,1032,OneDay,2022-08-15T00:00:00Z,540.4631,546.5577,537.306,543.8501,
UNH,1032,OneDay,2022-08-16T00:00:00Z,544.7093,546.8274,541.732,545.3487,
UNH,1032,OneDay,2022-08-17T00:00:00Z,543.4604,547.1371,540.7429,544.3197,
UNH,1032,OneDay,2022-08-18T00:00:00Z,544.5395,547.4568,541.1325,544.2298,
UNH,1032,OneDay,2022-08-19T00:00:00Z,544.2597,552.5722,543.7002,547.8964,
UNH,1032,OneDay,2022-08-22T00:00:00Z,540.583,548.8556,540.583,543.96,
UNH,1032,OneDay,2022-08-23T00:00:00Z,542.1816,542.3415,532.4604,535.2079,
UNH,1032,OneDay,2022-08-24T00:00:00Z,535.9172,539.2143,534.5385,535.5376,
UNH,1032,OneDay,2022-08-25T00:00:00Z,534.4685,541.1325,530.6919,540.9127,
UNH,1032,OneDay,2022-08-26T00:00:00Z,539.9736,542.5413,527.6647,528.7837,
UNH,1032,OneDay,2022-08-29T00:00:00Z,524.7573,532.3405,522.3095,529.2932,
UNH,1032,OneDay,2022-08-30T00:00:00Z,529.513,529.7928,520.7609,522.1696,
UNH,1032,OneDay,2022-08-31T00:00:00Z,519.8517,526.1361,518.6628,518.8526,
UNH,1032,OneDay,2022-09-01T00:00:00Z,518.4829,523.5684,514.5765,523.4585,
UNH,1032,OneDay,2022-09-02T00:00:00Z,527.5548,527.6247,513.3676,515.7354,
UNH,1032,OneDay,2022-09-06T00:00:00Z,516.3449,526.8054,515.5756,517.5638,
UNH,1032,OneDay,2022-09-07T00:00:00Z,516.1151,523.0089,513.947,521.0506,
UNH,1032,OneDay,2022-09-08T00:00:00Z,520.0915,527.9045,518.0433,526.6056,
UNH,1032,OneDay,2022-09-09T00:00:00Z,525.5366,527.255,521.78,523.7782,
UNH,1032,OneDay,2022-09-12T00:00:00Z,525.6072,535.7524,522.6628,530.1935,
UNH,1032,OneDay,2022-09-13T00:00:00Z,522.8745,524.0428,511.1521,512.4901,
UNH,1032,OneDay,2022-09-14T00:00:00Z,512.9394,514.3573,505.251,508.8855,
UNH,1032,OneDay,2022-09-15T00:00:00Z,513.8381,527.1181,513.0692,521.916,
UNH,1032,OneDay,2022-09-16T00:00:00Z,516.7038,521.8261,516.2245,519.919,
UNH,1032,OneDay,2022-09-19T00:00:00Z,516.8336,523.1241,511.901,522.4152,
UNH,1032,OneDay,2022-09-20T00:00:00Z,522.8246,523.7931,514.0378,521.6663,
UNH,1032,OneDay,2022-09-21T00:00:00Z,524.2325,526.9883,511.0323,511.0922,
UNH,1032,OneDay,2022-09-22T00:00:00Z,509.2949,520.0088,505.241,516.3643,
UNH,1032,OneDay,2022-09-23T00:00:00Z,511.4517,513.7183,505.5206,512.9095,
UNH,1032,OneDay,2022-09-26T00:00:00Z,505.5306,511.6114,498.561,507.897,
UNH,1032,OneDay,2022-09-27T00:00:00Z,509.235,515.6853,502.8146,507.7672,
UNH,1032,OneDay,2022-09-28T00:00:00Z,504.2824,515.3858,499.8591,512.7397,
UNH,1032,OneDay,2022-09-29T00:00:00Z,512.1906,512.4502,501.6464,507.9769,
UNH,1032,OneDay,2022-09-30T00:00:00Z,509.1851,515.5755,504.2525,504.7917,
UNH,1032,OneDay,2022-10-03T00:00:00Z,506.2595,516.9235,504.6419,514.2874,
UNH,1032,OneDay,2022-10-04T00:00:00Z,516.6039,523.6134,515.9349,522.1456,
UNH,1032,OneDay,2022-10-05T00:00:00Z,519.3798,528.4461,519.3199,525.8101,
UNH,1032,OneDay,2022-10-06T00:00:00Z,526.2894,527.6174,515.8151,518.3513,
UNH,1032,OneDay,2022-10-07T00:00:00Z,511.6913,512.1406,500.2485,504.3124,
UNH,1032,OneDay,2022-10-10T00:00:00Z,504.8017,505.0812,494.2575,498.1117,
UNH,1032,OneDay,2022-10-11T00:00:00Z,495.6055,506.0298,494.2575,498.2215,
UNH,1032,OneDay,2022-10-12T00:00:00Z,500.1087,507.3279,497.3828,498.9205,
UNH,1032,OneDay,2022-10-13T00:00:00Z,491.911,512.56,486.9085,509.934,
UNH,1032,OneDay,2022-10-14T00:00:00Z,519.2799,528.9055,511.1022,513.4587,
UNH,1032,OneDay,2022-10-17T00:00:00Z,517.7322,523.4237,514.2275,521.4666,
UNH,1032,OneDay,2022-10-18T00:00:00Z,529.1651,530.3832,517.5226,521.5565,
UNH,1032,OneDay,2022-10-19T00:00:00Z,519.6693,522.2355,513.7981,519.5196,
UNH,1032,OneDay,2022-10-20T00:00:00Z,520.6578,528.4062,519.0003,519.7392,
UNH,1032,OneDay,2022-10-21T00:00:00Z,519.22,535.5754,517.243,532.9094,
UNH,1032,OneDay,2022-10-24T00:00:00Z,537.1431,545.171,537.1431,541.2369,
UNH,1032,OneDay,2022-10-25T00:00:00Z,536.4741,543.0242,533.1191,539.6693,
UNH,1032,OneDay,2022-10-26T00:00:00Z,539.3897,546.6887,539.3897,542.3053,
UNH,1032,OneDay,2022-10-27T00:00:00Z,545.2908,545.2908,538.9104,541.0272,
UNH,1032,OneDay,2022-10-28T00:00:00Z,542.6848,552.0607,542.3952,550.2234,
UNH,1032,OneDay,2022-10-31T00:00:00Z,553.6283,557.1031,549.175,554.2973,
UNH,1032,OneDay,2022-11-01T00:00:00Z,554.1675,554.5669,543.4037,546.2594,
UNH,1032,OneDay,2022-11-02T00:00:00Z,543.4736,553.2589,542.0058,542.3952,
UNH,1032,OneDay,2022-11-03T00:00:00Z,540.1486,546.8984,537.2629,543.164,
UNH,1032,OneDay,2022-11-04T00:00:00Z,545.181,546.2993,526.1097,537.3528,
UNH,1032,OneDay,2022-11-07T00:00:00Z,537.2929,546.0397,534.0477,544.1326,
UNH,1032,OneDay,2022-11-08T00:00:00Z,545.181,553.8879,540.6878,552.1505,
UNH,1032,OneDay,2022-11-09T00:00:00Z,552.2204,552.6997,538.5909,539.7092,
UNH,1032,OneDay,2022-11-10T00:00:00Z,548.0068,549.0752,533.0892,542.6848,
UNH,1032,OneDay,2022-11-11T00:00:00Z,544.1625,544.1625,508.8755,520.7078,
UNH,1032,OneDay,2022-11-14T00:00:00Z,521.217,528.0567,512.8196,512.9295,
UNH,1032,OneDay,2022-11-15T00:00:00Z,510.2734,515.6354,499.8391,502.595,
UNH,1032,OneDay,2022-11-16T00:00:00Z,504.2026,513.229,504.2026,510.7427,
UNH,1032,OneDay,2022-11-17T00:00:00Z,510.6429,526.0198,510.6329,514.5171,
UNH,1032,OneDay,2022-11-18T00:00:00Z,520.6778,531.9309,518.7807,529.2749,
UNH,1032,OneDay,2022-11-21T00:00:00Z,527.9569,530.2934,514.547,516.2345,
UNH,1032,OneDay,2022-11-22T00:00:00Z,519.3897,523.7532,519.3099,522.3054,
UNH,1032,OneDay,2022-11-23T00:00:00Z,523.2739,529.5445,522.2255,529.2649,
UNH,1032,OneDay,2022-11-25T00:00:00Z,532.1805,539.8989,531.3717,536.8236,
UNH,1032,OneDay,2022-11-28T00:00:00Z,534.7467,538.5709,530.8425,531.3917,
UNH,1032,OneDay,2022-11-29T00:00:00Z,529.7542,531.9309,522.8346,526.9883,
UNH,1032,OneDay,2022-11-30T00:00:00Z,528.3263,546.7387,526.559,546.4191,
UNH,1032,OneDay,2022-12-01T00:00:00Z,550.2933,551.6014,534.9863,535.7552,
UNH,1032,OneDay,2022-12-02T00:00:00Z,531.5115,537.7122,531.5115,535.0362,
UNH,1032,OneDay,2022-12-05T00:00:00Z,531.3717,539.2299,530.9823,534.0577,
UNH,1032,OneDay,2022-12-06T00:00:00Z,533.4486,539.4396,533.4386,538.4112,
UNH,1032,OneDay,2022-12-07T00:00:00Z,539.7392,545.0212,538.501,542.0657,
UNH,1032,OneDay,2022-12-08T00:00:00Z,543.5035,550.3732,542.6248,546.499,
UNH,1032,OneDay,2022-12-09T00:00:00Z,546.1795,546.9683,537.9818,538.3612,
UNH,1032,OneDay,2022-12-12T00:00:00Z,541.0073,545.151,538.2514,544.6119,
UNH,1032,OneDay,2022-12-13T00:00:00Z,548.7756,548.7756,534.1975,537.5425,
UNH,1032,OneDay,2022-12-14T00:00:00Z,540.2484,542.4152,530.6029,537.0133,
UNH,1032,OneDay,2022-12-15T00:00:00Z,531.8011,533.209,524.572,526.8685,
UNH,1032,OneDay,2022-12-16T00:00:00Z,523.4636,524.7317,514.8366,522.555,
UNH,1032,OneDay,2022-12-19T00:00:00Z,523.0243,526.2494,519.5595,522.555,
UNH,1032,OneDay,2022-12-20T00:00:00Z,524.4122,525.4706,518.8306,519.1501,
UNH,1032,OneDay,2022-12-21T00:00:00Z,522.4252,526.9484,517.1831,526.8186,
UNH,1032,OneDay,2022-12-22T00:00:00Z,524.3723,527.877,520.6578,526.2794,
UNH,1032,OneDay,2022-12-23T00:00:00Z,522.7347,530.4631,521.6663,529.9539,
UNH,1032,OneDay,2022-12-27T00:00:00Z,532.2005,534.8565,528.5859,531.1321,
UNH,1032,OneDay,2022-12-28T00:00:00Z,531.5215,537.193,526.8785,527.5874,
UNH,1032,OneDay,2022-12-29T00:00:00Z,530.1536,532.6998,528.0068,528.9354,
UNH,1032,OneDay,2022-12-30T00:00:00Z,528.1566,529.4846,524.0328,529.1151,
UNH,1032,OneDay,2023-01-03T00:00:00Z,523.0143,524.0527,511.3618,517.7123,
UNH,1032,OneDay,2023-01-04T00:00:00Z,516.7038,516.7238,499.7792,503.6634,
UNH,1032,OneDay,2023-01-05T00:00:00Z,500.2585,500.2984,487.7673,488.6859,
UNH,1032,OneDay,2023-01-06T00:00:00Z,489.275,491.7912,486.7688,489.1851,
UNH,1032,OneDay,2023-01-09T00:00:00Z,491.6314,498.8606,487.7573,489.2151,
UNH,1032,OneDay,2023-01-10T00:00:00Z,488.5161,489.2151,481.8861,486.0898,
UNH,1032,OneDay,2023-01-11T00:00:00Z,484.4023,494.6569,484.3524,492.1007,
UNH,1032,OneDay,2023-01-12T00:00:00Z,489.4647,497.892,484.3823,495.0263,
UNH,1032,OneDay,2023-01-13T00:00:00Z,485.271,508.4961,485.271,488.7258,
UNH,1032,OneDay,2023-01-17T00:00:00Z,491.5316,491.5316,483.0144,483.973,
UNH,1032,OneDay,2023-01-18T00:00:00Z,486.5691,488.6959,474.0079,475.4158,
UNH,1032,OneDay,2023-01-19T00:00:00Z,476.8936,485.5007,476.4542,483.3739,
UNH,1032,OneDay,2023-01-20T00:00:00Z,484.2725,486.1896,478.0718,485.9001,
UNH,1032,OneDay,2023-01-23T00:00:00Z,485.271,489.235,480.6479,485.0813,
UNH,1032,OneDay,2023-01-24T00:00:00Z,485.0813,491.0323,482.2755,490.3534,
UNH,1032,OneDay,2023-01-25T00:00:00Z,487.6474,494.2875,484.8816,491.5516,
UNH,1032,OneDay,2023-01-26T00:00:00Z,491.8611,495.5955,489.8741,491.5216,
UNH,1032,OneDay,2023-01-27T00:00:00Z,491.272,491.3019,483.6934,485.1312,
UNH,1032,OneDay,2023-01-30T00:00:00Z,486.9485,494.3773,484.0628,484.7917,
UNH,1032,OneDay,2023-01-31T00:00:00Z,496.6739,504.3324,492.2905,498.2116,
UNH,1032,OneDay,2023-02-01T00:00:00Z,498.4412,503.3239,494.8965,495.7852,
UNH,1032,OneDay,2023-02-02T00:00:00Z,492.2305,493.4787,463.0843,470.0539,
UNH,1032,OneDay,2023-02-03T00:00:00Z,473.289,477.922,469.1153,470.9725,
UNH,1032,OneDay,2023-02-06T00:00:00Z,470.8926,478.1916,470.8926,474.4473,
UNH,1032,OneDay,2023-02-07T00:00:00Z,469.8142,477.283,468.2965,476.0049,
UNH,1032,OneDay,2023-02-08T00:00:00Z,474.4872,484.2525,474.4872,482.625,
UNH,1032,OneDay,2023-02-09T00:00:00Z,484.7817,488.8656,481.6764,484.8516,
UNH,1032,OneDay,2023-02-10T00:00:00Z,487.947,494.7967,487.8072,493.3489,
UNH,1032,OneDay,2023-02-13T00:00:00Z,493.6484,498.2715,490.9025,494.3374,
UNH,1032,OneDay,2023-02-14T00:00:00Z,494.2974,496.9934,488.2965,491.8012,
UNH,1032,OneDay,2023-02-15T00:00:00Z,488.5061,490.8326,487.3878,490.1736,
UNH,1032,OneDay,2023-02-16T00:00:00Z,488.8057,492.9295,486.579,486.6689,
UNH,1032,OneDay,2023-02-17T00:00:00Z,486.7088,498.6209,486.3294,498.1117,
UNH,1032,OneDay,2023-02-21T00:00:00Z,497.8621,500.5381,489.7143,490.7228,
UNH,1032,OneDay,2023-02-22T00:00:00Z,491.6714,492.58,487.8671,488.2266,
UNH,1032,OneDay,2023-02-23T00:00:00Z,486.4892,492.5401,485.0813,490.6729,
UNH,1032,OneDay,2023-02-24T00:00:00Z,488.4662,491.5616,482.2755,483.0743,
UNH,1032,OneDay,2023-02-27T00:00:00Z,486.3194,490.0139,481.1272,482.5052,
UNH,1032,OneDay,2023-02-28T00:00:00Z,478.7009,481.4268,473.1792,475.5157,
UNH,1032,OneDay,2023-03-01T00:00:00Z,472.3404,477.4128,471.3519,474.4373,
UNH,1032,OneDay,2023-03-02T00:00:00Z,474.5471,479.6295,472.5102,476.7638,
UNH,1032,OneDay,2023-03-03T00:00:00Z,477.6025,477.7823,473.4488,477.7823,
UNH,1032,OneDay,2023-03-06T00:00:00Z,479.3998,483.4537,478.2815,480.0389,
UNH,1032,OneDay,2023-03-07T00:00:00Z,481.4967,482.7248,471.6814,472.7997,
UNH,1032,OneDay,2023-03-08T00:00:00Z,471.1522,474.2875,466.0099,469.6744,
UNH,1032,OneDay,2023-03-09T00:00:00Z,471.7413,472.5202,462.8347,464.3025,
UNH,1032,OneDay,2023-03-10T00:00:00Z,462.5252,468.0768,456.8936,459.3899,
UNH,1032,OneDay,2023-03-13T00:00:00Z,458.631,469.5247,457.8821,462.7349,
UNH,1032,OneDay,2023-03-14T00:00:00Z,462.655,469.0154,458.3115,463.4039,
UNH,1032,OneDay,2023-03-15T00:00:00Z,459.5097,467.9071,458.3115,464.3125,
UNH,1032,OneDay,2023-03-16T00:00:00Z,462.8048,472.61,462.2256,471.2521,
UNH,1032,OneDay,2023-03-17T00:00:00Z,470.5232,471.2121,465.4508,468.7059,
UNH,1032,OneDay,2023-03-20T00:00:00Z,468.8457,479.0104,468.8457,475.7753,
UNH,1032,OneDay,2023-03-21T00:00:00Z,478.0818,480.5281,474.9365,478.6909,
UNH,1032,OneDay,2023-03-22T00:00:00Z,480.9874,484.6519,474.0578,474.0578,
UNH,1032,OneDay,2023-03-23T00:00:00Z,475.1262,479.6494,465.8901,469.0454,
UNH,1032,OneDay,2023-03-24T00:00:00Z,468.1567,476.0848,466.5791,475.0164,
UNH,1032,OneDay,2023-03-27T00:00:00Z,483.8132,485.2311,477.7922,480.8676,
UNH,1032,OneDay,2023-03-28T00:00:00Z,481.4967,482.9245,469.964,471.9011,
UNH,1032,OneDay,2023-03-29T00:00:00Z,474.4073,474.4073,464.2426,465.8003,
UNH,1032,OneDay,2023-03-30T00:00:00Z,465.3409,469.6045,460.3185,469.2051,
UNH,1032,OneDay,2023-03-31T00:00:00Z,469.7343,475.1462,469.3849,471.6714,
UNH,1032,OneDay,2023-04-03T00:00:00Z,484.7718,495.3259,482.4253,493.3988,
UNH,1032,OneDay,2023-04-04T00:00:00Z,491.6414,495.1162,490.8726,492.2705,
UNH,1032,OneDay,2023-04-05T00:00:00Z,495.7553,510.9225,495.266,508.586,
UNH,1032,OneDay,2023-04-06T00:00:00Z,509.7942,513.0293,506.3593,511.8011,
UNH,1032,OneDay,2023-04-10T00:00:00Z,509.884,514.537,507.248,514.3473,
UNH,1032,OneDay,2023-04-11T00:00:00Z,515.1062,521.3468,514.2375,519.9988,
UNH,1032,OneDay,2023-04-12T00:00:00Z,522.7347,525.8201,519.25,520.3882,
UNH,1032,OneDay,2023-04-13T00:00:00Z,522.2155,529.5844,519.6993,525.3508,
UNH,1032,OneDay,2023-04-14T00:00:00Z,519.909,526.1895,507.5775,510.6229,
UNH,1032,OneDay,2023-04-17T00:00:00Z,508.0168,508.1367,501.9759,504.2824,
UNH,1032,OneDay,2023-04-18T00:00:00Z,502.3154,506.0797,497.3928,503.5535,
UNH,1032,OneDay,2023-04-19T00:00:00Z,500.0288,500.6978,482.8846,485.5306,
UNH,1032,OneDay,2023-04-20T00:00:00Z,484.4822,488.8157,482.605,486.599,
UNH,1032,OneDay,2023-04-21T00:00:00Z,489.295,489.8341,481.4168,482.9645,
UNH,1032,OneDay,2023-04-24T00:00:00Z,483.1342,489.3948,481.8362,487.8272,
UNH,1032,OneDay,2023-04-25T00:00:00Z,491.2121,497.5026,489.3249,491.0823,
UNH,1032,OneDay,2023-04-26T00:00:00Z,484.3823,486.6989,477.6125,482.2955,
UNH,1032,OneDay,2023-04-27T00:00:00Z,481.8262,490.1537,481.8262,489.6744,
UNH,1032,OneDay,2023-04-28T00:00:00Z,488.1167,493.1592,487.3279,491.1222,
UNH,1032,OneDay,2023-05-01T00:00:00Z,493.5685,498.571,490.8826,494.617,
UNH,1032,OneDay,2023-05-02T00:00:00Z,494.7667,495.8351,488.5161,492.4203,
UNH,1032,OneDay,2023-05-03T00:00:00Z,493.259,494.2775,487.268,488.4362,
UNH,1032,OneDay,2023-05-04T00:00:00Z,486.5091,488.7158,481.0573,486.2795,
UNH,1032,OneDay,2023-05-05T00:00:00Z,491.7912,499.9589,491.3319,493.1991,
UNH,1032,OneDay,2023-05-08T00:00:00Z,491.3619,493.4687,487.4178,491.6115,
UNH,1032,OneDay,2023-05-09T00:00:00Z,491.8311,498.4212,489.5646,489.5745,
UNH,1032,OneDay,2023-05-10T00:00:00Z,488.5361,492.59,486.6489,489.1951,
UNH,1032,OneDay,2023-05-11T00:00:00Z,487.3379,489.2251,484.8716,487.4877,
UNH,1032,OneDay,2023-05-12T00:00:00Z,488.1667,492.0608,487.0383,490.4033,
UNH,1032,OneDay,2023-05-15T00:00:00Z,490.3434,490.5631,482.9745,485.7902,
UNH,1032,OneDay,2023-05-16T00:00:00Z,486.3594,488.0868,478.2815,478.9705,
UNH,1032,OneDay,2023-05-17T00:00:00Z,479.5396,484.592,476.8137,483.973,
UNH,1032,OneDay,2023-05-18T00:00:00Z,481.6864,481.6864,473.1193,478.1617,
UNH,1032,OneDay,2023-05-19T00:00:00Z,478.5012,483.913,477.1033,477.962,
UNH,1032,OneDay,2023-05-22T00:00:00Z,478.8307,481.297,476.9835,479.8791,956923.0
UNH,1032,OneDay,2023-05-23T00:00:00Z,475.3859,482.5551,471.6115,478.7009,1177439.0
UNH,1032,OneDay,2023-05-24T00:00:00Z,479.8991,482.4153,477.8521,480.0389,822051.0
UNH,1032,OneDay,2023-05-25T00:00:00Z,476.3943,480.9175,473.6584,476.9335,1031905.0
UNH,1032,OneDay,2023-05-26T00:00:00Z,477.283,487.4178,477.283,480.4383,1122716.0
UNH,1032,OneDay,2023-05-30T00:00:00Z,475.6155,485.0314,475.316,479.31,1168284.0
UNH,1032,OneDay,2023-05-31T00:00:00Z,477.4527,486.2795,476.4243,485.93,1190537.0
UNH,1032,OneDay,2023-06-01T00:00:00Z,486.7787,497.942,485.271,492.7198,1567126.0
UNH,1032,OneDay,2023-06-02T00:00:00Z,491.1122,500.2185,489.5146,498.6409,1137360.0
UNH,1032,OneDay,2023-06-05T00:00:00Z,499.25,501.8761,496.6339,497.263,1131124.0
UNH,1032,OneDay,2023-06-06T00:00:00Z,497.283,497.3828,482.8746,486.6789,2003195.0
UNH,1032,OneDay,2023-06-07T00:00:00Z,487.7273,489.3649,480.7877,481.4467,1683799.0
UNH,1032,OneDay,2023-06-08T00:00:00Z,482.3055,490.9924,481.3569,489.4347,1120647.0
UNH,1032,OneDay,2023-06-09T00:00:00Z,487.8971,497.223,486.4892,492.8995,929413.0
UNH,1032,OneDay,2023-06-12T00:00:00Z,491.6814,493.279,487.917,491.921,877546.0
UNH,1032,OneDay,2023-06-13T00:00:00Z,490.0139,493.6484,487.8671,490.5531,1210303.0
UNH,1032,OneDay,2023-06-14T00:00:00Z,451.5317,459.8592,445.0315,459.29,7392314.0
UNH,1032,OneDay,2023-06-15T00:00:00Z,460.5981,471.1422,460.009,465.0314,3300789.0
UNH,1032,OneDay,2023-06-16T00:00:00Z,465.5806,467.6075,457.2231,457.7124,2662580.0
UNH,1032,OneDay,2023-06-20T00:00:00Z,456.7339,469.7244,456.2945,468.656,2160889.0
UNH,1032,OneDay,2023-06-21T00:00:00Z,467.2481,478.5811,466.4093,476.2146,2143842.0
UNH,1032,OneDay,2023-06-22T00:00:00Z,479.969,482.2555,477.0533,478.1217,1369449.0
UNH,1032,OneDay,2023-06-23T00:00:00Z,477.4827,481.4368,475.8352,475.955,1370285.0
UNH,1032,OneDay,2023-06-26T00:00:00Z,476.0249,480.5281,472.3005,478.2316,1236436.0
UNH,1032,OneDay,2023-06-27T00:00:00Z,477.273,482.3055,477.0034,481.7263,1367607.0
UNH,1032,OneDay,2023-06-28T00:00:00Z,480.8876,481.0773,473.259,473.4787,1539465.0
UNH,1032,OneDay,2023-06-29T00:00:00Z,474.2376,478.8307,472.2905,475.4458,1393534.0
UNH,1032,OneDay,2023-07-03T00:00:00Z,476.6939,479.3399,475.5856,477.0234,779840.0
UNH,1032,OneDay,2023-07-05T00:00:00Z,475.1862,475.7154,469.8941,470.3834,2175997.0
UNH,1032,OneDay,2023-07-06T00:00:00Z,469.1552,471.5616,465.8302,468.5062,1715369.0
UNH,1032,OneDay,2023-07-07T00:00:00Z,464.3924,467.8272,460.1687,460.658,1874108.0
UNH,1032,OneDay,2023-07-10T00:00:00Z,459.6495,462.3654,458.4513,461.9361,1622848.0
UNH,1032,OneDay,2023-07-11T00:00:00Z,461.5167,465.7903,460.4483,462.1258,1349630.0
UNH,1032,OneDay,2023-07-12T00:00:00Z,462.1857,463.324,450.7029,450.8727,3495018.0
UNH,1032,OneDay,2023-07-13T00:00:00Z,452.2506,453.5487,446.4793,446.8787,3618541.0
UNH,1032,OneDay,2023-07-14T00:00:00Z,460.8677,484.1826,460.3784,478.7907,4996555.0
UNH,1032,OneDay,2023-07-17T00:00:00Z,479.8292,483.7333,477.6125,483.1941,2069447.0
UNH,1032,OneDay,2023-07-18T00:00:00Z,487.7573,503.5635,486.7688,499.1601,3650084.0
UNH,1032,OneDay,2023-07-19T00:00:00Z,507.0782,513.4686,501.6065,503.0443,2229402.0
UNH,1032,OneDay,2023-07-20T00:00:00Z,506.8086,507.7273,499.7493,503.3339,1156471.0
UNH,1032,OneDay,2023-07-24T00:00:00Z,504.2824,508.7757,503.8431,507.7772,911445.0
UNH,1032,OneDay,2023-07-25T00:00:00Z,507.7273,511.6913,506.2695,510.2335,987713.0
UNH,1032,OneDay,2023-07-26T00:00:00Z,510.3433,515.0163,505.91,507.1282,1573631.0
UNH,1032,OneDay,2023-07-27T00:00:00Z,507.2879,509.3748,502.2954,504.4522,1456425.0
UNH,1032,OneDay,2023-07-28T00:00:00Z,503.7932,505.1212,496.4941,502.1057,1249984.0
UNH,1032,OneDay,2023-07-31T00:00:00Z,501.4467,506.9984,498.2515,505.4707,907635.0
UNH,1032,OneDay,2023-08-01T00:00:00Z,506.569,509.0752,501.6863,503.7532,746981.0
UNH,1032,OneDay,2023-08-02T00:00:00Z,508.6059,509.2749,502.0758,503.8131,1465663.0
UNH,1032,OneDay,2023-08-03T00:00:00Z,501.6764,505.0713,500.1387,503.9929,940914.0
UNH,1032,OneDay,2023-08-04T00:00:00Z,507.9869,509.884,500.9974,501.886,982731.0
UNH,1032,OneDay,2023-08-07T00:00:00Z,502.8146,512.7697,502.8146,509.884,1017662.0
UNH,1032,OneDay,2023-08-08T00:00:00Z,501.5066,506.9385,499.26,504.9315,1030351.0
UNH,1032,OneDay,2023-08-09T00:00:00Z,503.0743,504.6519,500.0987,501.267,751658.0
UNH,1032,OneDay,2023-08-10T00:00:00Z,503.3838,511.1122,501.906,502.5151,869031.0
UNH,1032,OneDay,2023-08-11T00:00:00Z,504.9215,509.7243,502.7547,507.0982,837113.0
UNH,1032,OneDay,2023-08-14T00:00:00Z,509.1651,512.55,507.218,509.934,851331.0
UNH,1032,OneDay,2023-08-15T00:00:00Z,510.4532,512.1207,505.4906,505.92,669440.0
UNH,1032,OneDay,2023-08-16T00:00:00Z,506.0298,509.5945,501.9959,502.9445,619652.0
UNH,1032,OneDay,2023-08-17T00:00:00Z,493.259,500.1786,491.0224,493.3089,1162262.0
UNH,1032,OneDay,2023-08-18T00:00:00Z,493.0593,500.1487,492.0908,497.952,854067.0
UNH,1032,OneDay,2023-08-21T00:00:00Z,496.1147,499.27,495.4058,496.9535,643790.0
UNH,1032,OneDay,2023-08-22T00:00:00Z,494.2974,495.8751,490.593,491.5715,852931.0
UNH,1032,OneDay,2023-08-23T00:00:00Z,491.921,492.9495,487.1881,488.4762,762938.0
UNH,1032,OneDay,2023-08-24T00:00:00Z,489.265,494.4772,486.3793,487.3079,944783.0
UNH,1032,OneDay,2023-08-25T00:00:00Z,488.3264,490.2735,483.8531,488.2965,829221.0
UNH,1032,OneDay,2023-08-28T00:00:00Z,489.265,492.2605,488.3664,490.5431,629197.0
UNH,1032,OneDay,2023-08-29T00:00:00Z,490.4033,492.1007,487.0383,492.0708,812672.0
UNH,1032,OneDay,2023-08-30T00:00:00Z,493.269,495.8651,489.5046,490.6529,878177.0
UNH,1032,OneDay,2023-08-31T00:00:00Z,491.6215,492.8496,475.4657,476.0349,1733517.0
UNH,1032,OneDay,2023-09-01T00:00:00Z,477.5426,479.5995,472.5801,475.316,1306893.0
UNH,1032,OneDay,2023-09-05T00:00:00Z,477.0134,483.6934,477.0134,480.0688,1355791.0
UNH,1032,OneDay,2023-09-06T00:00:00Z,480.608,482.2256,475.5856,476.0449,1044421.0
UNH,1032,OneDay,2023-09-07T00:00:00Z,477.8821,486.2995,477.8821,484.1627,1227172.0
UNH,1032,OneDay,2023-09-08T00:00:00Z,480.7678,482.1157,478.0319,480.2485,770621.0
UNH,1032,OneDay,2023-09-11T00:00:00Z,480.4582,483.0843,477.253,478.3214,812503.0
UNH,1032,OneDay,2023-09-12T00:00:00Z,475.8951,482.7947,471.1722,479.27,860013.0
UNH,1032,OneDay,2023-09-13T00:00:00Z,479.949,483.1242,478.7308,478.8906,957106.0
UNH,1032,OneDay,2023-09-14T00:00:00Z,481.6165,484.4622,477.932,482.9245,849829.0
UNH,1032,OneDay,2023-09-15T00:00:00Z,483.4737,488.9455,483.0943,485.6804,1180208.0
UNH,1032,OneDay,2023-09-18T00:00:00Z,486.7288,486.7288,482.6949,485.3309,783457.0
UNH,1032,OneDay,2023-09-19T00:00:00Z,482.5251,484.4323,475.8252,479.949,1292369.0
UNH,1032,OneDay,2023-09-20T00:00:00Z,481.0673,494.2575,478.3714,491.232,1536607.0
UNH,1032,OneDay,2023-09-21T00:00:00Z,494.5571,504.2425,491.8311,500.2984,2258258.0
UNH,1032,OneDay,2023-09-22T00:00:00Z,497.952,508.5261,497.3728,505.3908,1903156.0
UNH,1032,OneDay,2023-09-25T00:00:00Z,506.7587,510.0837,505.7502,509.5246,1023778.0
UNH,1032,OneDay,2023-09-26T00:00:00Z,507.238,508.1466,503.5935,504.7917,958137.0
UNH,1032,OneDay,2023-09-27T00:00:00Z,503.8631,505.5306,500.2884,503.0643,1151381.0
UNH,1032,OneDay,2023-09-28T00:00:00Z,504.2425,513.219,504.2425,509.225,1111853.0
UNH,1032,OneDay,2023-09-29T00:00:00Z,508.1866,508.1866,503.0243,503.1142,1063662.0
UNH,1032,OneDay,2023-10-02T00:00:00Z,503.883,513.898,502.0458,513.6284,1357998.0
UNH,1032,OneDay,2023-10-03T00:00:00Z,511.6514,512.8096,507.6274,508.576,1371539.0
UNH,1032,OneDay,2023-10-04T00:00:00Z,508.4262,510.8526,505.89,509.4647,935568.0
UNH,1032,OneDay,2023-10-05T00:00:00Z,510.2435,517.193,509.8641,515.216,1030315.0
UNH,1032,OneDay,2023-10-09T00:00:00Z,521.1172,525.9898,521.0972,525.4806,1059926.0
UNH,1032,OneDay,2023-10-10T00:00:00Z,524.5121,527.208,522.1855,523.3738,930729.0
UNH,1032,OneDay,2023-10-12T00:00:00Z,523.4137,527.5974,521.4067,524.9115,989857.0
UNH,1032,OneDay,2023-10-13T00:00:00Z,532.4501,543.3537,531.5215,538.3313,2493142.0
UNH,1032,OneDay,2023-10-16T00:00:00Z,541.1271,545.5704,535.196,537.3328,1626632.0
UNH,1032,OneDay,2023-10-17T00:00:00Z,538.6808,541.2669,533.6983,535.7951,1203585.0
UNH,1032,OneDay,2023-10-18T00:00:00Z,540.7976,542.4651,534.7167,535.1261,963998.0
UNH,1032,OneDay,2023-10-19T00:00:00Z,536.0347,536.0347,528.3862,530.543,1044336.0
UNH,1032,OneDay,2023-10-20T00:00:00Z,531.0522,532.9294,525.89,526.0597,1045710.0
UNH,1032,OneDay,2023-10-23T00:00:00Z,526.1895,526.6888,519.3798,520.8076,1019089.0
UNH,1032,OneDay,2023-10-24T00:00:00Z,521.4966,529.5645,521.2569,524.2125,762714.0
UNH,1032,OneDay,2023-10-25T00:00:00Z,525.7302,531.3618,519.2999,529.3448,1109229.0
UNH,1032,OneDay,2023-10-26T00:00:00Z,524.5919,529.5844,521.0972,527.4077,1079182.0
UNH,1032,OneDay,2023-10-30T00:00:00Z,524.522,530.8625,521.5465,529.2649,1135183.0
UNH,1032,OneDay,2023-10-31T00:00:00Z,533.888,535.7751,530.4431,534.5769,892012.0
UNH,1032,OneDay,2023-11-01T00:00:00Z,527.5076,534.9164,525.8001,530.4731,1077846.0
UNH,1032,OneDay,2023-11-02T00:00:00Z,530.2434,535.9349,525.5904,535.3458,985669.0
UNH,1032,OneDay,2023-11-03T00:00:00Z,533.7082,534.3573,527.9469,529.7841,1237235.0
UNH,1032,OneDay,2023-11-06T00:00:00Z,531.0123,535.1261,529.205,532.7097,1029925.0
UNH,1032,OneDay,2023-11-07T00:00:00Z,533.6583,538.7207,530.5829,537.0932,969143.0
UNH,1032,OneDay,2023-11-08T00:00:00Z,538.0717,540.2384,533.1191,535.7951,694641.0
UNH,1032,OneDay,2023-11-09T00:00:00Z,536.7437,539.7292,533.199,538.1016,820427.0
UNH,1032,OneDay,2023-11-10T00:00:00Z,540.0387,541.4067,535.0962,540.1186,911522.0
UNH,1032,OneDay,2023-11-13T00:00:00Z,539.2998,543.0742,536.6139,541.6463,669597.0
UNH,1032,OneDay,2023-11-14T00:00:00Z,537.2629,541.7062,535.176,539.22,979880.0
UNH,1032,OneDay,2023-11-15T00:00:00Z,538.7806,538.7806,530.513,537.5624,1037503.0
UNH,1032,OneDay,2023-11-16T00:00:00Z,537.4926,543.833,536.6938,538.9304,876803.0
UNH,1032,OneDay,2023-11-17T00:00:00Z,537.203,537.8021,527.5475,535.4756,949051.0
UNH,1032,OneDay,2023-11-20T00:00:00Z,532.2005,535.5155,530.8625,534.2574,998934.0
UNH,1032,OneDay,2023-11-21T00:00:00Z,535.4856,540.8076,533.3987,538.6908,986632.0
UNH,1032,OneDay,2023-11-22T00:00:00Z,541.1371,543.5435,539.3997,542.7746,1023861.0
UNH,1032,OneDay,2023-11-24T00:00:00Z,543.1441,546.6987,543.1441,546.3692,463876.0
UNH,1032,OneDay,2023-11-27T00:00:00Z,547.178,549.5345,540.7377,542.8645,927917.0
UNH,1032,OneDay,2023-11-28T00:00:00Z,543.2938,544.9214,539.2599,539.6293,920971.0
UNH,1032,OneDay,2023-11-29T00:00:00Z,528.1166,540.3283,527.867,534.1775,1923131.0
UNH,1032,OneDay,2023-11-30T00:00:00Z,534.6468,553.0791,533.199,552.3203,3706697.0
UNH,1032,OneDay,2023-12-05T00:00:00Z,548.2963,551.6213,544.4221,549.4146,1110469.0
UNH,1032,OneDay,2023-12-06T00:00:00Z,546.4092,550.5529,546.1396,548.7057,868550.0
UNH,1032,OneDay,2023-12-07T00:00:00Z,549.5844,549.8839,543.7531,547.3577,993684.0
UNH,1032,OneDay,2023-12-08T00:00:00Z,549.1251,550.8725,543.7132,548.8255,683161.0
UNH,1032,OneDay,2023-12-11T00:00:00Z,548.4161,548.6059,538.1915,542.5949,1228709.0
UNH,1032,OneDay,2023-12-12T00:00:00Z,546.0197,546.0297,541.886,544.3123,901635.0
UNH,1032,OneDay,2023-12-13T00:00:00Z,541.187,548.3063,537.6923,547.9968,1081821.0
UNH,1032,OneDay,2023-12-14T00:00:00Z,538.7007,541.4866,528.566,533.4386,2335626.0
UNH,1032,OneDay,2023-12-18T00:00:00Z,528.3663,530.1037,524.4422,525.3708,1460681.0
UNH,1032,OneDay,2023-12-19T00:00:00Z,522.4252,526.6488,520.9873,522.7946,1298762.0
UNH,1032,OneDay,2023-12-20T00:00:00Z,521.886,523.5036,515.5056,515.5056,1520219.0
UNH,1032,OneDay,2023-12-21T00:00:00Z,517.4527,519.899,515.7352,519.0702,1068138.0
UNH,1032,OneDay,2023-12-22T00:00:00Z,519.3398,521.876,517.253,519.5695,788579.0
UNH,1032,OneDay,2023-12-26T00:00:00Z,517.223,520.5979,517.1431,519.0902,558490.0
UNH,1032,OneDay,2023-12-27T00:00:00Z,518.9205,522.0657,518.2215,521.9459,637874.0
UNH,1032,OneDay,2023-12-28T00:00:00Z,522.0058,526.9883,522.0058,524.0527,743879.0
UNH,1032,OneDay,2023-12-29T00:00:00Z,524.6119,527.3877,523.214,525.6803,641209.0
UNH,1032,OneDay,2024-01-02T00:00:00Z,526.4491,538.5909,526.2295,538.5909,1380661.0
UNH,1032,OneDay,2024-01-03T00:00:00Z,542.1955,545.85,538.521,541.0672,1137834.0
UNH,1032,OneDay,2024-01-04T00:00:00Z,543.4935,548.0167,541.9259,544.5619,1050624.0
UNH,1032,OneDay,2024-01-08T00:00:00Z,537.6923,539.1501,526.9983,535.6453,1044024.0
UNH,1032,OneDay,2024-01-09T00:00:00Z,537.203,538.7007,531.6513,537.3528,1073865.0
UNH,1032,OneDay,2024-01-10T00:00:00Z,536.7836,540.1885,535.3158,537.0233,928327.0
UNH,1032,OneDay,2024-01-11T00:00:00Z,535.7651,539.3298,533.229,538.8305,1144761.0
UNH,1032,OneDay,2024-01-16T00:00:00Z,522.2155,523.0642,515.9349,518.1616,1587970.0
UNH,1032,OneDay,2024-01-17T00:00:00Z,520.4981,529.6443,519.6394,524.0727,1775854.0
UNH,1032,OneDay,2024-01-18T00:00:00Z,502.7048,515.9849,496.6439,515.6054,3424146.0
UNH,1032,OneDay,2024-01-19T00:00:00Z,513.4786,516.0048,501.0573,501.8761,2555722.0
UNH,1032,OneDay,2024-01-22T00:00:00Z,499.3499,512.7597,495.6155,512.4502,2465512.0
UNH,1032,OneDay,2024-01-23T00:00:00Z,511.3918,517.1331,511.3918,514.6469,1219468.0
UNH,1032,OneDay,2024-01-24T00:00:00Z,517.9819,520.6179,512.1606,512.2605,1239173.0
UNH,1032,OneDay,2024-01-25T00:00:00Z,485.6205,494.3673,478.2915,492.3703,8428317.0
UNH,1032,OneDay,2024-01-26T00:00:00Z,492.2605,502.8546,489.265,502.3753,3130623.0
UNH,1032,OneDay,2024-01-29T00:00:00Z,502.2555,505.7403,500.3883,503.5336,2071301.0
UNH,1032,OneDay,2024-01-30T00:00:00Z,503.4437,505.231,498.4612,502.595,2112337.0
UNH,1032,OneDay,2024-01-31T00:00:00Z,503.8331,514.0178,503.8331,511.2719,2094919.0
UNH,1032,OneDay,2024-02-01T00:00:00Z,506.9285,509.255,502.0758,506.2495,1916763.0
UNH,1032,OneDay,2024-02-02T00:00:00Z,508.4062,512.1007,504.6219,509.1751,1639423.0
UNH,1032,OneDay,2024-02-05T00:00:00Z,512.8496,512.8496,499.3499,501.926,1607807.0
UNH,1032,OneDay,2024-02-06T00:00:00Z,502.7348,510.0737,501.3469,509.9839,1254655.0
UNH,1032,OneDay,2024-02-07T00:00:00Z,513.4287,519.9988,512.3903,518.561,1673149.0
UNH,1032,OneDay,2024-02-08T00:00:00Z,519.22,521.1371,516.584,519.19,1537888.0
UNH,1032,OneDay,2024-02-09T00:00:00Z,517.7522,519.1701,515.4457,516.2545,1094494.0
UNH,1032,OneDay,2024-02-12T00:00:00Z,515.9849,517.922,511.9409,516.8735,1073217.0
UNH,1032,OneDay,2024-02-13T00:00:00Z,519.6094,525.7003,513.4087,515.8451,1228541.0
UNH,1032,OneDay,2024-02-14T00:00:00Z,513.6184,517.203,513.5585,515.6254,868547.0
UNH,1032,OneDay,2024-02-15T00:00:00Z,515.226,520.8276,515.1162,519.859,976645.0
UNH,1032,OneDay,2024-02-16T00:00:00Z,520.0987,522.9744,518.0717,520.538,941074.0
UNH,1032,OneDay,2024-02-20T00:00:00Z,522.8446,524.4322,518.6209,520.2285,911415.0
UNH,1032,OneDay,2024-02-21T00:00:00Z,522.2554,522.2554,516.574,520.8975,987235.0
UNH,1032,OneDay,2024-02-22T00:00:00Z,522.6049,525.88,517.7822,525.6404,1298669.0
UNH,1032,OneDay,2024-02-23T00:00:00Z,525.9998,529.4247,523.214,526.5889,1010389.0
UNH,1032,OneDay,2024-02-26T00:00:00Z,526.4092,531.4716,523.4736,524.4721,1186592.0
UNH,1032,OneDay,2024-02-27T00:00:00Z,522.6648,524.7018,511.2819,512.5101,1759856.0
UNH,1032,OneDay,2024-02-28T00:00:00Z,493.259,497.6923,483.6634,497.1132,5403899.0
UNH,1032,OneDay,2024-02-29T00:00:00Z,496.2545,500.3384,490.9425,492.5401,2910018.0
UNH,1032,OneDay,2024-03-01T00:00:00Z,488.2365,489.0653,476.4043,488.8756,3675921.0
UNH,1032,OneDay,2024-03-04T00:00:00Z,481.916,486.1996,479.4697,481.1572,2322002.0
UNH,1032,OneDay,2024-03-05T00:00:00Z,481.0074,481.0374,469.8142,472.5301,2681160.0
UNH,1032,OneDay,2024-03-06T00:00:00Z,474.7868,478.8806,467.4977,471.7313,2723601.0
UNH,1032,OneDay,2024-03-07T00:00:00Z,473.279,480.2186,472.8197,478.2016,2883955.0
UNH,1032,OneDay,2024-03-08T00:00:00Z,477.2131,483.4238,474.0678,475.6654,2265742.0
UNH,1032,OneDay,2024-03-11T00:00:00Z,476.2845,489.4647,475.4657,487.9869,2098858.0
UNH,1032,OneDay,2024-03-12T00:00:00Z,487.5476,491.4817,486.5191,488.5161,1312638.0
UNH,1032,OneDay,2024-03-13T00:00:00Z,492.0508,495.1562,484.5321,487.268,1327062.0
UNH,1032,OneDay,2024-03-14T00:00:00Z,487.5676,488.7957,484.4422,488.2565,1323781.0
UNH,1032,OneDay,2024-03-15T00:00:00Z,485.5007,490.3534,485.5007,490.1836,1520238.0
UNH,1032,OneDay,2024-03-18T00:00:00Z,490.0838,490.3434,485.4607,486.0099,1116488.0
UNH,1032,OneDay,2024-03-19T00:00:00Z,488.7058,492.6399,486.6389,492.3104,929870.0
UNH,1032,OneDay,2024-03-20T00:00:00Z,491.262,493.8082,488.6459,493.3489,1429386.0
UNH,1032,OneDay,2024-03-21T00:00:00Z,490.573,495.256,490.573,490.8426,1586935.0
UNH,1032,OneDay,2024-03-22T00:00:00Z,492.4003,494.4672,488.9155,488.9155,1179715.0
UNH,1032,OneDay,2024-03-25T00:00:00Z,489.265,489.3349,483.3139,484.7618,1184373.0
UNH,1032,OneDay,2024-03-26T00:00:00Z,485.281,492.5401,484.5022,491.3119,1380860.0
UNH,1032,OneDay,2024-03-27T00:00:00Z,492.5601,494.607,490.583,492.3004,1185238.0
UNH,1032,OneDay,2024-03-28T00:00:00Z,493.6085,494.7568,488.5661,493.3988,1455432.0
UNH,1032,OneDay,2024-04-01T00:00:00Z,493.239,494.577,487.967,488.3963,1135386.0
UNH,1032,OneDay,2024-04-02T00:00:00Z,459.5896,462.6849,448.9056,457.1433,6524718.0
UNH,1032,OneDay,2024-04-03T00:00:00Z,459.4797,461.956,454.647,459.0204,2108063.0
UNH,1032,OneDay,2024-04-04T00:00:00Z,460.1388,460.5481,451.2421,454.4373,2572123.0
UNH,1032,OneDay,2024-04-05T00:00:00Z,449.5447,456.9336,449.5447,454.9266,3350305.0
UNH,1032,OneDay,2024-04-08T00:00:00Z,454.4673,456.3544,452.8198,455.5057,2345767.0
UNH,1032,OneDay,2024-04-09T00:00:00Z,452.0309,458.9705,451.8213,458.9705,1819214.0
UNH,1032,OneDay,2024-04-10T00:00:00Z,457.313,457.323,449.0953,449.4848,2229178.0
UNH,1032,OneDay,2024-04-11T00:00:00Z,448.3265,449.325,440.9176,441.0375,2839049.0
UNH,1032,OneDay,2024-04-12T00:00:00Z,439.2102,441.337,435.7354,438.1218,3048685.0
UNH,1032,OneDay,2024-04-15T00:00:00Z,441.7763,447.6176,441.3869,445.2312,2412799.0
UNH,1032,OneDay,2024-04-16T00:00:00Z,475.4158,477.8721,464.8217,468.1268,5921893.0
UNH,1032,OneDay,2024-04-17T00:00:00Z,475.955,486.7188,473.7184,478.2615,4266154.0
UNH,1032,OneDay,2024-04-18T00:00:00Z,485.271,500.9674,485.271,492.5601,4208517.0
UNH,1032,OneDay,2024-04-19T00:00:00Z,494.2974,506.3294,494.2974,500.0089,2710204.0
UNH,1032,OneDay,2024-04-22T00:00:00Z,496.3643,498.2815,489.8841,490.3534,2117567.0
UNH,1032,OneDay,2024-04-23T00:00:00Z,488.2665,493.3589,484.2226,485.1911,1860126.0
UNH,1032,OneDay,2024-04-24T00:00:00Z,481.5965,487.9869,479.7693,486.6589,1794574.0
UNH,1032,OneDay,2024-04-26T00:00:00Z,491.0423,496.3843,490.5231,494.4971,1122692.0
UNH,1032,OneDay,2024-04-29T00:00:00Z,494.8466,496.1746,487.0483,488.4662,882730.0
UNH,1032,OneDay,2024-04-30T00:00:00Z,485.3109,486.6889,482.1357,482.4053,966435.0
UNH,1032,OneDay,2024-05-01T00:00:00Z,476.9435,488.3464,476.2845,483.1043,1370880.0
UNH,1032,OneDay,2024-05-02T00:00:00Z,482.8147,492.8696,482.5251,492.3703,1528149.0
UNH,1032,OneDay,2024-05-03T00:00:00Z,489.285,491.8911,484.8317,491.7113,1210090.0
UNH,1032,OneDay,2024-05-06T00:00:00Z,492.9295,493.918,491.282,493.6384,906278.0
UNH,1032,OneDay,2024-05-07T00:00:00Z,494.2775,500.8476,494.2775,500.2984,1491872.0
UNH,1032,OneDay,2024-05-08T00:00:00Z,503.1941,505.8501,499.1302,502.4152,1314424.0
UNH,1032,OneDay,2024-05-09T00:00:00Z,500.9774,507.1282,500.9774,506.1596,988104.0
UNH,1032,OneDay,2024-05-13T00:00:00Z,510.7827,513.5385,506.5291,510.8426,1203855.0
UNH,1032,OneDay,2024-05-14T00:00:00Z,512.1806,515.3458,506.599,513.1491,1466483.0
UNH,1032,OneDay,2024-05-15T00:00:00Z,513.1891,521.5964,513.1891,516.6139,1254228.0
UNH,1032,OneDay,2024-05-16T00:00:00Z,519.3099,527.2579,518.7108,520.5181,1729027.0
UNH,1032,OneDay,2024-05-20T00:00:00Z,522.9744,523.0243,515.7752,516.3343,879264.0
UNH,1032,OneDay,2024-05-21T00:00:00Z,516.8735,523.863,514.6569,522.8046,888084.0
UNH,1032,OneDay,2024-05-22T00:00:00Z,521.0572,525.1711,519.8491,520.4781,992130.0
UNH,1032,OneDay,2024-05-23T00:00:00Z,518.2215,519.24,514.4472,516.0148,1314692.0
UNH,1032,OneDay,2024-05-28T00:00:00Z,504.8216,505.251,501.1472,502.4851,1419240.0
UNH,1032,OneDay,2024-05-29T00:00:00Z,491.262,491.262,472.0908,483.5236,4294655.0
UNH,1032,OneDay,2024-05-30T00:00:00Z,481.3669,484.5421,477.2131,480.9974,2612662.0
UNH,1032,OneDay,2024-05-31T00:00:00Z,481.6365,497.4527,481.6365,495.8351,1969534.0
UNH,1032,OneDay,2024-06-03T00:00:00Z,492.8097,497.5725,492.2605,496.7538,1404593.0
UNH,1032,OneDay,2024-06-04T00:00:00Z,496.2545,507.3179,493.8481,504.3523,1584182.0
UNH,1032,OneDay,2024-06-05T00:00:00Z,507.0683,507.5176,497.922,502.1257,1052402.0
UNH,1032,OneDay,2024-06-06T00:00:00Z,502.2255,503.7932,496.4842,501.0773,1190099.0
UNH,1032,OneDay,2024-06-07T00:00:00Z,499.9989,500.2485,489.5046,489.5046,1524273.0
UNH,1032,OneDay,2024-06-10T00:00:00Z,490.2635,494.4672,485.4607,494.0378,1628227.0
UNH,1032,OneDay,2024-06-11T00:00:00Z,489.5146,496.4342,489.265,495.4158,1346922.0
UNH,1032,OneDay,2024-06-12T00:00:00Z,497.902,498.2016,486.6689,490.8027,1660649.0
UNH,1032,OneDay,2024-06-13T00:00:00Z,489.8641,500.9874,483.5835,496.2146,1884210.0
UNH,1032,OneDay,2024-06-14T00:00:00Z,494.9565,497.0433,490.2635,495.905,1305276.0
UNH,1032,OneDay,2024-06-17T00:00:00Z,489.924,491.7812,487.8971,488.4962,1093092.0
UNH,1032,OneDay,2024-06-18T00:00:00Z,488.6959,489.6344,478.5012,480.1787,1607776.0
UNH,1032,OneDay,2024-06-20T00:00:00Z,478.3714,485.0314,477.0533,483.274,2157267.0
UNH,1032,OneDay,2024-06-21T00:00:00Z,482.4752,487.268,479.8292,481.7064,1313931.0
UNH,1032,OneDay,2024-06-24T00:00:00Z,485.281,489.904,483.4537,489.1152,1668684.0
UNH,1032,OneDay,2024-06-25T00:00:00Z,487.7673,489.235,479.8192,483.6534,1243688.0
UNH,1032,OneDay,2024-06-26T00:00:00Z,483.7733,486.5491,480.7278,483.5736,1629024.0
UNH,1032,OneDay,2024-06-27T00:00:00Z,484.3324,488.0169,481.277,485.7103,1315352.0
UNH,1032,OneDay,2024-06-28T00:00:00Z,493.7583,507.8271,488.4562,507.248,4045899.0
UNH,1032,OneDay,2024-07-01T00:00:00Z,504.8017,507.5675,492.2006,494.0278,2213532.0
UNH,1032,OneDay,2024-07-02T00:00:00Z,494.5571,497.3728,492.6499,497.253,1542880.0
UNH,1032,OneDay,2024-07-03T00:00:00Z,495.3259,496.3943,485.7902,488.7158,1093823.0
UNH,1032,OneDay,2024-07-05T00:00:00Z,487.957,488.4862,483.7733,487.2281,1568959.0
UNH,1032,OneDay,2024-07-08T00:00:00Z,488.2565,493.0593,485.3709,488.626,1882545.0
UNH,1032,OneDay,2024-07-09T00:00:00Z,486.2695,494.5171,485.1412,491.0723,1511934.0
UNH,1032,OneDay,2024-07-10T00:00:00Z,489.9939,500.6978,489.3748,500.3583,1454163.0
UNH,1032,OneDay,2024-07-11T00:00:00Z,495.915,507.8571,495.915,503.9929,1715580.0
UNH,1032,OneDay,2024-07-12T00:00:00Z,505.8201,513.5785,502.5451,510.8825,1567977.0
UNH,1032,OneDay,2024-07-15T00:00:00Z,524.7217,528.9953,513.0293,514.1576,2538574.0
UNH,1032,OneDay,2024-07-16T00:00:00Z,531.4416,548.9553,526.4991,547.5474,5667599.0
UNH,1032,OneDay,2024-07-17T00:00:00Z,552.52,572.7296,552.52,572.6098,5300532.0
UNH,1032,OneDay,2024-07-18T00:00:00Z,563.3637,580.3182,560.4381,563.4735,3651354.0
UNH,1032,OneDay,2024-07-19T00:00:00Z,565.0012,568.476,559.9788,564.472,1870638.0
UNH,1032,OneDay,2024-07-22T00:00:00Z,561.157,562.7546,556.1645,557.4326,1526315.0
UNH,1032,OneDay,2024-07-23T00:00:00Z,557.4026,557.6023,547.188,547.188,1082670.0
UNH,1032,OneDay,2024-07-24T00:00:00Z,555.2659,560.1186,552.0407,558.3612,1427308.0
UNH,1032,OneDay,2024-07-25T00:00:00Z,559.9288,568.6158,557.7321,559.2499,1430008.0
UNH,1032,OneDay,2024-07-26T00:00:00Z,558.8804,577.9318,558.8804,568.506,1495953.0
UNH,1032,OneDay,2024-07-29T00:00:00Z,566.1695,569.7241,560.5479,565.7501,1176464.0
UNH,1032,OneDay,2024-07-30T00:00:00Z,565.6503,578.2813,565.131,575.2059,1984537.0
UNH,1032,OneDay,2024-07-31T00:00:00Z,561.4665,579.8889,561.4665,575.7451,2274077.0
UNH,1032,OneDay,2024-08-01T00:00:00Z,575.3457,585.9398,566.0796,570.6228,1660109.0
UNH,1032,OneDay,2024-08-02T00:00:00Z,577.133,590.1834,574.4171,588.8554,2366510.0
UNH,1032,OneDay,2024-08-05T00:00:00Z,580.8874,585.3307,565.9099,568.7456,2109962.0
UNH,1032,OneDay,2024-08-06T00:00:00Z,566.1595,576.5738,561.2369,567.1879,1317768.0
UNH,1032,OneDay,2024-08-07T00:00:00Z,565.6003,570.0337,555.8849,565.3707,2198525.0
UNH,1032,OneDay,2024-08-08T00:00:00Z,564.1126,571.122,562.9044,565.5903,1144269.0
UNH,1032,OneDay,2024-08-09T00:00:00Z,563.154,564.4321,556.7836,557.832,1331014.0
UNH,1032,OneDay,2024-08-12T00:00:00Z,558.3612,567.9568,558.3612,564.2124,1287974.0
UNH,1032,OneDay,2024-08-13T00:00:00Z,565.151,574.7066,565.151,573.4485,1011932.0
UNH,1032,OneDay,2024-08-14T00:00:00Z,574.7865,580.1984,571.9807,578.7805,1017155.0
UNH,1032,OneDay,2024-08-15T00:00:00Z,578.4211,581.3267,572.3801,578.1315,1092936.0
UNH,1032,OneDay,2024-08-16T00:00:00Z,578.471,579.9488,573.2389,576.7536,774234.0
UNH,1032,OneDay,2024-08-19T00:00:00Z,577.2129,582.3052,575.5853,577.7021,540046.0
UNH,1032,OneDay,2024-08-20T00:00:00Z,578.2114,582.6946,574.1774,579.6692,686539.0
UNH,1032,OneDay,2024-08-21T00:00:00Z,579.13,581.9957,576.3242,576.6238,839247.0
UNH,1032,OneDay,2024-08-22T00:00:00Z,577.133,581.3966,569.6542,577.6522,947930.0
UNH,1032,OneDay,2024-08-23T00:00:00Z,578.8704,584.2224,574.6867,583.793,742119.0
UNH,1032,OneDay,2024-08-26T00:00:00Z,585.5803,591.142,584.8714,585.8699,681004.0
UNH,1032,OneDay,2024-08-27T00:00:00Z,587.4176,591.0721,582.7745,586.0596,602823.0
UNH,1032,OneDay,2024-08-28T00:00:00Z,586.2793,591.771,582.8045,587.3477,649000.0
UNH,1032,OneDay,2024-08-29T00:00:00Z,589.115,591.4914,583.4635,590.3831,805955.0
UNH,1032,OneDay,2024-08-30T00:00:00Z,588.6257,592.1205,585.6103,588.6757,730276.0
UNH,1032,OneDay,2024-09-03T00:00:00Z,590.2633,599.6492,590.1235,597.5224,1462729.0
UNH,1032,OneDay,2024-09-04T00:00:00Z,596.1544,606.5588,596.1544,603.5333,1288698.0
UNH,1032,OneDay,2024-09-05T00:00:00Z,603.6532,603.6532,588.6457,593.9477,934630.0
UNH,1032,OneDay,2024-09-06T00:00:00Z,593.808,599.5493,591.2618,595.9747,1268387.0
UNH,1032,OneDay,2024-09-09T00:00:00Z,595.8149,596.0845,574.1575,592.9592,1503403.0
UNH,1032,OneDay,2024-09-10T00:00:00Z,593.2188,603.6032,590.6327,598.0017,1002648.0
UNH,1032,OneDay,2024-09-11T00:00:00Z,588.3561,590.1135,578.1315,589.0651,1284782.0
UNH,1032,OneDay,2024-09-12T00:00:00Z,584.5119,588.8354,582.1654,587.5973,1374198.0
UNH,1032,OneDay,2024-09-13T00:00:00Z,589.115,596.424,586.0895,593.2688,883970.0
UNH,1032,OneDay,2024-09-16T00:00:00Z,594.0975,597.7121,586.8584,588.3561,984598.0
UNH,1032,OneDay,2024-09-17T00:00:00Z,584.1225,585.4705,575.5254,576.5039,1302552.0
UNH,1032,OneDay,2024-09-18T00:00:00Z,574.1375,583.124,570.9822,579.7091,1157273.0
UNH,1032,OneDay,2024-09-19T00:00:00Z,582.1654,582.7945,573.7381,576.3242,1052448.0
UNH,1032,OneDay,2024-09-20T00:00:00Z,571.2119,577.6822,568.7955,573.6582,1227708.0
UNH,1032,OneDay,2024-09-23T00:00:00Z,574.1375,578.2014,571.122,572.2703,846961.0
UNH,1032,OneDay,2024-09-24T00:00:00Z,569.0252,576.2044,564.2723,574.5569,1322673.0
UNH,1032,OneDay,2024-09-25T00:00:00Z,576.474,579.6792,572.1405,575.136,1229870.0
UNH,1032,OneDay,2024-09-26T00:00:00Z,573.6782,575.5654,569.5444,574.2673,972025.0
UNH,1032,OneDay,2024-09-27T00:00:00Z,575.0561,585.5004,575.0561,580.5579,943556.0
UNH,1032,OneDay,2024-09-30T00:00:00Z,582.9842,585.3706,577.4226,583.6432,840165.0
UNH,1032,OneDay,2024-10-01T00:00:00Z,584.3821,587.5973,579.0401,582.6248,1139266.0
UNH,1032,OneDay,2024-10-02T00:00:00Z,602.9342,602.9342,583.0042,591.3616,1593989.0
UNH,1032,OneDay,2024-10-03T00:00:00Z,588.0566,592.2104,583.2139,591.6712,1148616.0
UNH,1032,OneDay,2024-10-04T00:00:00Z,588.7356,595.096,587.4076,590.0336,1061464.0
UNH,1032,OneDay,2024-10-07T00:00:00Z,586.6587,591.0421,582.475,582.5049,1039738.0
UNH,1032,OneDay,2024-10-08T00:00:00Z,586.0796,587.7171,578.7705,580.3582,917134.0
UNH,1032,OneDay,2024-10-09T00:00:00Z,580.7176,591.7011,578.7106,590.0736,749780.0
UNH,1032,OneDay,2024-10-10T00:00:00Z,592.9093,597.8119,592.1105,596.6237,816044.0
UNH,1032,OneDay,2024-10-14T00:00:00Z,597.7221,607.5673,596.1944,604.9612,992905.0
UNH,1032,OneDay,2024-10-15T00:00:00Z,551.841,568.5159,542.1855,556.6238,5465679.0
UNH,1032,OneDay,2024-10-16T00:00:00Z,555.5654,575.0162,555.3657,570.3432,2459165.0
UNH,1032,OneDay,2024-10-17T00:00:00Z,558.5809,568.3462,557.6623,565.1111,4275573.0
UNH,1032,OneDay,2024-10-21T00:00:00Z,568.3162,578.1414,567.148,570.433,1219691.0
UNH,1032,OneDay,2024-10-22T00:00:00Z,564.6417,572.0706,564.6417,569.0052,704606.0
UNH,1032,OneDay,2024-10-23T00:00:00Z,571.791,572.5698,562.6647,562.9343,1066970.0
UNH,1032,OneDay,2024-10-24T00:00:00Z,562.9143,569.754,559.5194,559.7191,927399.0
UNH,1032,OneDay,2024-10-28T00:00:00Z,564.2523,567.1779,562.0057,564.7915,618775.0
UNH,1032,OneDay,2024-10-29T00:00:00Z,560.0985,566.6587,559.5793,561.1769,1091864.0
UNH,1032,OneDay,2024-10-30T00:00:00Z,560.1585,569.0751,559.8589,562.4949,818016.0
UNH,1032,OneDay,2024-10-31T00:00:00Z,562.0057,567.5074,561.1769,565.3107,802705.0
UNH,1032,OneDay,2024-11-01T00:00:00Z,563.6532,569.145,563.2139,566.5988,1002863.0
UNH,1032,OneDay,2024-11-04T00:00:00Z,566.1694,566.6187,553.4286,556.7536,1295375.0
UNH,1032,OneDay,2024-11-05T00:00:00Z,556.0047,567.777,553.5684,566.1095,1047797.0
UNH,1032,OneDay,2024-11-06T00:00:00Z,600.428,604.1424,589.9237,595.6551,3104302.0
UNH,1032,OneDay,2024-11-07T00:00:00Z,597.103,606.6586,595.1259,604.3221,1849836.0
UNH,1032,OneDay,2024-11-08T00:00:00Z,614.8263,618.5707,608.8653,615.2257,1561097.0
UNH,1032,OneDay,2024-11-11T00:00:00Z,615.2257,629.1248,614.2772,624.4119,1281105.0
UNH,1032,OneDay,2024-11-12T00:00:00Z,619.9786,623.004,612.6496,613.728,1158231.0
UNH,1032,OneDay,2024-11-13T00:00:00Z,609.085,611.711,602.0655,604.9811,1125888.0
UNH,1032,OneDay,2024-11-14T00:00:00Z,602.2053,604.5518,587.9567,592.0805,1174018.0
UNH,1032,OneDay,2024-11-15T00:00:00Z,589.1549,597.1728,589.0451,591.2318,1281543.0
UNH,1032,OneDay,2024-11-18T00:00:00Z,588.1764,593.2188,584.1624,588.6856,1082975.0
UNH,1032,OneDay,2024-11-19T00:00:00Z,581.3267,584.3222,575.6751,576.1145,1424790.0
UNH,1032,OneDay,2024-11-21T00:00:00Z,597.4225,602.7345,595.5153,596.3641,1115046.0
UNH,1032,OneDay,2024-11-22T00:00:00Z,597.0031,600.3281,587.6871,589.6841,1342861.0
UNH,1032,OneDay,2024-11-25T00:00:00Z,595.106,608.7754,594.5568,603.5932,1283942.0
UNH,1032,OneDay,2024-11-26T00:00:00Z,605.8498,607.2477,598.2512,604.9611,1002139.0
UNH,1032,OneDay,2024-11-27T00:00:00Z,611.7809,615.9446,605.6801,607.1479,917347.0
UNH,1032,OneDay,2024-12-02T00:00:00Z,612.0805,612.0805,599.7789,607.727,1176444.0
UNH,1032,OneDay,2024-12-03T00:00:00Z,612.35,612.35,603.8229,604.1224,922768.0
UNH,1032,OneDay,2024-12-04T00:00:00Z,609.694,620.7674,606.0895,609.714,1528410.0
UNH,1032,OneDay,2024-12-05T00:00:00Z,602.8044,606.8383,572.9193,577.8419,3020092.0
UNH,1032,OneDay,2024-12-06T00:00:00Z,578.1315,578.3911,543.4036,548.8355,7585111.0
UNH,1032,OneDay,2024-12-09T00:00:00Z,551.8609,561.9857,543.7731,559.9088,3981501.0
UNH,1032,OneDay,2024-12-10T00:00:00Z,563.0241,566.6886,556.1645,564.452,2351437.0
UNH,1032,OneDay,2024-12-11T00:00:00Z,552.7096,554.8464,531.9209,532.3303,4416068.0
UNH,1032,OneDay,2024-12-12T00:00:00Z,529.7441,532.2604,513.5085,514.8865,4682791.0
UNH,1032,OneDay,2024-12-13T00:00:00Z,512.5,526.6488,509.9439,519.5894,3733344.0
UNH,1032,OneDay,2024-12-16T00:00:00Z,514.8365,519.7492,495.3258,497.4726,4023085.0
UNH,1032,OneDay,2024-12-17T00:00:00Z,485.271,494.6469,475.0962,484.5121,7082707.0
UNH,1032,OneDay,2024-12-18T00:00:00Z,487.3878,505.5305,486.3393,498.3213,4866364.0
UNH,1032,OneDay,2024-12-19T00:00:00Z,498.6608,501.4067,485.4607,487.4177,3255973.0
UNH,1032,OneDay,2024-12-20T00:00:00Z,490.6828,501.6763,488.4162,499.21,3226341.0
UNH,1032,OneDay,2024-12-24T00:00:00Z,501.247,505.241,499.8391,504.3024,749319.0
UNH,1032,OneDay,2024-12-26T00:00:00Z,503.7632,511.192,503.7632,510.1935,1519391.0
UNH,1032,OneDay,2024-12-27T00:00:00Z,508.516,512.2904,506.8685,509.1351,1562548.0
UNH,1032,OneDay,2024-12-30T00:00:00Z,505.5006,508.7557,499.909,507.2479,2745539.0
UNH,1032,OneDay,2024-12-31T00:00:00Z,507.6174,509.884,502.565,504.9614,2106783.0
UNH,1032,OneDay,2025-01-02T00:00:00Z,506.7786,510.9424,502.5051,503.4237,1639322.0
UNH,1032,OneDay,2025-01-03T00:00:00Z,504.5819,515.2459,504.5819,512.0407,1380106.0
UNH,1032,OneDay,2025-01-06T00:00:00Z,510.0338,519.22,509.0353,512.7696,1602602.0
UNH,1032,OneDay,2025-01-07T00:00:00Z,517.3228,518.501,510.4431,513.1091,1835911.0
UNH,1032,OneDay,2025-01-08T00:00:00Z,512.54,523.6233,508.7856,523.5235,1644188.0
UNH,1032,OneDay,2025-01-10T00:00:00Z,525.1111,534.3273,517.6922,519.5794,2574416.0
UNH,1032,OneDay,2025-01-13T00:00:00Z,532.4501,546.2693,532.3303,540.0686,3233149.0
UNH,1032,OneDay,2025-01-14T00:00:00Z,538.9703,543.5734,535.7152,542.5649,1904354.0
UNH,1032,OneDay,2025-01-15T00:00:00Z,535.6353,545.2009,533.0691,542.2054,1664492.0
UNH,1032,OneDay,2025-01-16T00:00:00Z,529.6742,538.2414,509.2849,509.6643,4656860.0
UNH,1032,OneDay,2025-01-17T00:00:00Z,503.0443,520.8874,502.0458,508.556,2996584.0
UNH,1032,OneDay,2025-01-21T00:00:00Z,512.0507,524.1625,512.0507,523.9628,2220003.0
UNH,1032,OneDay,2025-01-22T00:00:00Z,520.7177,523.3737,514.6768,517.7621,1786574.0
UNH,1032,OneDay,2025-01-23T00:00:00Z,525.9199,530.3832,518.2414,528.7656,1929330.0
UNH,1032,OneDay,2025-01-24T00:00:00Z,527.3777,533.6383,523.7232,531.172,1639049.0
UNH,1032,OneDay,2025-01-27T00:00:00Z,538.1415,550.6028,537.7921,542.6248,1975228.0
UNH,1032,OneDay,2025-01-28T00:00:00Z,541.796,545.3707,536.7237,541.4166,1359990.0
UNH,1032,OneDay,2025-01-29T00:00:00Z,541.187,542.1056,533.179,537.0532,1218279.0
UNH,1032,OneDay,2025-01-30T00:00:00Z,538.1715,546.2693,534.1975,544.5819,1359181.0
UNH,1032,OneDay,2025-01-31T00:00:00Z,543.2938,547.8769,540.478,541.7761,989199.0
UNH,1032,OneDay,2025-02-03T00:00:00Z,541.4965,552.8894,540.3183,547.2279,1839803.0
UNH,1032,OneDay,2025-02-04T00:00:00Z,543.6433,547.787,540.1885,544.1225,1108785.0
UNH,1032,OneDay,2025-02-05T00:00:00Z,529.8041,539.819,521.197,538.8205,2089525.0
UNH,1032,OneDay,2025-02-06T00:00:00Z,535.9848,537.9918,524.6218,529.1051,1638310.0
UNH,1032,OneDay,2025-02-07T00:00:00Z,526.7087,531.3417,524.5919,526.0896,1507565.0
UNH,1032,OneDay,2025-02-10T00:00:00Z,526.2893,532.8495,522.2354,532.3702,1298927.0
UNH,1032,OneDay,2025-02-11T00:00:00Z,533.2289,538.6508,527.4276,532.9893,1181360.0
UNH,1032,OneDay,2025-02-12T00:00:00Z,536.7037,541.187,524.7117,526.5989,1669747.0
UNH,1032,OneDay,2025-02-13T00:00:00Z,527.9169,533.3887,526.2095,530.3233,1212389.0
UNH,1032,OneDay,2025-02-14T00:00:00Z,528.0467,532.2903,521.9259,522.6149,1027021.0
UNH,1032,OneDay,2025-02-18T00:00:00Z,509.5245,514.3373,496.2545,499.9489,3551551.0
UNH,1032,OneDay,2025-02-19T00:00:00Z,501.6663,510.543,497.2629,510.0637,2119477.0
UNH,1032,OneDay,2025-02-20T00:00:00Z,502.7447,507.4476,499.4596,501.5665,1606028.0
UNH,1032,OneDay,2025-02-21T00:00:00Z,439.29,468.9155,438.2017,465.4308,9578896.0
UNH,1032,OneDay,2025-02-24T00:00:00Z,465.0613,466.9085,456.3145,460.6579,3752075.0
UNH,1032,OneDay,2025-02-25T00:00:00Z,459.6794,469.8941,449.3349,469.7043,4465769.0
UNH,1032,OneDay,2025-02-26T00:00:00Z,465.1811,471.901,457.5127,462.7348,2369902.0
UNH,1032,OneDay,2025-02-27T00:00:00Z,465.4707,474.2875,464.1028,467.3978,1817078.0
UNH,1032,OneDay,2025-02-28T00:00:00Z,466.8486,474.9864,463.5336,473.928,1796168.0
UNH,1032,OneDay,2025-03-03T00:00:00Z,472.8596,476.1347,464.4522,466.2495,1611439.0
UNH,1032,OneDay,2025-03-04T00:00:00Z,466.9285,478.2715,465.2211,473.7982,2583560.0
UNH,1032,OneDay,2025-03-05T00:00:00Z,470.3633,478.1417,470.3633,474.8766,1268186.0
UNH,1032,OneDay,2025-03-06T00:00:00Z,475.6654,487.238,471.0323,486.7987,2058551.0
UNH,1032,OneDay,2025-03-07T00:00:00Z,480.2785,498.8506,480.2785,492.2005,2459915.0
UNH,1032,OneDay,2025-03-10T00:00:00Z,489.7742,496.2345,476.9834,478.2116,2357732.0
UNH,1032,OneDay,2025-03-11T00:00:00Z,481.4767,485.8701,476.2845,485.8201,1711483.0
UNH,1032,OneDay,2025-03-12T00:00:00Z,480.5081,486.6788,478.1217,480.1986,1478900.0
UNH,1032,OneDay,2025-03-13T00:00:00Z,474.8965,482.6749,474.2875,479.9489,1108374.0
UNH,1032,OneDay,2025-03-14T00:00:00Z,479.28,488.3463,477.283,488.2165,1699708.0
UNH,1032,OneDay,2025-03-17T00:00:00Z,486.1996,499.4397,484.9714,498.2614,1771748.0
UNH,1032,OneDay,2025-03-18T00:00:00Z,500.7677,505.0313,496.534,503.0542,1640947.0
UNH,1032,OneDay,2025-03-19T00:00:00Z,502.4851,505.201,499.3099,502.1156,1311588.0
UNH,1032,OneDay,2025-03-20T00:00:00Z,503.0443,512.8495,502.3753,511.212,1597520.0
UNH,1032,OneDay,2025-03-21T00:00:00Z,510.3133,517.9019,504.4122,515.875,2845486.0
UNH,1032,OneDay,2025-03-24T00:00:00Z,513.2889,517.1331,509.235,515.5754,1635070.0
UNH,1032,OneDay,2025-03-25T00:00:00Z,516.3343,516.8735,510.7227,512.6498,1249726.0
UNH,1032,OneDay,2025-03-26T00:00:00Z,512.6598,521.7961,512.0807,516.8036,1490113.0
UNH,1032,OneDay,2025-03-27T00:00:00Z,514.9963,520.1785,512.1406,514.6868,1197234.0
UNH,1032,OneDay,2025-03-31T00:00:00Z,518.1416,527.2579,516.2245,522.3852,1989901.0
UNH,1032,OneDay,2025-04-01T00:00:00Z,522.3552,526.4691,520.0986,521.7062,1277697.0
UNH,1032,OneDay,2025-04-02T00:00:00Z,519.7192,523.214,515.6952,522.2853,1024747.0
UNH,1032,OneDay,2025-04-03T00:00:00Z,529.3248,547.3677,528.3263,539.6193,3415469.0
UNH,1032,OneDay,2025-04-04T00:00:00Z,539.6293,550.3632,524.0527,524.2624,5185749.0
UNH,1032,OneDay,2025-04-07T00:00:00Z,514.557,527.7372,502.7547,523.833,3113480.0
UNH,1032,OneDay,2025-04-08T00:00:00Z,577.2927,582.425,546.6388,552.48,5778988.0
UNH,1032,OneDay,2025-04-10T00:00:00Z,574.467,600.7774,574.467,593.5383,4336968.0
UNH,1032,OneDay,2025-04-11T00:00:00Z,588.9252,605.1908,585.3406,598.1713,2850314.0
UNH,1032,OneDay,2025-04-14T00:00:00Z,592.1105,594.1174,578.2013,585.3306,2586614.0
UNH,1032,OneDay,2025-04-15T00:00:00Z,590.8523,590.9422,581.1469,582.6547,1802610.0
UNH,1032,OneDay,2025-04-16T00:00:00Z,584.3222,593.4884,581.9457,583.9327,2000633.0
UNH,1032,OneDay,2025-04-17T00:00:00Z,479.28,487.6374,446.3494,453.3289,14447812.0
UNH,1032,OneDay,2025-04-21T00:00:00Z,451.8012,452.4103,424.1727,424.1727,6543510.0
UNH,1032,OneDay,2025-04-22T00:00:00Z,420.3685,430.5931,416.654,426.4493,4747215.0
UNH,1032,OneDay,2025-04-23T00:00:00Z,425.361,437.8522,423.1143,427.308,3091015.0
UNH,1032,OneDay,2025-04-24T00:00:00Z,426.5492,428.4363,422.9246,424.003,3784495.0
UNH,1032,OneDay,2025-04-25T00:00:00Z,421.4768,422.4953,411.3919,417.6126,4573608.0
UNH,1032,OneDay,2025-04-28T00:00:00Z,419.32,423.1443,414.8867,419.3001,2966197.0
UNH,1032,OneDay,2025-04-29T00:00:00Z,419.37,420.5781,408.4763,408.4763,4639237.0
UNH,1032,OneDay,2025-04-30T00:00:00Z,407.5777,412.5302,400.1988,410.3835,4341153.0
UNH,1032,OneDay,2025-05-01T00:00:00Z,409.5048,410.4434,399.3001,399.3001,5188823.0
UNH,1032,OneDay,2025-05-02T00:00:00Z,399.39,400.9177,392.4504,398.4813,6099551.0
UNH,1032,OneDay,2025-05-05T00:00:00Z,398.3915,408.8458,397.1034,404.1928,4028859.0
UNH,1032,OneDay,2025-05-06T00:00:00Z,401.9162,403.6635,392.8398,394.038,4275559.0
UNH,1032,OneDay,2025-05-07T00:00:00Z,393.9082,394.5173,385.1214,390.5133,4385446.0
UNH,1032,OneDay,2025-05-08T00:00:00Z,389.4349,390.1938,384.7919,384.8418,3644106.0
UNH,1032,OneDay,2025-05-09T00:00:00Z,384.8019,385.7704,377.9622,380.0989,4561575.0
UNH,1032,OneDay,2025-05-12T00:00:00Z,379.4699,386.4195,376.1149,377.8423,5995960.0
UNH,1032,OneDay,2025-05-13T00:00:00Z,335.0067,340.2688,308.6862,310.5135,32970485.0
UNH,1032,OneDay,2025-05-14T00:00:00Z,318.7012,321.9064,306.6393,307.4081,20469186.0
UNH,1032,OneDay,2025-05-15T00:00:00Z,274.3977,275.6259,248.5066,273.5989,69887361.0
UNH,1032,OneDay,2025-05-16T00:00:00Z,278.5815,293.9484,268.7562,291.1026,41432224.0
UNH,1032,OneDay,2025-05-19T00:00:00Z,303.544,315.6957,296.7641,315.1266,33392307.0
UNH,1032,OneDay,2025-05-20T00:00:00Z,319.6198,324.0831,312.1111,320.9778,23230360.0
UNH,1032,OneDay,2025-05-21T00:00:00Z,300.2988,309.2953,299.6099,302.5055,20098449.0
UNH,1032,OneDay,2025-05-22T00:00:00Z,292.5605,305.0417,292.0312,295.9853,15641468.0
UNH,1032,OneDay,2025-05-23T00:00:00Z,295.7756,298.9409,291.1925,294.9369,9182155.0
UNH,1032,OneDay,2025-05-27T00:00:00Z,298.162,298.5315,288.6164,294.4876,10838167.0
UNH,1032,OneDay,2025-05-28T00:00:00Z,293.1196,303.2344,292.8101,297.2534,8906671.0
UNH,1032,OneDay,2025-05-29T00:00:00Z,296.2349,302.7452,294.5874,297.6428,7159926.0
UNH,1032,OneDay,2025-05-30T00:00:00Z,297.2234,305.0916,295.3962,300.6084,7413398.0
UNH,1032,OneDay,2025-06-02T00:00:00Z,304.7422,312.7302,300.5185,304.0831,10379468.0
UNH,1032,OneDay,2025-06-03T00:00:00Z,302.5854,305.0617,299.5599,300.9778,6695905.0
UNH,1032,OneDay,2025-06-04T00:00:00Z,302.6952,306.9189,299.7497,299.8096,5830509.0
UNH,1032,OneDay,2025-06-05T00:00:00Z,300.2789,301.9064,293.6488,294.9868,6592955.0
UNH,1032,OneDay,2025-06-06T00:00:00Z,296.8041,303.8235,296.8041,302.6852,4962187.0
UNH,1032,OneDay,2025-06-09T00:00:00Z,304.3927,306.6593,300.7082,302.855,5083136.0
UNH,1032,OneDay,2025-06-10T00:00:00Z,303.1446,304.5225,300.1291,303.3443,4332829.0
UNH,1032,OneDay,2025-06-11T00:00:00Z,301.7167,310.9329,301.7067,309.9743,7566031.0
UNH,1032,OneDay,2025-06-12T00:00:00Z,310.7332,318.2319,308.0672,318.0222,7364453.0
UNH,1032,OneDay,2025-06-13T00:00:00Z,314.0781,316.794,311.482,312.9199,6901321.0
UNH,1032,OneDay,2025-06-16T00:00:00Z,311.8714,311.8714,304.203,307.2584,8059011.0
UNH,1032,OneDay,2025-06-17T00:00:00Z,307.0487,309.4351,305.0417,308.4765,4994567.0
UNH,1032,OneDay,2025-06-18T00:00:00Z,306.6593,311.2224,305.7107,306.5195,3985335.0
UNH,1032,OneDay,2025-06-20T00:00:00Z,308.5464,308.5464,301.1276,301.3972,5584534.0
UNH,1032,OneDay,2025-06-23T00:00:00Z,301.547,301.547,295.0667,300.2988,5758110.0
UNH,1032,OneDay,2025-06-24T00:00:00Z,300.3488,305.3213,298.7512,304.9019,4610945.0
UNH,1032,OneDay,2025-06-25T00:00:00Z,302.5754,303.3742,299.3503,301.7566,4379933.0
UNH,1032,OneDay,2025-06-26T00:00:00Z,301.547,306.0003,300.7282,301.9963,3422774.0
UNH,1032,OneDay,2025-06-30T00:00:00Z,307.1885,311.7616,305.6608,311.7616,4068670.0
UNH,1032,OneDay,2025-07-01T00:00:00Z,310.833,325.9902,310.6133,325.511,9494426.0
UNH,1032,OneDay,2025-07-02T00:00:00Z,320.5185,321.507,305.9503,306.849,9346899.0
UNH,1032,OneDay,2025-07-07T00:00:00Z,307.498,307.5479,300.7082,303.0747,4660696.0
UNH,1032,OneDay,2025-07-08T00:00:00Z,303.9733,307.6977,303.4641,307.0287,3797145.0
UNH,1032,OneDay,2025-07-09T00:00:00Z,301.6867,302.8949,298.2819,302.2459,6401622.0
UNH,1032,OneDay,2025-07-10T00:00:00Z,300.7681,304.4126,295.9753,298.9209,5706573.0
UNH,1032,OneDay,2025-07-11T00:00:00Z,297.8625,303.494,297.553,303.494,4983604.0
UNH,1032,OneDay,2025-07-14T00:00:00Z,300.8081,303.4641,298.5515,299.8695,4995579.0
UNH,1032,OneDay,2025-07-15T00:00:00Z,299.4501,300.0492,290.5635,291.0827,8189183.0
UNH,1032,OneDay,2025-07-16T00:00:00Z,291.1226,295.3662,290.2839,291.6918,5107161.0
UNH,1032,OneDay,2025-07-17T00:00:00Z,290.7632,292.1511,283.3942,287.508,7680448.0
UNH,1032,OneDay,2025-07-18T00:00:00Z,286.9689,287.3882,280.3788,281.9364,8045006.0
UNH,1032,OneDay,2025-07-21T00:00:00Z,283.6938,285.9404,280.7782,281.6668,5606927.0
UNH,1032,OneDay,2025-07-22T00:00:00Z,281.7167,286.5894,281.7167,284.5924,8017093.0
UNH,1032,OneDay,2025-07-23T00:00:00Z,286.6393,292.0113,284.5225,291.9414,7075783.0
UNH,1032,OneDay,2025-07-24T00:00:00Z,282.1761,288.4866,277.6828,277.9923,10924193.0
UNH,1032,OneDay,2025-07-25T00:00:00Z,281.537,285.6009,279.58,280.6084,8118699.0
UNH,1032,OneDay,2025-07-28T00:00:00Z,282.1361,284.193,279.2704,281.567,8794886.0
UNH,1032,OneDay,2025-07-29T00:00:00Z,265.1217,272.3408,260.1591,261.3074,18826504.0
UNH,1032,OneDay,2025-07-30T00:00:00Z,261.3074,266.21,257.7328,264.3229,12449161.0
UNH,1032,OneDay,2025-07-31T00:00:00Z,264.253,265.3014,247.3683,249.4253,16204450.0
UNH,1032,OneDay,2025-08-01T00:00:00Z,249.4253,251.1726,234.258,237.3035,21743860.0
UNH,1032,OneDay,2025-08-04T00:00:00Z,237.643,244.0134,234.3379,239.7498,9831889.0
UNH,1032,OneDay,2025-08-05T00:00:00Z,239.7498,251.5021,239.4702,250.274,13931736.0
UNH,1032,OneDay,2025-08-06T00:00:00Z,250.1242,255.1067,244.0733,244.952,7581309.0
UNH,1032,OneDay,2025-08-07T00:00:00Z,245.0319,248.1572,239.1407,243.7238,6651987.0
UNH,1032,OneDay,2025-08-08T00:00:00Z,243.7238,250.6434,243.5341,250.4637,5490355.0
UNH,1032,OneDay,2025-08-11T00:00:00Z,251.1127,257.9125,250.6334,251.6719,5942216.0
UNH,1032,OneDay,2025-08-12T00:00:00Z,251.7318,262.4058,251.7318,261.3773,7232632.0
UNH,1032,OneDay,2025-08-13T00:00:00Z,261.1077,273.1896,261.1077,272.9399,9545132.0
UNH,1032,OneDay,2025-08-14T00:00:00Z,272.9399,297.0138,266.5995,292.87,11063573.0
UNH,1032,OneDay,2025-08-15T00:00:00Z,292.87,309.7646,290.6533,303.544,36763271.0
UNH,1032,OneDay,2025-08-18T00:00:00Z,307.0886,315.8255,305.5509,307.3882,20603678.0
UNH,1032,OneDay,2025-08-19T00:00:00Z,307.3882,309.9144,298.7512,303.0547,12754848.0
UNH,1032,OneDay,2025-08-20T00:00:00Z,303.0547,306.4795,295.2564,298.5515,9211906.0
UNH,1032,OneDay,2025-08-21T00:00:00Z,298.5515,306.0302,297.3133,302.845,7444433.0
UNH,1032,OneDay,2025-08-22T00:00:00Z,302.845,310.0342,301.4371,306.839,6977352.0
UNH,1032,OneDay,2025-08-25T00:00:00Z,307.7476,308.4366,302.196,303.544,5109120.0
UNH,1032,OneDay,2025-08-26T00:00:00Z,303.6538,308.4166,293.8086,298.821,8368493.0
UNH,1032,OneDay,2025-08-27T00:00:00Z,298.851,305.3213,297.1536,302.4955,5478644.0
UNH,1032,OneDay,2025-08-28T00:00:00Z,302.4955,304.4925,299.4601,301.547,5666098.0
UNH,1032,OneDay,2025-08-29T00:00:00Z,301.547,309.3353,299.55,309.3353,5741002.0
UNH,1032,OneDay,2025-09-02T00:00:00Z,309.5849,312.7302,306.4596,307.7976,6732711.0
UNH,1032,OneDay,2025-09-03T00:00:00Z,307.7976,309.1256,303.1845,306.3398,5906838.0
UNH,1032,OneDay,2025-09-04T00:00:00Z,306.3398,311.3922,303.5539,308.8959,4337716.0
UNH,1032,OneDay,2025-09-05T00:00:00Z,308.8959,317.4031,307.5579,314.7671,6034755.0
UNH,1032,OneDay,2025-09-08T00:00:00Z,314.5275,323.2144,313.3293,319.7696,9752108.0
UNH,1032,OneDay,2025-09-09T00:00:00Z,319.7696,351.0925,319.0507,346.9188,28487988.0
UNH,1032,OneDay,2025-09-10T00:00:00Z,346.9188,349.7046,340.8579,345.481,10255632.0
UNH,1032,OneDay,2025-09-11T00:00:00Z,345.481,359.6097,344.2927,353.3691,10795716.0
UNH,1032,OneDay,2025-09-12T00:00:00Z,353.3691,361.6167,351.9412,351.9912,7033307.0
UNH,1032,OneDay,2025-09-15T00:00:00Z,352.5004,356.2448,342.0162,347.4879,6420542.0
UNH,1032,OneDay,2025-09-16T00:00:00Z,347.4879,349.1255,337.8025,339.3801,7055216.0
UNH,1032,OneDay,2025-09-17T00:00:00Z,339.3901,342.3457,335.9952,341.5269,4972115.0
UNH,1032,OneDay,2025-09-18T00:00:00Z,341.4969,345.5808,333.0996,334.108,6007975.0
UNH,1032,OneDay,2025-09-19T00:00:00Z,334.108,340.3786,333.1395,336.0751,4785413.0
UNH,1032,OneDay,2025-09-22T00:00:00Z,337.5329,341.8564,330.9029,340.9178,4133721.0
UNH,1032,OneDay,2025-09-23T00:00:00Z,340.9178,352.0611,338.1719,347.5878,7349557.0
UNH,1032,OneDay,2025-09-24T00:00:00Z,347.6577,353.7186,346.5394,351.5818,4985502.0
UNH,1032,OneDay,2025-09-25T00:00:00Z,351.7715,353.0696,342.4855,344.782,4357308.0
UNH,1032,OneDay,2025-09-26T00:00:00Z,345.1914,349.1854,340.4885,343.5339,3612938.0
UNH,1032,OneDay,2025-09-29T00:00:00Z,343.484,347.2583,340.8779,344.0331,3625976.0
UNH,1032,OneDay,2025-09-30T00:00:00Z,344.0331,348.5863,341.6667,343.9532,3615755.0
UNH,1032,OneDay,2025-10-01T00:00:00Z,343.9532,348.0571,341.0876,346.9388,4522985.0
UNH,1032,OneDay,2025-10-02T00:00:00Z,346.9388,354.4375,344.133,352.4804,4477548.0
UNH,1032,OneDay,2025-10-03T00:00:00Z,352.4804,367.2183,352.3706,359.5398,7135199.0
UNH,1032,OneDay,2025-10-06T00:00:00Z,360.7081,363.4739,356.4645,358.9607,3859477.0
UNH,1032,OneDay,2025-10-07T00:00:00Z,359.0106,364.3027,357.4929,363.6537,4222430.0
UNH,1032,OneDay,2025-10-08T00:00:00Z,363.6537,373.9881,363.1045,370.0141,5044313.0
UNH,1032,OneDay,2025-10-09T00:00:00Z,370.0141,375.376,365.451,367.9971,4773479.0
UNH,1032,OneDay,2025-10-10T00:00:00Z,367.9971,369.1554,351.8813,353.6287,6431290.0
UNH,1032,OneDay,2025-10-13T00:00:00Z,356.6642,358.8609,349.7146,358.3616,3053753.0
UNH,1032,OneDay,2025-10-14T00:00:00Z,358.3616,361.6866,352.1609,358.5813,2824341.0
UNH,1032,OneDay,2025-10-15T00:00:00Z,358.6711,363.4839,355.1864,359.2702,3630415.0
UNH,1032,OneDay,2025-10-16T00:00:00Z,359.2702,361.9862,353.8284,355.2663,2964685.0
UNH,1032,OneDay,2025-10-17T00:00:00Z,355.2663,357.8024,344.4825,355.9652,2873404.0
UNH,1032,OneDay,2025-10-20T00:00:00Z,356.3646,364.9417,354.9367,363.5638,2804834.0
UNH,1032,OneDay,2025-10-21T00:00:00Z,363.5638,372.8199,360.9178,364.083,3617266.0
UNH,1032,OneDay,2025-10-22T00:00:00Z,364.083,366.1499,355.2663,357.2932,3999368.0
UNH,1032,OneDay,2025-10-23T00:00:00Z,357.3232,361.7365,352.9697,358.791,3232591.0
UNH,1032,OneDay,2025-10-24T00:00:00Z,358.8109,364.722,358.791,361.9262,2433065.0
UNH,1032,OneDay,2025-10-27T00:00:00Z,363.9532,367.8074,360.778,366.9487,3923084.0
UNH,1032,OneDay,2025-10-28T00:00:00Z,366.9487,388.686,358.072,367.1684,10885172.0
UNH,1032,OneDay,2025-10-29T00:00:00Z,367.1684,368.6462,353.3691,354.2178,6572122.0
UNH,1032,OneDay,2025-10-30T00:00:00Z,354.3976,356.4445,343.0846,344.5324,5776256.0
UNH,1032,OneDay,2025-11-03T00:00:00Z,341.1874,342.8349,326.0801,331.3721,6555276.0
UNH,1032,OneDay,2025-11-04T00:00:00Z,331.3721,335.9253,325.511,328.3068,6555276.0
UNH,1032,OneDay,2025-11-05T00:00:00Z,328.5464,330.2039,322.5754,326.0102,716033.0
UNH,1032,OneDay,2025-11-06T00:00:00Z,326.0102,331.6318,318.8809,318.8809,716033.0
UNH,1032,OneDay,2025-11-07T00:00:00Z,319.0207,323.9034,313.6987,323.9034,340786.0
UNH,1032,OneDay,2025-11-10T00:00:00Z,317.6028,323.7236,314.3278,320.5185,5119744.0
UNH,1032,OneDay,2025-11-11T00:00:00Z,320.5384,327.9673,319.47,327.8275,5119744.0
UNH,1032,OneDay,2025-11-12T00:00:00Z,327.7276,342.5653,326.5594,339.49,1722667.0
UNH,1032,OneDay,2025-11-13T00:00:00Z,339.49,341.8464,329.505,331.0027,1722667.0
UNH,1032,OneDay,2025-11-14T00:00:00Z,331.0027,332.6502,320.0192,321.1375,1722667.0
UNH,1032,OneDay,2025-11-17T00:00:00Z,318.9209,327.3182,317.9024,319.3103,3496970.0
UNH,1032,OneDay,2025-11-18T00:00:00Z,319.3103,320.4685,308.2868,311.7516,1389511.0
UNH,1032,OneDay,2025-11-19T00:00:00Z,311.7516,313.9783,304.0432,307.9374,1389511.0
UNH,1032,OneDay,2025-11-20T00:00:00Z,307.9374,314.138,306.6393,309.4351,1389511.0
UNH,1032,OneDay,2025-11-24T00:00:00Z,319.1206,328.3068,317.1435,318.5314,4669471.0
UNH,1032,OneDay,2025-11-25T00:00:00Z,318.5314,327.3981,317.523,326.17,4669471.0
UNH,1032,OneDay,2025-11-26T00:00:00Z,326.0601,334.5574,324.0132,329.5149,4669471.0
UNH,1032,OneDay,2025-11-27T00:00:00Z,329.5149,330.6033,329.4051,330.6033,9436.0
UNH,1032,OneDay,2025-11-28T00:00:00Z,329.5649,331.9912,328.3866,329.2553,1221294.0
UNH,1032,OneDay,2025-12-01T00:00:00Z,325.8405,329.4051,321.517,322.1161,3015366.0
UNH,1032,OneDay,2025-12-02T00:00:00Z,322.0661,328.0571,321.1775,323.6637,1179185.0
UNH,1032,OneDay,2025-12-03T00:00:00Z,323.6637,340.8579,323.514,339.7695,1079378.0
UNH,1032,OneDay,2025-12-04T00:00:00Z,339.7695,340.4385,327.508,332.3107,1079378.0
UNH,1032,OneDay,2025-12-05T00:00:00Z,332.3107,335.7955,328.0072,330.2938,1079378.0
UNH,1032,OneDay,2025-12-08T00:00:00Z,328.5264,330.2838,321.9263,322.5155,2575714.0
UNH,1032,OneDay,2025-12-09T00:00:00Z,322.5155,325.6807,320.838,322.5254,272683.0
UNH,1032,OneDay,2025-12-10T00:00:00Z,322.5254,328.5664,319.1206,327.508,119484.0
UNH,1032,OneDay,2025-12-11T00:00:00Z,327.508,338.6812,323.514,335.8954,1222580.0
UNH,1032,OneDay,2025-12-15T00:00:00Z,342.2258,344.2828,336.4945,339.0906,3546450.0
UNH,1032,OneDay,2025-12-16T00:00:00Z,339.0906,339.8394,330.5434,333.2693,3546450.0
UNH,1032,OneDay,2025-12-17T00:00:00Z,333.2993,334.8869,329.8345,330.3038,3546450.0
UNH,1032,OneDay,2025-12-18T00:00:00Z,330.3038,331.1724,324.0132,326.9188,871106.0
UNH,1032,OneDay,2025-12-19T00:00:00Z,326.9188,334.0681,325.511,326.7691,326827.0
UNH,1032,OneDay,2025-12-22T00:00:00Z,326.16,329.1754,321.1675,324.2129,4012491.0
UNH,1032,OneDay,2025-12-23T00:00:00Z,324.2129,327.1884,322.7651,324.3128,4012491.0
UNH,1032,OneDay,2025-12-24T00:00:00Z,324.3128,328.4765,323.5239,327.0986,4012491.0
UNH,1032,OneDay,2025-12-26T00:00:00Z,326.6492,331.3422,324.5125,330.7032,1731456.0
UNH,1032,OneDay,2025-12-29T00:00:00Z,329.6847,333.3991,326.9089,327.2084,2165441.0
UNH,1032,OneDay,2025-12-30T00:00:00Z,327.2084,335.5059,326.5594,330.9528,242468.0
UNH,1032,OneDay,2025-12-31T00:00:00Z,331.1924,332.7201,329.4051,329.9343,242468.0
UNH,1032,OneDay,2026-01-02T00:00:00Z,329.5349,339.6697,327.0087,335.8954,3204139.0
UNH,1032,OneDay,2026-01-05T00:00:00Z,335.456,346.3297,332.5005,342.2059,4376365.0
UNH,1032,OneDay,2026-01-06T00:00:00Z,342.2059,351.9812,340.5883,348.6362,530515.0
UNH,1032,OneDay,2026-01-07T00:00:00Z,348.6362,348.9657,337.493,339.9992,530515.0
UNH,1032,OneDay,2026-01-08T00:00:00Z,339.9992,347.2683,337.6028,346.4894,530515.0
UNH,1032,OneDay,2026-01-09T00:00:00Z,346.4894,351.9812,341.8464,343.4141,530515.0
UNH,1032,OneDay,2026-01-12T00:00:00Z,343.3841,343.3841,332.5005,339.1604,3712649.0
UNH,1032,OneDay,2026-01-13T00:00:00Z,339.2104,341.9263,332.3607,334.6872,3712649.0
UNH,1032,OneDay,2026-01-14T00:00:00Z,334.6872,339.47,332.0012,333.8984,41809.0
UNH,1032,OneDay,2026-01-15T00:00:00Z,333.8984,338.9008,327.508,338.0921,850918.0
UNH,1032,OneDay,2026-01-16T00:00:00Z,338.0921,338.6013,329.9343,330.5035,850918.0
UNH,1032,OneDay,2026-01-20T00:00:00Z,328.0172,339.2703,325.0117,337.2633,4232998.0
UNH,1032,OneDay,2026-01-21T00:00:00Z,337.2633,347.8274,332.7401,346.3097,844886.0
UNH,1032,OneDay,2026-01-22T00:00:00Z,346.3097,354.3876,343.484,352.7001,844886.0
UNH,1032,OneDay,2026-01-23T00:00:00Z,352.7001,357.0835,351.472,355.6357,844886.0
UNH,1032,OneDay,2026-01-26T00:00:00Z,354.4774,354.8469,318.2219,318.7012,5213073.0
UNH,1032,OneDay,2026-01-27T00:00:00Z,318.6213,323.0546,279.9794,283.1047,31895352.0
UNH,1032,OneDay,2026-01-28T00:00:00Z,283.1446,294.4376,281.7467,292.3008,31895352.0
UNH,1032,OneDay,2026-01-29T00:00:00Z,292.3108,295.4361,288.7262,290.893,31895352.0
UNH,1032,OneDay,2026-01-30T00:00:00Z,290.893,292.3308,284.223,286.5894,31895352.0
UNH,1032,OneDay,2026-02-02T00:00:00Z,285.6808,289.9244,280.6084,285.1716,4689848.0
UNH,1032,OneDay,2026-02-03T00:00:00Z,285.1716,287.4681,278.1821,281.2874,1082185.0
UNH,1032,OneDay,2026-02-04T00:00:00Z,281.2874,285.0118,273.6189,274.0682,1961338.0
UNH,1032,OneDay,2026-02-05T00:00:00Z,273.9185,276.2549,258.8611,259.2106,1961338.0
UNH,1032,OneDay,2026-02-09T00:00:00Z,276.5445,279.7098,272.7502,274.7872,6789757.0
UNH,1032,OneDay,2026-02-10T00:00:00Z,274.7872,278.9209,272.0912,272.3908,6789757.0
UNH,1032,OneDay,2026-02-11T00:00:00Z,272.5905,279.2205,269.3953,277.7227,6789757.0
UNH,1032,OneDay,2026-02-12T00:00:00Z,277.8725,285.8106,275.4262,283.4941,4074820.0
UNH,1032,OneDay,2026-02-13T00:00:00Z,283.4941,292.9698,282.2459,292.6004,4074820.0
UNH,1032,OneDay,2026-02-17T00:00:00Z,292.7102,293.8585,286.5295,287.9274,3235256.0
UNH,1032,OneDay,2026-02-18T00:00:00Z,287.9274,290.0742,285.9504,287.3683,269918.0
UNH,1032,OneDay,2026-02-19T00:00:00Z,287.4681,289.8945,286.3598,288.5665,269918.0
UNH,1032,OneDay,2026-02-20T00:00:00Z,288.5665,290.3338,285.1216,289.5849,269918.0
UNH,1032,OneDay,2026-02-23T00:00:00Z,288.14,291.63,281.42,282.0,4235021.0
UNH,1032,OneDay,2026-02-24T00:00:00Z,282.0,283.45,271.8,273.5,1242642.0
UNH,1032,OneDay,2026-02-25T00:00:00Z,273.5,284.65,272.72,283.66,1242642.0
UNH,1032,OneDay,2026-02-26T00:00:00Z,283.66,295.22,283.0,286.57,332703.0
UNH,1032,OneDay,2026-02-27T00:00:00Z,286.57,294.1,283.75,293.25,332703.0
UNH,1032,OneDay,2026-03-02T00:00:00Z,286.3,295.26,286.25,293.65,4127864.0
UNH,1032,OneDay,2026-03-03T00:00:00Z,293.65,293.76,284.44,288.36,4127864.0
UNH,1032,OneDay,2026-03-04T00:00:00Z,288.36,294.21,285.75,291.41,1163224.0
UNH,1032,OneDay,2026-03-05T00:00:00Z,291.41,291.6,286.0,288.65,1163224.0
UNH,1032,OneDay,2026-03-06T00:00:00Z,288.65,290.62,283.02,286.36,607500.0
UNH,1032,OneDay,2026-03-09T00:00:00Z,280.06,285.02,278.6,283.1,4422538.0
UNH,1032,OneDay,2026-03-10T00:00:00Z,283.5,287.2,278.9,282.0,3774094.0
UNH,1032,OneDay,2026-03-11T00:00:00Z,282.0,286.15,280.6,285.0,3453493.0
UNH,1032,OneDay,2026-03-12T00:00:00Z,285.0,287.1,276.0,277.2,6967156.0
UNH,1032,OneDay,2026-03-13T00:00:00Z,277.31,282.76,276.0,282.02,2596769.0
UNH,1032,OneDay,2026-03-16T00:00:00Z,281.3,287.34,280.76,285.64,2676766.0
UNH,1032,OneDay,2026-03-17T00:00:00Z,285.64,288.84,284.0,286.1,3510069.0
UNH,1032,OneDay,2026-03-18T00:00:00Z,286.1,288.32,282.9,283.25,2479211.0
UNH,1032,OneDay,2026-03-19T00:00:00Z,283.25,287.52,279.3,279.9,2967156.0
UNH,1032,OneDay,2026-03-20T00:00:00Z,279.9,282.96,275.48,275.89,4154517.0
UNH,1032,OneDay,2026-03-23T00:00:00Z,275.77,280.61,269.01,269.54,5882112.0
UNH,1032,OneDay,2026-03-24T00:00:00Z,269.54,273.32,267.5,271.5,3262910.0
UNH,1032,OneDay,2026-03-25T00:00:00Z,271.5,275.7,267.12,269.72,4616224.0
UNH,1032,OneDay,2026-03-26T00:00:00Z,270.0,274.53,267.09,267.81,3720429.0
UNH,1032,OneDay,2026-03-27T00:00:00Z,267.75,269.25,255.98,258.81,6254648.0
UNH,1032,OneDay,2026-03-30T00:00:00Z,255.5,262.28,254.44,261.08,4540489.0
UNH,1032,OneDay,2026-03-31T00:00:00Z,261.08,271.83,260.0,270.0,3478870.0
UNH,1032,OneDay,2026-04-01T00:00:00Z,270.0,275.2,268.5,272.8,2872155.0
UNH,1032,OneDay,2026-04-02T00:00:00Z,272.8,278.94,269.27,276.4,2576288.0
UNH,1032,OneDay,2026-04-03T00:00:00Z,276.4,277.45,276.4,277.16,13879.0
UNH,1032,OneDay,2026-04-06T00:00:00Z,275.93,312.25,275.28,307.52,3953935.0
UNH,1032,OneDay,2026-04-07T00:00:00Z,307.52,312.4,295.2,306.8,12822857.0
UNH,1032,OneDay,2026-04-08T00:00:00Z,306.8,313.08,304.8,305.1,5325002.0
UNH,1032,OneDay,2026-04-09T00:00:00Z,305.1,307.87,303.2,306.3,2872019.0
UNH,1032,OneDay,2026-04-10T00:00:00Z,306.3,310.22,304.19,304.47,2337225.0
UNH,1032,OneDay,2026-04-13T00:00:00Z,301.4,313.33,301.0,313.04,3218555.0
UNH,1032,OneDay,2026-04-14T00:00:00Z,313.0,319.53,311.0,314.22,3543593.0
UNH,1032,OneDay,2026-04-15T00:00:00Z,314.22,317.34,311.11,313.53,2908206.0
UNH,1032,OneDay,2026-04-16T00:00:00Z,313.53,318.58,313.0,316.55,2895022.0
UNH,1032,OneDay,2026-04-17T00:00:00Z,316.69,325.19,315.23,324.46,4220739.0
UNH,1032,OneDay,2026-04-20T00:00:00Z,320.4,325.24,320.0,324.0,4142969.0
UNH,1032,OneDay,2026-04-21T00:00:00Z,324.0,357.4,323.05,345.4,15485766.0
UNH,1032,OneDay,2026-04-22T00:00:00Z,345.51,358.47,343.0,352.7,6355255.0
UNH,1032,OneDay,2026-04-23T00:00:00Z,352.7,356.66,349.18,353.2,4403216.0
UNH,1032,OneDay,2026-04-24T00:00:00Z,353.04,357.93,350.5,354.78,3873030.0
UNH,1032,OneDay,2026-04-27T00:00:00Z,353.25,356.27,348.86,353.75,4776476.0
UNH,1032,OneDay,2026-04-28T00:00:00Z,353.8,369.53,351.1,366.3,6145986.0
UNH,1032,OneDay,2026-04-29T00:00:00Z,366.32,370.81,363.01,368.4,5373945.0
UNH,1032,OneDay,2026-04-30T00:00:00Z,368.4,371.94,363.03,369.8,3985319.0
UNH,1032,OneDay,2026-05-01T00:00:00Z,369.8,372.7,367.01,368.56,2807059.0
UNH,1032,OneDay,2026-05-04T00:00:00Z,368.51,370.82,364.52,369.0,2634053.0
UNH,1032,OneDay,2026-05-05T00:00:00Z,369.0,371.03,359.0,363.0,2906738.0
UNH,1032,OneDay,2026-05-06T00:00:00Z,363.0,368.49,356.5,366.1,3071169.0
UNH,1032,OneDay,2026-05-07T00:00:00Z,366.1,369.78,364.0,368.7,2856715.0
UNH,1032,OneDay,2026-05-08T00:00:00Z,368.72,379.6,367.0,379.55,2930064.0
UNH,1032,OneDay,2026-05-11T00:00:00Z,376.06,384.66,376.0,383.8,3764756.0
UNH,1032,OneDay,2026-05-12T00:00:00Z,383.8,397.32,380.3,395.55,5038991.0
UNH,1032,OneDay,2026-05-13T00:00:00Z,395.6,404.08,389.19,400.6,4241479.0
UNH,1032,OneDay,2026-05-14T00:00:00Z,400.71,402.4,396.04,398.8,2904741.0
UNH,1032,OneDay,2026-05-15T00:00:00Z,398.8,398.9,390.01,393.69,2612516.0
UNH,1032,OneDay,2026-05-18T00:00:00Z,370.75,392.0,365.67,390.4,4061801.0
UNH,1032,OneDay,2026-05-19T00:00:00Z,390.43,394.95,387.0,388.25,2920599.0
UNH,1032,OneDay,2026-05-20T00:00:00Z,388.25,392.82,380.5,381.55,4281771.0
UNH,1032,OneDay,2026-05-21T00:00:00Z,381.55,386.01,380.0,381.88,2451605.0
UNH,1032,OneDay,2026-05-22T00:00:00Z,381.88,390.46,380.8,388.56,1928847.0
UNH,1032,OneDay,2026-05-26T00:00:00Z,389.3,389.89,376.41,376.6,3216468.0
UNH,1032,OneDay,2026-05-27T00:00:00Z,376.6,384.45,374.6,383.2,2149424.0
UNH,1032,OneDay,2026-05-28T00:00:00Z,383.2,389.15,380.0,381.52,2387080.0
UNH,1032,OneDay,2026-05-29T00:00:00Z,381.52,384.85,375.42,379.54,2603521.0
UNH,1032,OneDay,2026-06-01T00:00:00Z,377.51,383.27,375.4,378.7,3106461.0
UNH,1032,OneDay,2026-06-02T00:00:00Z,378.7,379.75,372.0,377.42,1904210.0
UNH,1032,OneDay,2026-06-03T00:00:00Z,377.68,387.25,375.66,377.1,3771309.0
UNH,1032,OneDay,2026-06-04T00:00:00Z,377.36,401.3,375.7,396.6,7687322.0
UNH,1032,OneDay,2026-06-05T00:00:00Z,396.38,403.89,394.25,400.66,4480424.0
UNH,1032,OneDay,2026-06-08T00:00:00Z,397.01,408.63,389.64,406.5,3151554.0
UNH,1032,OneDay,2026-06-09T00:00:00Z,406.5,412.95,404.83,411.63,5073915.0
UNH,1032,OneDay,2026-06-10T00:00:00Z,411.63,415.9,404.0,405.26,3571405.0
UNH,1032,OneDay,2026-06-11T00:00:00Z,405.26,409.53,403.05,405.19,2457592.0
UNH,1032,OneDay,2026-06-12T00:00:00Z,405.19,409.3,401.19,408.1,3033530.0
UNH,1032,OneDay,2026-06-15T00:00:00Z,405.2,414.13,399.56,411.0,3828910.0
UNH,1032,OneDay,2026-06-16T00:00:00Z,411.04,411.7,405.0,406.11,2410211.0
UNH,1032,OneDay,2026-06-17T00:00:00Z,406.11,410.49,398.0,398.0,2390013.0
UNH,1032,OneDay,2026-06-18T00:00:00Z,398.32,406.05,397.01,400.0,3354350.0
UNH,1032,OneDay,2026-06-19T00:00:00Z,400.0,400.45,400.0,400.1,78686.0
UNH,1032,OneDay,2026-06-22T00:00:00Z,399.0,409.4,398.5,406.31,2781510.0
UNH,1032,OneDay,2026-06-23T00:00:00Z,406.31,410.25,398.5,407.01,3476188.0
UNH,1032,OneDay,2026-06-24T00:00:00Z,408.14,412.87,400.0,404.26,3801596.0
UNH,1032,OneDay,2026-06-25T00:00:00Z,404.26,417.51,400.19,415.7,3344673.0
UNH,1032,OneDay,2026-06-26T00:00:00Z,415.8,427.73,413.99,427.46,3378786.0
UNH,1032,OneDay,2026-06-29T00:00:00Z,426.1,428.47,415.81,419.12,2546346.0
UNH,1032,OneDay,2026-06-30T00:00:00Z,419.12,422.33,413.0,415.0,2949538.0
UNH,1032,OneDay,2026-07-01T00:00:00Z,415.31,427.99,413.6,425.01,2742540.0
UNH,1032,OneDay,2026-07-02T00:00:00Z,425.01,430.15,418.5,424.7,1927272.0
UNH,1032,OneDay,2026-07-03T00:00:00Z,424.7,425.01,421.21,424.0,71048.0
UNH,1032,OneDay,2026-07-06T00:00:00Z,420.59,425.13,415.0,417.53,2751242.0
UNH,1032,OneDay,2026-07-07T00:00:00Z,417.55,428.49,414.35,426.95,3313092.0
UNH,1032,OneDay,2026-07-08T00:00:00Z,427.21,430.59,421.0,424.36,2242930.0
UNH,1032,OneDay,2026-07-09T00:00:00Z,424.36,434.11,419.0,428.82,2460504.0
UNH,1032,OneDay,2026-07-10T00:00:00Z,430.07,433.8,423.62,424.5,1787157.0
UNH,1032,OneDay,2026-07-13T00:00:00Z,422.47,431.39,422.47,426.72,1847869.0
UNH,1032,OneDay,2026-07-14T00:00:00Z,426.72,431.92,421.6,425.16,2444572.0
UNH,1032,OneDay,2026-07-15T00:00:00Z,425.16,426.51,405.0,414.91,3743198.0
UNH,1032,OneDay,2026-07-16T00:00:00Z,415.5,459.95,412.43,423.6,7039098.0
UNH,1032,OneDay,2026-07-17T00:00:00Z,423.86,436.76,421.5,426.2,4220239.0
UNH,1032,OneDay,2026-07-20T00:00:00Z,426.0,428.5,417.32,420.0,2641032.0
UNH,1032,OneDay,2026-07-21T00:00:00Z,420.0,436.87,419.26,436.5,3534025.0
UNH,1032,OneDay,2026-07-22T00:00:00Z,436.5,438.48,429.05,430.0,2599532.0
UNH,1032,OneDay,2026-07-23T00:00:00Z,430.0,432.0,420.32,423.18,2611225.0
UNH,1032,OneDay,2026-07-24T00:00:00Z,423.18,428.17,418.29,420.3,1872680.0
UNH,1032,OneDay,2026-07-27T00:00:00Z,419.67,423.7,412.0,416.85,2265114.0
UNH,1032,OneDay,2026-07-28T00:00:00Z,416.85,430.4,413.04,423.0,2596981.0
UNH,1032,OneDay,2026-07-29T00:00:00Z,423.0,431.29,419.65,420.0,2353527.0
UNH,1032,OneDay,2026-07-30T00:00:00Z,420.0,427.24,412.0,421.29,1917130.0
UNH,1032,OneDay,2026-07-31T00:00:00Z,421.29,422.12,414.37,414.51,1521873.0
UNH,1032,OneDay,2026-08-03T00:00:00Z,414.0,417.57,413.25,415.02,1486154.0
UNH,1032,OneDay,2026-08-04T00:00:00Z,415.02,416.2,406.54,408.1,2580748.0
UNH,1032,OneDay,2026-08-05T00:00:00Z,408.1,416.34,398.02,412.8,2509840.0
UNH,1032,OneDay,2026-08-06T00:00:00Z,412.8,416.05,399.0,403.0,2536348.0
UNH,1032,OneDay,2026-08-07T00:00:00Z,403.44,410.59,400.21,406.87,1730009.0
UNH,1032,OneDay,2026-08-10T00:00:00Z,402.82,412.76,402.81,408.5,1263839.0
UNH,1032,OneDay,2026-08-11T00:00:00Z,408.5,410.58,400.48,402.21,1606692.0
UNH,1032,OneDay,2026-08-12T00:00:00Z,402.32,407.1,400.6,405.0,1673055.0
UNH,1032,OneDay,2026-08-13T00:00:00Z,405.31,407.38,398.56,399.1,1806777.0
UNH,1032,OneDay,2026-08-14T00:00:00Z,399.1,403.13,396.42,401.63,1476171.0
UNH,1032,OneDay,2026-08-17T00:00:00Z,400.2,401.5,391.28,394.57,2573900.0
UNH,1032,OneDay,2026-08-18T00:00:00Z,394.85,398.51,391.0,393.1,1673740.0
UNH,1032,OneDay,2026-08-19T00:00:00Z,393.1,396.63,386.37,388.3,2723195.0
UNH,1032,OneDay,2026-08-20T00:00:00Z,388.3,392.59,384.98,385.24,1532002.0
SPY,3000,OneDay,2022-07-22T00:00:00Z,398.4811,399.7998,392.4065,394.7145,
SPY,3000,OneDay,2022-07-25T00:00:00Z,395.4338,396.0831,392.8661,395.2141,
SPY,3000,OneDay,2022-07-26T00:00:00Z,393.3657,393.6854,389.599,390.5881,
SPY,3000,OneDay,2022-07-27T00:00:00Z,394.3047,402.4975,393.6854,400.6891,
SPY,3000,OneDay,2022-07-28T00:00:00Z,401.4685,406.4139,397.7916,405.7546,
SPY,3000,OneDay,2022-07-29T00:00:00Z,407.323,412.5683,406.4239,411.7192,
SPY,3000,OneDay,2022-08-01T00:00:00Z,409.0815,413.0081,408.0423,410.3803,
SPY,3000,OneDay,2022-08-02T00:00:00Z,408.6419,412.6083,406.5139,407.7826,
SPY,3000,OneDay,2022-08-03T00:00:00Z,409.9808,415.2958,409.641,413.8672,
SPY,3000,OneDay,2022-08-04T00:00:00Z,413.9472,414.6965,412.0587,413.7772,
SPY,3000,OneDay,2022-08-05T00:00:00Z,409.2812,413.7474,409.2812,413.1678,
SPY,3000,OneDay,2022-08-08T00:00:00Z,414.8663,417.2143,411.4595,412.5983,
SPY,3000,OneDay,2022-08-09T00:00:00Z,411.859,412.3085,409.8708,410.9599,
SPY,3000,OneDay,2022-08-10T00:00:00Z,418.2931,419.752,416.325,419.522,
SPY,3000,OneDay,2022-08-11T00:00:00Z,422.6393,424.5475,418.8327,419.4523,
SPY,3000,OneDay,2022-08-12T00:00:00Z,421.78,426.8054,420.6711,426.6457,
SPY,3000,OneDay,2022-08-15T00:00:00Z,424.4478,428.8837,424.3477,428.3941,
SPY,3000,OneDay,2022-08-16T00:00:00Z,427.2352,431.3115,426.4959,429.3932,
SPY,3000,OneDay,2022-08-17T00:00:00Z,425.5866,429.1035,424.1579,426.1661,
SPY,3000,OneDay,2022-08-18T00:00:00Z,426.4659,428.2144,425.1171,427.395,
SPY,3000,OneDay,2022-08-19T00:00:00Z,424.5375,424.8473,420.8409,421.87,
SPY,3000,OneDay,2022-08-22T00:00:00Z,416.5447,416.8245,412.0287,412.9381,
SPY,3000,OneDay,2022-08-23T00:00:00Z,412.4285,415.0063,411.3994,411.859,
SPY,3000,OneDay,2022-08-24T00:00:00Z,411.6492,414.7365,411.0296,413.0278,
SPY,3000,OneDay,2022-08-25T00:00:00Z,414.8663,419.0825,413.7174,419.0825,
SPY,3000,OneDay,2022-08-26T00:00:00Z,419.0424,419.532,404.9453,404.9453,
SPY,3000,OneDay,2022-08-29T00:00:00Z,401.7282,405.4549,400.8188,402.0878,
SPY,3000,OneDay,2022-08-30T00:00:00Z,403.6164,403.6864,395.6636,397.8016,
SPY,3000,OneDay,2022-08-31T00:00:00Z,399.4902,400.8389,394.7245,394.7245,
SPY,3000,OneDay,2022-09-01T00:00:00Z,392.5165,396.4029,389.699,396.1631,
SPY,3000,OneDay,2022-09-02T00:00:00Z,399.9798,401.1786,389.9788,391.807,
SPY,3000,OneDay,2022-09-06T00:00:00Z,392.836,393.7154,388.0503,390.2685,
SPY,3000,OneDay,2022-09-07T00:00:00Z,390.1685,398.2014,389.8688,397.442,
SPY,3000,OneDay,2022-09-08T00:00:00Z,394.7045,400.4793,393.7654,399.9397,
SPY,3000,OneDay,2022-09-09T00:00:00Z,402.4875,407.1233,402.0878,406.2939,
SPY,3000,OneDay,2022-09-12T00:00:00Z,409.4333,412.3276,408.8458,410.2538,
SPY,3000,OneDay,2022-09-13T00:00:00Z,401.1074,402.4454,391.332,392.3405,
SPY,3000,OneDay,2022-09-14T00:00:00Z,393.8583,395.5159,390.5234,394.0779,
SPY,3000,OneDay,2022-09-15T00:00:00Z,392.4205,395.346,388.1968,389.5549,
SPY,3000,OneDay,2022-09-16T00:00:00Z,383.9632,385.6207,381.5369,385.341,
SPY,3000,OneDay,2022-09-19T00:00:00Z,381.6666,387.9173,381.5966,387.9073,
SPY,3000,OneDay,2022-09-20T00:00:00Z,384.5524,385.5209,380.6181,383.5339,
SPY,3000,OneDay,2022-09-21T00:00:00Z,385.5906,388.6561,376.8638,376.9038,
SPY,3000,OneDay,2022-09-22T00:00:00Z,376.0552,377.0736,372.8898,373.5987,
SPY,3000,OneDay,2022-09-23T00:00:00Z,369.9143,369.9143,362.7451,367.418,
SPY,3000,OneDay,2022-09-26T00:00:00Z,365.7306,369.6346,362.4855,363.5839,
SPY,3000,OneDay,2022-09-27T00:00:00Z,367.4879,369.8145,360.3488,362.9647,
SPY,3000,OneDay,2022-09-28T00:00:00Z,363.8932,371.7316,362.0762,369.8046,
SPY,3000,OneDay,2022-09-29T00:00:00Z,366.1199,366.5095,359.1704,362.1759,
SPY,3000,OneDay,2022-09-30T00:00:00Z,361.2774,365.3313,356.6242,357.2034,
SPY,3000,OneDay,2022-10-03T00:00:00Z,360.5684,367.9772,358.6712,365.8405,
SPY,3000,OneDay,2022-10-04T00:00:00Z,372.0212,377.3133,371.7716,377.2133,
SPY,3000,OneDay,2022-10-05T00:00:00Z,372.82,378.8608,370.4535,376.2649,
SPY,3000,OneDay,2022-10-06T00:00:00Z,375.0766,378.1119,372.1309,372.6702,
SPY,3000,OneDay,2022-10-07T00:00:00Z,368.4465,368.7361,360.4086,362.3855,
SPY,3000,OneDay,2022-10-10T00:00:00Z,363.6037,363.6637,357.1934,359.5699,
SPY,3000,OneDay,2022-10-11T00:00:00Z,357.6627,362.4555,355.1864,357.0837,
SPY,3000,OneDay,2022-10-12T00:00:00Z,357.6029,359.2403,355.7756,356.0952,
SPY,3000,OneDay,2022-10-13T00:00:00Z,348.5365,366.9388,347.5779,365.3413,
SPY,3000,OneDay,2022-10-14T00:00:00Z,367.9972,369.6346,356.4345,357.0437,
SPY,3000,OneDay,2022-10-17T00:00:00Z,363.5639,367.418,363.5639,366.2898,
SPY,3000,OneDay,2022-10-18T00:00:00Z,374.6372,374.8368,366.9587,370.5634,
SPY,3000,OneDay,2022-10-19T00:00:00Z,368.147,371.2624,365.0017,368.0672,
SPY,3000,OneDay,2022-10-20T00:00:00Z,367.378,372.0811,364.0732,364.8021,
SPY,3000,OneDay,2022-10-21T00:00:00Z,364.3526,374.2178,363.0347,373.8185,
SPY,3000,OneDay,2022-10-24T00:00:00Z,375.466,379.4799,372.5504,378.3118,
SPY,3000,OneDay,2022-10-25T00:00:00Z,378.2619,384.6621,378.2118,384.4225,
SPY,3000,OneDay,2022-10-26T00:00:00Z,380.9777,386.9788,380.7581,381.417,
SPY,3000,OneDay,2022-10-27T00:00:00Z,382.6552,384.3826,378.7611,379.1604,
SPY,3000,OneDay,2022-10-28T00:00:00Z,379.1204,388.9257,379.1204,388.4564,
SPY,3000,OneDay,2022-10-31T00:00:00Z,385.8503,387.8075,384.6921,385.6307,
SPY,3000,OneDay,2022-11-01T00:00:00Z,389.4649,389.7646,382.7151,383.9833,
SPY,3000,OneDay,2022-11-02T00:00:00Z,383.2943,387.9173,374.3475,374.4075,
SPY,3000,OneDay,2022-11-03T00:00:00Z,370.6331,373.6086,368.2669,370.6331,
SPY,3000,OneDay,2022-11-04T00:00:00Z,376.3545,378.2918,369.455,375.7956,
SPY,3000,OneDay,2022-11-07T00:00:00Z,377.2933,379.9692,375.0067,379.3301,
SPY,3000,OneDay,2022-11-08T00:00:00Z,379.4699,384.5025,377.1434,381.447,
SPY,3000,OneDay,2022-11-09T00:00:00Z,379.1804,380.5185,373.0597,373.6086,
SPY,3000,OneDay,2022-11-10T00:00:00Z,387.5677,394.4175,385.0616,393.9083,
SPY,3000,OneDay,2022-11-11T00:00:00Z,395.0564,398.7211,393.0097,397.7226,
SPY,3000,OneDay,2022-11-14T00:00:00Z,396.0052,399.5597,394.3475,394.4975,
SPY,3000,OneDay,2022-11-15T00:00:00Z,400.8578,401.6666,393.9083,397.8823,
SPY,3000,OneDay,2022-11-16T00:00:00Z,395.9952,397.1634,394.1978,394.8068,
SPY,3000,OneDay,2022-11-17T00:00:00Z,389.8243,394.3275,389.5549,393.7586,
SPY,3000,OneDay,2022-11-18T00:00:00Z,397.0237,397.0237,392.4504,395.5756,
SPY,3000,OneDay,2022-11-21T00:00:00Z,394.1778,395.1863,392.1808,393.9083,
SPY,3000,OneDay,2022-11-22T00:00:00Z,396.1549,399.4499,394.5672,399.2204,
SPY,3000,OneDay,2022-11-23T00:00:00Z,398.9307,402.3055,398.7211,401.6766,
SPY,3000,OneDay,2022-11-25T00:00:00Z,401.3571,402.2858,400.9377,401.6267,
SPY,3000,OneDay,2022-11-28T00:00:00Z,398.4414,400.1988,394.5174,395.406,
SPY,3000,OneDay,2022-11-29T00:00:00Z,395.3661,396.6841,392.7201,394.6971,
SPY,3000,OneDay,2022-11-30T00:00:00Z,394.8467,406.8588,392.8998,406.8287,
SPY,3000,OneDay,2022-12-01T00:00:00Z,408.1568,409.0855,404.1429,406.9087,
SPY,3000,OneDay,2022-12-02T00:00:00Z,401.7765,407.2383,401.7566,406.1999,
SPY,3000,OneDay,2022-12-05T00:00:00Z,403.2643,404.2926,397.5926,399.0904,
SPY,3000,OneDay,2022-12-06T00:00:00Z,398.8308,399.34,391.0526,393.329,
SPY,3000,OneDay,2022-12-07T00:00:00Z,392.1709,395.0367,391.3721,392.6001,
SPY,3000,OneDay,2022-12-08T00:00:00Z,394.3875,396.7441,392.8898,395.6456,
SPY,3000,OneDay,2022-12-09T00:00:00Z,394.5374,397.0037,392.5702,392.7501,
SPY,3000,OneDay,2022-12-12T00:00:00Z,393.429,398.2818,392.8198,398.2818,
SPY,3000,OneDay,2022-12-13T00:00:00Z,409.4349,409.465,398.4815,401.2573,
SPY,3000,OneDay,2022-12-14T00:00:00Z,401.1873,404.7321,395.7156,398.8407,
SPY,3000,OneDay,2022-12-15T00:00:00Z,393.7686,394.6272,387.3083,389.1454,
SPY,3000,OneDay,2022-12-16T00:00:00Z,384.3625,385.9602,380.4585,382.815,
SPY,3000,OneDay,2022-12-19T00:00:00Z,382.9048,383.2143,377.7326,379.5499,
SPY,3000,OneDay,2022-12-20T00:00:00Z,378.7111,381.6267,377.2833,379.9992,
SPY,3000,OneDay,2022-12-21T00:00:00Z,382.5654,386.8188,382.1359,385.6507,
SPY,3000,OneDay,2022-12-22T00:00:00Z,382.2758,382.7651,374.2078,380.1189,
SPY,3000,OneDay,2022-12-23T00:00:00Z,379.2303,382.4555,377.4729,382.1859,
SPY,3000,OneDay,2022-12-27T00:00:00Z,382.3058,382.5454,379.0904,380.7881,
SPY,3000,OneDay,2022-12-28T00:00:00Z,380.7481,382.7251,375.8653,376.1749,
SPY,3000,OneDay,2022-12-29T00:00:00Z,379.1504,383.7436,378.5414,382.805,
SPY,3000,OneDay,2022-12-30T00:00:00Z,379.9093,381.9362,377.8722,381.9163,
SPY,3000,OneDay,2023-01-03T00:00:00Z,383.7736,385.9203,377.2933,380.3286,
SPY,3000,OneDay,2023-01-04T00:00:00Z,382.5951,385.2713,379.45,383.3043,
SPY,3000,OneDay,2023-01-05T00:00:00Z,381.0676,381.1574,378.2218,378.811,
SPY,3000,OneDay,2023-01-06T00:00:00Z,381.9762,388.6561,378.9208,387.448,
SPY,3000,OneDay,2023-01-09T00:00:00Z,389.7945,393.0694,387.0884,387.3083,
SPY,3000,OneDay,2023-01-10T00:00:00Z,386.9587,390.0541,385.7106,389.9342,
SPY,3000,OneDay,2023-01-11T00:00:00Z,391.7516,394.9867,390.8128,394.9867,
SPY,3000,OneDay,2023-01-12T00:00:00Z,396.2048,397.8623,391.8113,396.4945,
SPY,3000,OneDay,2023-01-13T00:00:00Z,393.1095,398.4815,392.7601,397.8823,
SPY,3000,OneDay,2023-01-17T00:00:00Z,398.0222,399.5896,396.4645,397.0734,
SPY,3000,OneDay,2023-01-18T00:00:00Z,398.4615,399.4999,390.7031,390.8928,
SPY,3000,OneDay,2023-01-19T00:00:00Z,388.6362,390.4735,386.6791,387.9773,
SPY,3000,OneDay,2023-01-20T00:00:00Z,389.1554,395.426,387.7975,395.2963,
SPY,3000,OneDay,2023-01-23T00:00:00Z,396.0849,402.0262,395.1564,400.0689,
SPY,3000,OneDay,2023-01-24T00:00:00Z,398.0819,400.5384,397.0634,399.7596,
SPY,3000,OneDay,2023-01-25T00:00:00Z,395.2463,400.0689,392.9698,399.6396,
SPY,3000,OneDay,2023-01-26T00:00:00Z,402.5354,404.2828,399.4399,404.2828,
SPY,3000,OneDay,2023-01-27T00:00:00Z,403.0346,407.5377,402.8347,405.0714,
SPY,3000,OneDay,2023-01-30T00:00:00Z,402.3055,404.5024,399.7096,399.9892,
SPY,3000,OneDay,2023-01-31T00:00:00Z,400.5482,405.8403,400.2189,405.8403,
SPY,3000,OneDay,2023-02-01T00:00:00Z,404.5821,413.0196,401.8362,410.1139,
SPY,3000,OneDay,2023-02-02T00:00:00Z,414.2278,417.6426,412.2608,416.0649,
SPY,3000,OneDay,2023-02-03T00:00:00Z,410.9627,416.3145,410.4834,411.7416,
SPY,3000,OneDay,2023-02-06T00:00:00Z,409.2453,410.6631,407.5179,409.305,
SPY,3000,OneDay,2023-02-07T00:00:00Z,408.3765,415.8353,406.9488,414.6371,
SPY,3000,OneDay,2023-02-08T00:00:00Z,412.6201,413.8882,409.325,410.1239,
SPY,3000,OneDay,2023-02-09T00:00:00Z,413.9082,413.9082,405.2014,406.4294,
SPY,3000,OneDay,2023-02-10T00:00:00Z,405.401,407.8173,404.4125,407.418,
SPY,3000,OneDay,2023-02-13T00:00:00Z,408.1369,412.3205,407.6376,412.1109,
SPY,3000,OneDay,2023-02-14T00:00:00Z,410.6032,414.3975,407.8972,411.9312,
SPY,3000,OneDay,2023-02-15T00:00:00Z,409.6946,413.3291,408.8957,413.3291,
SPY,3000,OneDay,2023-02-16T00:00:00Z,408.4364,412.2608,407.5877,407.6476,
SPY,3000,OneDay,2023-02-17T00:00:00Z,405.301,406.8788,403.4439,406.5392,
SPY,3000,OneDay,2023-02-21T00:00:00Z,402.8148,403.5039,398.2319,398.5711,
SPY,3000,OneDay,2023-02-22T00:00:00Z,398.9407,400.5084,396.4245,397.9322,
SPY,3000,OneDay,2023-02-23T00:00:00Z,401.0674,401.5666,395.7056,400.0689,
SPY,3000,OneDay,2023-02-24T00:00:00Z,394.787,396.6441,393.0496,395.7056,
SPY,3000,OneDay,2023-02-27T00:00:00Z,399.39,400.6481,396.1549,397.1234,
SPY,3000,OneDay,2023-02-28T00:00:00Z,396.6841,398.6611,395.8953,395.9252,
SPY,3000,OneDay,2023-03-01T00:00:00Z,394.7371,396.0749,392.8098,394.0481,
SPY,3000,OneDay,2023-03-02T00:00:00Z,391.9812,398.0819,391.7716,397.0834,
SPY,3000,OneDay,2023-03-03T00:00:00Z,398.9907,403.8332,398.4315,403.5937,
SPY,3000,OneDay,2023-03-06T00:00:00Z,404.3125,406.8188,403.414,403.9132,
SPY,3000,OneDay,2023-03-07T00:00:00Z,403.8133,404.0529,397.0237,397.6726,
SPY,3000,OneDay,2023-03-08T00:00:00Z,397.7725,399.0904,396.0152,398.2618,
SPY,3000,OneDay,2023-03-09T00:00:00Z,399.1803,400.8478,389.9642,390.9927,
SPY,3000,OneDay,2023-03-10T00:00:00Z,390.3736,392.5602,383.7536,385.421,
SPY,3000,OneDay,2023-03-13T00:00:00Z,381.2374,389.6447,380.1089,384.7721,
SPY,3000,OneDay,2023-03-14T00:00:00Z,389.9242,392.8497,386.4995,391.1524,
SPY,3000,OneDay,2023-03-15T00:00:00Z,385.2414,388.8258,383.1245,388.4865,
SPY,3000,OneDay,2023-03-16T00:00:00Z,386.2399,395.8053,385.7206,395.426,
SPY,3000,OneDay,2023-03-17T00:00:00Z,392.9098,393.7486,387.9672,389.425,
SPY,3000,OneDay,2023-03-20T00:00:00Z,390.3736,393.5389,389.495,392.8598,
SPY,3000,OneDay,2023-03-21T00:00:00Z,396.8138,398.8008,394.9767,397.9222,
SPY,3000,OneDay,2023-03-22T00:00:00Z,398.0919,401.8362,391.5219,391.5219,
SPY,3000,OneDay,2023-03-23T00:00:00Z,394.5572,398.6811,389.7945,392.6402,
SPY,3000,OneDay,2023-03-24T00:00:00Z,391.1324,395.2264,388.8258,395.0964,
SPY,3000,OneDay,2023-03-27T00:00:00Z,397.6027,398.2718,394.9668,395.6257,
SPY,3000,OneDay,2023-03-28T00:00:00Z,395.2264,395.8653,393.0994,395.0964,
SPY,3000,OneDay,2023-03-29T00:00:00Z,399.2204,400.9877,398.1219,400.6381,
SPY,3000,OneDay,2023-03-30T00:00:00Z,403.364,403.7036,401.1574,403.0247,
SPY,3000,OneDay,2023-03-31T00:00:00Z,404.1229,409.0354,403.9432,408.8257,
SPY,3000,OneDay,2023-04-03T00:00:00Z,408.2768,410.7331,407.8173,410.2836,
SPY,3000,OneDay,2023-04-04T00:00:00Z,411.0424,411.292,406.6291,407.9473,
SPY,3000,OneDay,2023-04-05T00:00:00Z,407.2783,407.9972,405.2613,407.0384,
SPY,3000,OneDay,2023-04-06T00:00:00Z,406.1399,408.8458,405.1014,408.5362,
SPY,3000,OneDay,2023-04-10T00:00:00Z,406.1598,408.9657,405.3511,408.9257,
SPY,3000,OneDay,2023-04-11T00:00:00Z,409.5249,410.5332,408.3265,409.0256,
SPY,3000,OneDay,2023-04-12T00:00:00Z,411.1224,411.5317,406.8388,407.3381,
SPY,3000,OneDay,2023-04-13T00:00:00Z,408.6661,413.1994,408.087,412.7998,
SPY,3000,OneDay,2023-04-14T00:00:00Z,412.2608,414.4575,409.455,411.9212,
SPY,3000,OneDay,2023-04-17T00:00:00Z,411.7016,413.2593,410.4635,413.2293,
SPY,3000,OneDay,2023-04-18T00:00:00Z,414.8068,415.0864,412.1608,413.6586,
SPY,3000,OneDay,2023-04-19T00:00:00Z,411.7016,414.4274,411.5817,413.6087,
SPY,3000,OneDay,2023-04-20T00:00:00Z,410.5332,413.0594,409.6546,411.1823,
SPY,3000,OneDay,2023-04-21T00:00:00Z,411.412,412.0409,409.5847,411.6017,
SPY,3000,OneDay,2023-04-24T00:00:00Z,411.4219,412.4204,409.9842,411.9212,
SPY,3000,OneDay,2023-04-25T00:00:00Z,410.0539,410.5234,405.4309,405.471,
SPY,3000,OneDay,2023-04-26T00:00:00Z,406.3595,407.2184,403.1743,403.8332,
SPY,3000,OneDay,2023-04-27T00:00:00Z,406.4195,412.0609,406.1299,411.8212,
SPY,3000,OneDay,2023-04-28T00:00:00Z,411.0524,415.296,410.9428,415.1563,
SPY,3000,OneDay,2023-05-01T00:00:00Z,414.9967,416.9737,414.6471,414.9767,
SPY,3000,OneDay,2023-05-02T00:00:00Z,414.1478,414.1578,407.2184,410.1538,
SPY,3000,OneDay,2023-05-03T00:00:00Z,410.7431,413.1294,407.1683,407.4879,
SPY,3000,OneDay,2023-05-04T00:00:00Z,406.4294,406.6391,403.1344,404.3225,
SPY,3000,OneDay,2023-05-05T00:00:00Z,408.0369,413.0594,408.0369,411.7813,
SPY,3000,OneDay,2023-05-08T00:00:00Z,412.3406,412.6002,410.6631,412.1209,
SPY,3000,OneDay,2023-05-09T00:00:00Z,410.4834,411.442,410.0639,410.3835,
SPY,3000,OneDay,2023-05-10T00:00:00Z,413.2393,413.8982,408.2568,412.1909,
SPY,3000,OneDay,2023-05-11T00:00:00Z,411.4319,411.7813,409.355,411.4819,
SPY,3000,OneDay,2023-05-12T00:00:00Z,412.7998,412.9897,408.4665,411.0027,
SPY,3000,OneDay,2023-05-15T00:00:00Z,411.5917,412.7898,409.6246,412.2308,
SPY,3000,OneDay,2023-05-16T00:00:00Z,411.2223,412.1708,409.6446,409.6546,
SPY,3000,OneDay,2023-05-17T00:00:00Z,411.7416,415.2263,410.0241,414.5272,
SPY,3000,OneDay,2023-05-18T00:00:00Z,414.3376,419.0204,414.0479,418.6511,
SPY,3000,OneDay,2023-05-19T00:00:00Z,419.45,420.0789,416.7241,418.0121,
SPY,3000,OneDay,2023-05-22T00:00:00Z,418.0919,419.7395,416.7241,418.1119,24149348.0
SPY,3000,OneDay,2023-05-23T00:00:00Z,416.3346,417.4229,413.0594,413.5887,33810723.0
SPY,3000,OneDay,2023-05-24T00:00:00Z,411.8013,412.1508,409.2653,410.3935,30017698.0
SPY,3000,OneDay,2023-05-25T00:00:00Z,413.9082,415.5059,411.7913,413.9383,36959509.0
SPY,3000,OneDay,2023-05-26T00:00:00Z,414.7868,420.1189,414.6371,419.3301,34042858.0
SPY,3000,OneDay,2023-05-30T00:00:00Z,421.367,421.9162,418.1219,419.6096,27293864.0
SPY,3000,OneDay,2023-05-31T00:00:00Z,417.5626,418.5611,415.5957,417.303,39757591.0
SPY,3000,OneDay,2023-06-01T00:00:00Z,417.453,422.2755,416.1748,421.1274,34309854.0
SPY,3000,OneDay,2023-06-02T00:00:00Z,423.9032,428.0769,423.334,427.1084,35348960.0
SPY,3000,OneDay,2023-06-05T00:00:00Z,427.6776,428.9657,425.7305,426.5391,30382739.0
SPY,3000,OneDay,2023-06-06T00:00:00Z,425.9402,427.9272,425.361,427.448,22693452.0
SPY,3000,OneDay,2023-06-07T00:00:00Z,427.7475,428.9557,425.4809,425.9002,32688427.0
SPY,3000,OneDay,2023-06-08T00:00:00Z,425.9302,428.8757,425.1814,428.5762,22670214.0
SPY,3000,OneDay,2023-06-09T00:00:00Z,429.5047,431.322,428.2268,429.1654,32847298.0
SPY,3000,OneDay,2023-06-12T00:00:00Z,430.2438,433.1594,429.5346,433.1094,32280914.0
SPY,3000,OneDay,2023-06-13T00:00:00Z,434.9667,436.6641,433.9979,436.0649,41399415.0
SPY,3000,OneDay,2023-06-14T00:00:00Z,436.4544,438.3914,432.9896,436.4444,39707657.0
SPY,3000,OneDay,2023-06-15T00:00:00Z,435.8053,443.2043,435.5956,441.8762,44771952.0
SPY,3000,OneDay,2023-06-16T00:00:00Z,442.4155,442.4155,438.3115,438.5512,49626926.0
SPY,3000,OneDay,2023-06-20T00:00:00Z,436.734,437.6826,434.3775,436.6541,27474641.0
SPY,3000,OneDay,2023-06-21T00:00:00Z,435.316,436.3145,433.6686,434.2875,31709647.0
SPY,3000,OneDay,2023-06-22T00:00:00Z,433.2991,435.9152,432.9797,435.8253,26249552.0
SPY,3000,OneDay,2023-06-23T00:00:00Z,432.3805,434.3874,431.8313,432.4205,35985925.0
SPY,3000,OneDay,2023-06-26T00:00:00Z,432.0109,433.9482,430.5532,430.7031,26887828.0
SPY,3000,OneDay,2023-06-27T00:00:00Z,431.6316,436.1348,431.2323,435.5757,29111720.0
SPY,3000,OneDay,2023-06-28T00:00:00Z,434.2675,436.7738,433.7583,435.4459,28168922.0
SPY,3000,OneDay,2023-06-29T00:00:00Z,435.1363,437.6226,434.9367,437.353,26145100.0
SPY,3000,OneDay,2023-07-03T00:00:00Z,442.0959,443.404,441.9662,443.2043,14666604.0
SPY,3000,OneDay,2023-07-05T00:00:00Z,441.4867,443.2043,441.417,442.4454,24110071.0
SPY,3000,OneDay,2023-07-06T00:00:00Z,438.7708,439.41,436.4045,439.0004,31555374.0
SPY,3000,OneDay,2023-07-07T00:00:00Z,437.9422,441.9662,437.6526,437.7523,29448608.0
SPY,3000,OneDay,2023-07-10T00:00:00Z,437.413,439.1604,436.9437,438.8408,24873758.0
SPY,3000,OneDay,2023-07-11T00:00:00Z,439.7792,442.2856,438.7807,441.8662,24214149.0
SPY,3000,OneDay,2023-07-12T00:00:00Z,445.8103,446.7888,444.2425,445.1213,37088295.0
SPY,3000,OneDay,2023-07-13T00:00:00Z,447.1883,449.6945,446.8188,448.9557,27815794.0
SPY,3000,OneDay,2023-07-14T00:00:00Z,449.8342,450.6731,447.9472,448.1068,28300995.0
SPY,3000,OneDay,2023-07-17T00:00:00Z,448.6161,451.242,448.4762,450.1038,20122393.0
SPY,3000,OneDay,2023-07-18T00:00:00Z,449.7243,454.1578,449.3749,453.5086,30574001.0
SPY,3000,OneDay,2023-07-19T00:00:00Z,454.5472,455.7153,453.6885,454.6571,25460403.0
SPY,3000,OneDay,2023-07-20T00:00:00Z,453.7983,454.3875,450.7728,451.5417,26012459.0
SPY,3000,OneDay,2023-07-24T00:00:00Z,452.7698,454.3375,452.0809,453.4787,21675453.0
SPY,3000,OneDay,2023-07-25T00:00:00Z,453.239,456.0349,453.229,454.7468,21068469.0
SPY,3000,OneDay,2023-07-26T00:00:00Z,453.8183,456.2345,452.71,454.7868,27817957.0
SPY,3000,OneDay,2023-07-27T00:00:00Z,458.2716,458.7507,450.9327,451.8712,37223313.0
SPY,3000,OneDay,2023-07-28T00:00:00Z,455.1963,457.0734,454.4075,456.0848,32544170.0
SPY,3000,OneDay,2023-07-31T00:00:00Z,456.684,457.4627,455.376,457.0734,23365422.0
SPY,3000,OneDay,2023-08-01T00:00:00Z,455.7353,456.5541,454.8068,455.7353,23310494.0
SPY,3000,OneDay,2023-08-02T00:00:00Z,452.5001,452.8297,448.6661,449.4649,38230310.0
SPY,3000,OneDay,2023-08-03T00:00:00Z,447.3779,450.0938,446.6791,448.1369,25589193.0
SPY,3000,OneDay,2023-08-04T00:00:00Z,449.7743,452.2108,445.6306,446.0799,45436320.0
SPY,3000,OneDay,2023-08-07T00:00:00Z,448.0469,450.1838,447.318,450.0639,23754580.0
SPY,3000,OneDay,2023-08-08T00:00:00Z,447.298,448.5462,444.6121,448.1569,32433659.0
SPY,3000,OneDay,2023-08-09T00:00:00Z,448.3565,448.4961,444.3325,445.1313,32456071.0
SPY,3000,OneDay,2023-08-10T00:00:00Z,447.4279,451.0024,444.0429,445.1414,39746734.0
SPY,3000,OneDay,2023-08-11T00:00:00Z,443.424,446.03,442.6851,444.6721,29232245.0
SPY,3000,OneDay,2023-08-14T00:00:00Z,444.1529,447.348,443.7135,447.268,22422456.0
SPY,3000,OneDay,2023-08-15T00:00:00Z,445.6006,445.9402,441.6566,442.5452,31023130.0
SPY,3000,OneDay,2023-08-16T00:00:00Z,442.036,443.5036,438.9904,438.9904,33090042.0
SPY,3000,OneDay,2023-08-17T00:00:00Z,440.4384,440.7378,435.0964,435.9652,37235975.0
SPY,3000,OneDay,2023-08-18T00:00:00Z,432.4904,436.8937,432.4904,435.276,45589061.0
SPY,3000,OneDay,2023-08-21T00:00:00Z,436.714,439.43,434.6671,438.6811,30633001.0
SPY,3000,OneDay,2023-08-22T00:00:00Z,440.3685,440.4085,436.9337,437.4629,30678315.0
SPY,3000,OneDay,2023-08-23T00:00:00Z,438.5311,442.9944,438.5311,442.2856,28838866.0
SPY,3000,OneDay,2023-08-24T00:00:00Z,444.1328,444.5221,436.3046,436.4345,38879421.0
SPY,3000,OneDay,2023-08-25T00:00:00Z,437.9622,440.6081,434.3575,439.26,43078934.0
SPY,3000,OneDay,2023-08-28T00:00:00Z,441.4967,442.6951,440.2088,442.1758,27295207.0
SPY,3000,OneDay,2023-08-29T00:00:00Z,442.0459,448.7558,441.8063,448.5861,36386580.0
SPY,3000,OneDay,2023-08-30T00:00:00Z,448.9854,450.9724,448.1168,450.2736,31376828.0
SPY,3000,OneDay,2023-08-31T00:00:00Z,451.0923,452.1409,449.6945,449.8342,31028523.0
SPY,3000,OneDay,2023-09-01T00:00:00Z,452.3405,452.9694,449.0054,450.3035,25495266.0
SPY,3000,OneDay,2023-09-05T00:00:00Z,450.0039,450.3634,448.4961,448.5861,26871957.0
SPY,3000,OneDay,2023-09-06T00:00:00Z,447.7973,447.8173,443.1544,445.5507,32826109.0
SPY,3000,OneDay,2023-09-07T00:00:00Z,442.3655,444.7518,442.1058,444.3325,32107514.0
SPY,3000,OneDay,2023-09-08T00:00:00Z,444.2128,446.4294,443.8632,444.8318,28241576.0
SPY,3000,OneDay,2023-09-11T00:00:00Z,447.6876,448.0669,445.8103,447.7373,26809033.0
SPY,3000,OneDay,2023-09-12T00:00:00Z,446.2296,447.7573,444.722,445.2811,29593253.0
SPY,3000,OneDay,2023-09-13T00:00:00Z,445.4609,447.0184,444.4025,445.7702,29011654.0
SPY,3000,OneDay,2023-09-14T00:00:00Z,448.5262,450.3835,447.0484,449.7045,38258825.0
SPY,3000,OneDay,2023-09-15T00:00:00Z,446.7687,446.7687,442.3655,442.6051,50099053.0
SPY,3000,OneDay,2023-09-18T00:00:00Z,442.4554,444.2926,441.8963,442.9944,27483238.0
SPY,3000,OneDay,2023-09-19T00:00:00Z,442.036,442.6051,439.28,441.8963,27613223.0
SPY,3000,OneDay,2023-09-20T00:00:00Z,443.304,443.7633,437.7822,437.8323,32466215.0
SPY,3000,OneDay,2023-09-21T00:00:00Z,435.0264,435.3061,430.6031,430.723,44649956.0
SPY,3000,OneDay,2023-09-22T00:00:00Z,431.7813,433.429,429.355,429.7942,39804805.0
SPY,3000,OneDay,2023-09-25T00:00:00Z,428.5662,431.6116,428.0969,431.4719,32274687.0
SPY,3000,OneDay,2023-09-26T00:00:00Z,428.6561,429.1553,424.3825,425.2513,40760726.0
SPY,3000,OneDay,2023-09-27T00:00:00Z,426.4395,427.0084,421.6566,425.281,47357072.0
SPY,3000,OneDay,2023-09-28T00:00:00Z,424.9017,429.5847,424.2428,427.7176,40996277.0
SPY,3000,OneDay,2023-09-29T00:00:00Z,431.0824,431.1624,425.301,426.6191,45007635.0
SPY,3000,OneDay,2023-10-02T00:00:00Z,425.9002,427.9372,423.8732,426.5991,38874141.0
SPY,3000,OneDay,2023-10-03T00:00:00Z,424.6321,425.9902,419.5496,420.8278,46291475.0
SPY,3000,OneDay,2023-10-04T00:00:00Z,421.427,424.7818,419.9392,424.2626,38196760.0
SPY,3000,OneDay,2023-10-05T00:00:00Z,423.7435,424.7221,420.5481,423.6636,32146029.0
SPY,3000,OneDay,2023-10-09T00:00:00Z,427.1684,432.2108,426.3695,431.5617,32887851.0
SPY,3000,OneDay,2023-10-10T00:00:00Z,432.3405,436.5442,431.9113,433.8882,36075245.0
SPY,3000,OneDay,2023-10-12T00:00:00Z,436.0849,436.6641,430.5931,433.0794,35368029.0
SPY,3000,OneDay,2023-10-13T00:00:00Z,434.6871,435.7852,429.2551,430.8228,39272184.0
SPY,3000,OneDay,2023-10-16T00:00:00Z,433.0794,436.4644,432.9197,435.1463,30826593.0
SPY,3000,OneDay,2023-10-17T00:00:00Z,432.2705,437.4629,431.8113,435.3859,33807608.0
SPY,3000,OneDay,2023-10-18T00:00:00Z,433.6086,434.5072,428.4465,429.4649,40263277.0
SPY,3000,OneDay,2023-10-19T00:00:00Z,430.2338,432.1508,425.0914,425.8403,52485665.0
SPY,3000,OneDay,2023-10-20T00:00:00Z,425.3211,425.8702,420.4784,420.5682,59416755.0
SPY,3000,OneDay,2023-10-23T00:00:00Z,418.9007,423.7933,417.1834,419.9592,39976949.0
SPY,3000,OneDay,2023-10-24T00:00:00Z,422.0259,424.1528,420.1089,422.8847,30361705.0
SPY,3000,OneDay,2023-10-25T00:00:00Z,421.1573,421.1573,416.3945,416.8837,39556279.0
SPY,3000,OneDay,2023-10-26T00:00:00Z,415.6156,416.6841,411.0226,411.9413,50713302.0
SPY,3000,OneDay,2023-10-30T00:00:00Z,413.0494,416.0449,411.6017,414.9667,39280632.0
SPY,3000,OneDay,2023-10-31T00:00:00Z,415.466,417.8623,413.6087,417.7226,33832642.0
SPY,3000,OneDay,2023-11-01T00:00:00Z,418.6411,422.8448,418.0121,422.0559,43783824.0
SPY,3000,OneDay,2023-11-02T00:00:00Z,426.06,430.2536,426.06,430.1139,39257799.0
SPY,3000,OneDay,2023-11-03T00:00:00Z,432.5502,435.6156,432.3605,434.0979,40814975.0
SPY,3000,OneDay,2023-11-06T00:00:00Z,435.0564,435.4759,433.0194,435.0564,31377797.0
SPY,3000,OneDay,2023-11-07T00:00:00Z,435.0664,436.9137,433.8782,436.1848,27635981.0
SPY,3000,OneDay,2023-11-08T00:00:00Z,436.8138,437.423,434.2476,436.7438,25471045.0
SPY,3000,OneDay,2023-11-09T00:00:00Z,437.6926,437.8023,432.7498,433.1293,34761701.0
SPY,3000,OneDay,2023-11-10T00:00:00Z,435.1863,440.2585,433.7783,440.0089,37082938.0
SPY,3000,OneDay,2023-11-13T00:00:00Z,438.6311,440.6481,437.7623,439.5497,23271189.0
SPY,3000,OneDay,2023-11-14T00:00:00Z,445.7005,449.3749,445.4309,447.8372,38867842.0
SPY,3000,OneDay,2023-11-15T00:00:00Z,449.5247,450.693,448.1369,448.8258,31917484.0
SPY,3000,OneDay,2023-11-16T00:00:00Z,448.5262,449.8542,447.4579,449.6246,30414045.0
SPY,3000,OneDay,2023-11-17T00:00:00Z,449.7145,450.703,448.6561,450.1238,39104703.0
SPY,3000,OneDay,2023-11-20T00:00:00Z,449.8942,454.4274,449.8742,453.5487,29087262.0
SPY,3000,OneDay,2023-11-21T00:00:00Z,452.5701,452.9397,451.2721,452.5901,23245615.0
SPY,3000,OneDay,2023-11-22T00:00:00Z,454.2875,455.6955,453.229,454.4374,24584459.0
SPY,3000,OneDay,2023-11-24T00:00:00Z,454.3975,454.7567,454.0479,454.5372,14156244.0
SPY,3000,OneDay,2023-11-27T00:00:00Z,454.0679,454.7968,453.389,453.8882,22233110.0
SPY,3000,OneDay,2023-11-28T00:00:00Z,453.4589,455.5656,452.8297,454.1578,26702067.0
SPY,3000,OneDay,2023-11-29T00:00:00Z,456.4642,457.6126,453.5187,453.9282,27119391.0
SPY,3000,OneDay,2023-11-30T00:00:00Z,454.7868,456.0349,452.6801,455.8753,33109814.0
SPY,3000,OneDay,2023-12-05T00:00:00Z,454.5472,456.8837,454.1978,455.7953,31800605.0
SPY,3000,OneDay,2023-12-06T00:00:00Z,458.0019,458.1319,453.6286,454.0379,30301151.0
SPY,3000,OneDay,2023-12-07T00:00:00Z,456.0049,458.1718,455.6256,457.6326,26312455.0
SPY,3000,OneDay,2023-12-08T00:00:00Z,456.7338,460.0389,456.5242,459.4597,30876408.0
SPY,3000,OneDay,2023-12-11T00:00:00Z,458.9506,461.4567,458.7908,461.397,27052017.0
SPY,3000,OneDay,2023-12-12T00:00:00Z,460.8377,463.4339,459.9092,463.4239,26142850.0
SPY,3000,OneDay,2023-12-13T00:00:00Z,463.6835,470.0339,463.4239,469.6943,34684932.0
SPY,3000,OneDay,2023-12-14T00:00:00Z,471.8112,473.0094,468.5461,471.0823,45062062.0
SPY,3000,OneDay,2023-12-18T00:00:00Z,470.2035,472.2406,470.0938,471.302,27084207.0
SPY,3000,OneDay,2023-12-19T00:00:00Z,471.7913,473.9679,471.7913,473.9679,22819966.0
SPY,3000,OneDay,2023-12-20T00:00:00Z,473.0693,475.1663,467.368,467.4179,39728875.0
SPY,3000,OneDay,2023-12-21T00:00:00Z,470.5132,472.2205,468.1269,472.2205,32415086.0
SPY,3000,OneDay,2023-12-22T00:00:00Z,473.1693,474.657,470.9925,472.8197,27299307.0
SPY,3000,OneDay,2023-12-26T00:00:00Z,473.299,475.8352,473.279,474.8867,22419883.0
SPY,3000,OneDay,2023-12-27T00:00:00Z,474.7868,475.9349,474.1975,475.7553,28082363.0
SPY,3000,OneDay,2023-12-28T00:00:00Z,476.1846,476.7638,475.5456,475.8952,30127230.0
SPY,3000,OneDay,2023-12-29T00:00:00Z,475.7252,476.3045,472.6301,474.7168,48247360.0
SPY,3000,OneDay,2024-01-02T00:00:00Z,471.382,472.9394,469.7843,471.6615,47629409.0
SPY,3000,OneDay,2024-01-03T00:00:00Z,469.5846,470.4234,467.4577,467.9272,45814194.0
SPY,3000,OneDay,2024-01-04T00:00:00Z,467.4676,470.2436,466.3595,466.4891,36004056.0
SPY,3000,OneDay,2024-01-08T00:00:00Z,467.8372,474.0079,467.6176,473.7982,33636336.0
SPY,3000,OneDay,2024-01-09T00:00:00Z,471.1921,474.1876,470.6531,473.1393,30886360.0
SPY,3000,OneDay,2024-01-10T00:00:00Z,473.5087,476.7237,473.1593,475.9649,28093994.0
SPY,3000,OneDay,2024-01-11T00:00:00Z,476.8438,477.3829,471.5716,475.5157,33112256.0
SPY,3000,OneDay,2024-01-16T00:00:00Z,474.5471,475.8453,472.3505,474.1378,36812127.0
SPY,3000,OneDay,2024-01-17T00:00:00Z,471.0224,472.0708,469.1653,471.5916,30241294.0
SPY,3000,OneDay,2024-01-18T00:00:00Z,473.3289,476.3145,471.7213,475.7353,42314205.0
SPY,3000,OneDay,2024-01-19T00:00:00Z,476.9534,481.8862,476.2545,481.6266,52706450.0
SPY,3000,OneDay,2024-01-22T00:00:00Z,483.294,484.4822,482.0758,482.7248,37679602.0
SPY,3000,OneDay,2024-01-23T00:00:00Z,483.274,484.3625,482.1756,484.0628,23414779.0
SPY,3000,OneDay,2024-01-24T00:00:00Z,487.0084,488.0269,484.2825,484.5421,36201320.0
SPY,3000,OneDay,2024-01-25T00:00:00Z,486.7388,487.5576,484.6718,487.248,31375337.0
SPY,3000,OneDay,2024-01-26T00:00:00Z,486.7388,488.3764,485.8502,486.7288,31851778.0
SPY,3000,OneDay,2024-01-29T00:00:00Z,486.9584,490.6728,486.4391,490.4632,25984519.0
SPY,3000,OneDay,2024-01-30T00:00:00Z,489.9439,490.8727,489.3849,490.3535,23077038.0
SPY,3000,OneDay,2024-01-31T00:00:00Z,487.6773,488.3465,482.3355,482.645,49218396.0
SPY,3000,OneDay,2024-02-01T00:00:00Z,483.9529,488.4361,483.0844,488.4064,37508446.0
SPY,3000,OneDay,2024-02-02T00:00:00Z,489.1253,495.2959,488.5661,493.6086,40659334.0
SPY,3000,OneDay,2024-02-05T00:00:00Z,492.7897,493.4187,489.5146,492.1208,37363727.0
SPY,3000,OneDay,2024-02-06T00:00:00Z,492.9994,493.5686,491.322,493.289,26105287.0
SPY,3000,OneDay,2024-02-07T00:00:00Z,495.4956,497.7523,494.6171,497.3029,32406411.0
SPY,3000,OneDay,2024-02-08T00:00:00Z,497.3029,497.9219,496.5341,497.5426,22516222.0
SPY,3000,OneDay,2024-02-09T00:00:00Z,498.1318,500.8876,497.8622,500.2984,25549668.0
SPY,3000,OneDay,2024-02-12T00:00:00Z,500.5281,502.7248,499.5196,500.2185,23688935.0
SPY,3000,OneDay,2024-02-13T00:00:00Z,493.3989,495.0963,489.9839,493.339,45147486.0
SPY,3000,OneDay,2024-02-14T00:00:00Z,496.4042,498.0619,493.6583,498.0619,31270585.0
SPY,3000,OneDay,2024-02-15T00:00:00Z,498.5211,501.4366,498.0518,501.257,24753703.0
SPY,3000,OneDay,2024-02-16T00:00:00Z,501.0873,502.0958,498.0918,498.7508,33762960.0
SPY,3000,OneDay,2024-02-20T00:00:00Z,496.9634,497.6126,493.7782,495.8652,31400638.0
SPY,3000,OneDay,2024-02-21T00:00:00Z,494.7767,496.6141,492.8397,496.3544,24813585.0
SPY,3000,OneDay,2024-02-22T00:00:00Z,503.304,507.7073,502.2655,506.7587,30435469.0
SPY,3000,OneDay,2024-02-23T00:00:00Z,508.4662,509.3449,506.3394,507.4076,24436401.0
SPY,3000,OneDay,2024-02-26T00:00:00Z,507.4677,507.9669,505.1213,505.2011,22449209.0
SPY,3000,OneDay,2024-02-27T00:00:00Z,505.9599,506.3794,504.0029,506.2195,21914344.0
SPY,3000,OneDay,2024-02-28T00:00:00Z,504.5921,506.0898,504.2125,505.241,24022007.0
SPY,3000,OneDay,2024-02-29T00:00:00Z,507.3977,508.9554,504.6021,507.5876,30637644.0
SPY,3000,OneDay,2024-03-01T00:00:00Z,508.2565,512.4801,507.8072,512.2305,27681905.0
SPY,3000,OneDay,2024-03-04T00:00:00Z,511.4417,513.4086,511.232,511.4617,20255471.0
SPY,3000,OneDay,2024-03-05T00:00:00Z,509.3847,509.9139,504.1525,506.3195,32779251.0
SPY,3000,OneDay,2024-03-06T00:00:00Z,509.8442,511.292,507.6673,509.145,28395075.0
SPY,3000,OneDay,2024-03-07T00:00:00Z,512.3304,515.1063,511.4417,514.3774,24827553.0
SPY,3000,OneDay,2024-03-08T00:00:00Z,515.0364,517.4427,510.3634,511.1123,33829407.0
SPY,3000,OneDay,2024-03-11T00:00:00Z,509.8042,511.0624,507.7572,510.4432,24151744.0
SPY,3000,OneDay,2024-03-12T00:00:00Z,512.7997,516.5641,510.0938,516.0549,29824906.0
SPY,3000,OneDay,2024-03-13T00:00:00Z,516.2445,516.5041,513.7083,515.226,23628246.0
SPY,3000,OneDay,2024-03-14T00:00:00Z,516.1746,516.3244,511.0524,513.8482,44584441.0
SPY,3000,OneDay,2024-03-15T00:00:00Z,509.325,510.9124,507.5976,508.8854,53204719.0
SPY,3000,OneDay,2024-03-18T00:00:00Z,513.239,514.6868,511.6813,512.1307,28808274.0
SPY,3000,OneDay,2024-03-19T00:00:00Z,511.312,515.216,510.3734,514.7567,26391909.0
SPY,3000,OneDay,2024-03-20T00:00:00Z,514.9963,519.8292,514.3075,519.5995,32008293.0
SPY,3000,OneDay,2024-03-21T00:00:00Z,522.4751,523.3139,521.2669,521.5766,25447380.0
SPY,3000,OneDay,2024-03-22T00:00:00Z,521.3569,521.8062,520.2185,520.598,24106200.0
SPY,3000,OneDay,2024-03-25T00:00:00Z,518.9404,520.1686,518.8307,519.1701,19608915.0
SPY,3000,OneDay,2024-03-26T00:00:00Z,520.4182,520.7377,517.6523,517.7422,23637070.0
SPY,3000,OneDay,2024-03-27T00:00:00Z,520.8676,522.2155,518.7108,522.2155,33337727.0
SPY,3000,OneDay,2024-03-28T00:00:00Z,522.3951,523.8132,521.9958,522.6448,34099885.0
SPY,3000,OneDay,2024-04-01T00:00:00Z,522.9444,523.5736,520.1985,521.4666,25806291.0
SPY,3000,OneDay,2024-04-02T00:00:00Z,517.4427,518.1716,515.7352,517.9719,32200957.0
SPY,3000,OneDay,2024-04-03T00:00:00Z,517.1731,520.1585,516.9235,518.621,26328796.0
SPY,3000,OneDay,2024-04-04T00:00:00Z,522.7748,523.0743,512.0008,512.2905,43203344.0
SPY,3000,OneDay,2024-04-05T00:00:00Z,513.6285,519.6493,513.299,517.8222,30341443.0
SPY,3000,OneDay,2024-04-08T00:00:00Z,518.5811,519.3797,517.133,517.8222,20910716.0
SPY,3000,OneDay,2024-04-09T00:00:00Z,519.5796,519.9589,513.5786,518.5411,29684088.0
SPY,3000,OneDay,2024-04-10T00:00:00Z,512.63,515.3759,511.3319,513.9179,34331502.0
SPY,3000,OneDay,2024-04-11T00:00:00Z,514.6968,518.6908,511.3319,517.5326,27866188.0
SPY,3000,OneDay,2024-04-12T00:00:00Z,513.5985,515.0163,508.3364,510.0138,43535590.0
SPY,3000,OneDay,2024-04-15T00:00:00Z,514.1078,514.4671,502.8247,503.8532,36684436.0
SPY,3000,OneDay,2024-04-16T00:00:00Z,504.1228,505.6503,501.6066,502.8347,31353581.0
SPY,3000,OneDay,2024-04-17T00:00:00Z,505.0213,505.4106,498.3714,499.9889,33218025.0
SPY,3000,OneDay,2024-04-18T00:00:00Z,501.0173,503.3539,497.8123,498.7308,34272696.0
SPY,3000,OneDay,2024-04-19T00:00:00Z,498.6011,499.6892,493.1193,494.0779,45231986.0
SPY,3000,OneDay,2024-04-22T00:00:00Z,497.183,501.6165,494.6967,498.7907,29585843.0
SPY,3000,OneDay,2024-04-23T00:00:00Z,500.8777,505.301,500.4682,504.7018,27675996.0
SPY,3000,OneDay,2024-04-24T00:00:00Z,505.7902,506.5891,502.3854,504.9714,25319674.0
SPY,3000,OneDay,2024-04-26T00:00:00Z,505.5006,509.1053,504.9514,507.7772,26072410.0
SPY,3000,OneDay,2024-04-29T00:00:00Z,509.305,509.9739,506.5191,509.1951,19215526.0
SPY,3000,OneDay,2024-04-30T00:00:00Z,507.5876,508.7657,501.307,501.4266,34663746.0
SPY,3000,OneDay,2024-05-01T00:00:00Z,500.4981,507.3579,499.1303,499.7592,34213193.0
SPY,3000,OneDay,2024-05-02T00:00:00Z,503.8432,505.1213,498.8207,504.3524,29499227.0
SPY,3000,OneDay,2024-05-03T00:00:00Z,510.2834,511.5916,507.7973,510.5631,29952586.0
SPY,3000,OneDay,2024-05-06T00:00:00Z,512.7997,515.7352,512.5401,515.7352,21797330.0
SPY,3000,OneDay,2024-05-07T00:00:00Z,516.7737,517.7823,515.6853,516.6938,19934688.0
SPY,3000,OneDay,2024-05-08T00:00:00Z,514.4871,516.9334,514.4871,516.5041,18731799.0
SPY,3000,OneDay,2024-05-09T00:00:00Z,516.7238,519.4096,515.925,519.3499,18181986.0
SPY,3000,OneDay,2024-05-13T00:00:00Z,521.8362,521.8362,518.9704,520.1187,16610669.0
SPY,3000,OneDay,2024-05-14T00:00:00Z,520.4081,523.0344,519.7692,522.5551,24035149.0
SPY,3000,OneDay,2024-05-15T00:00:00Z,525.0013,529.2549,524.3921,528.9354,23827638.0
SPY,3000,OneDay,2024-05-16T00:00:00Z,529.175,530.7127,527.7673,527.8869,20864282.0
SPY,3000,OneDay,2024-05-20T00:00:00Z,528.7157,530.7527,528.4062,529.225,17006951.0
SPY,3000,OneDay,2024-05-21T00:00:00Z,528.3564,530.6928,528.2865,530.5231,15856904.0
SPY,3000,OneDay,2024-05-22T00:00:00Z,529.9539,530.573,526.8087,528.8954,19739580.0
SPY,3000,OneDay,2024-05-23T00:00:00Z,532.0808,532.0808,523.9329,525.191,25651322.0
SPY,3000,OneDay,2024-05-28T00:00:00Z,529.5146,529.6943,526.3194,528.9154,15017888.0
SPY,3000,OneDay,2024-05-29T00:00:00Z,524.8417,526.5091,524.6318,524.8317,19217533.0
SPY,3000,OneDay,2024-05-30T00:00:00Z,523.5336,524.4021,520.5481,522.1355,19901235.0
SPY,3000,OneDay,2024-05-31T00:00:00Z,522.8844,526.2795,517.5925,526.2795,31984449.0
SPY,3000,OneDay,2024-06-03T00:00:00Z,528.0369,528.3364,521.8362,526.7387,20086095.0
SPY,3000,OneDay,2024-06-04T00:00:00Z,525.7703,528.3564,524.1626,527.5676,16303504.0
SPY,3000,OneDay,2024-06-05T00:00:00Z,529.9838,533.7982,528.0169,533.6382,20035598.0
SPY,3000,OneDay,2024-06-06T00:00:00Z,534.0778,534.597,531.901,533.5486,13549099.0
SPY,3000,OneDay,2024-06-07T00:00:00Z,532.4901,536.0748,531.7312,533.199,18182738.0
SPY,3000,OneDay,2024-06-10T00:00:00Z,532.3404,535.1561,531.7613,534.6768,14459019.0
SPY,3000,OneDay,2024-06-11T00:00:00Z,533.2489,536.1546,531.2519,536.1546,15669925.0
SPY,3000,OneDay,2024-06-12T00:00:00Z,540.8974,543.244,539.4896,540.4781,24565667.0
SPY,3000,OneDay,2024-06-13T00:00:00Z,542.1555,542.4851,538.7807,541.5865,18500965.0
SPY,3000,OneDay,2024-06-14T00:00:00Z,540.1685,541.9658,539.0403,541.8959,16010883.0
SPY,3000,OneDay,2024-06-17T00:00:00Z,541.267,547.5775,540.7877,546.0099,26561740.0
SPY,3000,OneDay,2024-06-18T00:00:00Z,546.2994,547.7772,545.9199,547.6573,21264052.0
SPY,3000,OneDay,2024-06-20T00:00:00Z,548.5161,549.2749,544.3521,545.9199,30418859.0
SPY,3000,OneDay,2024-06-21T00:00:00Z,543.5436,544.8216,542.2854,543.5436,26454139.0
SPY,3000,OneDay,2024-06-24T00:00:00Z,543.4936,546.0995,541.8361,542.1055,18310192.0
SPY,3000,OneDay,2024-06-25T00:00:00Z,542.7147,544.2824,541.6463,544.1925,19386253.0
SPY,3000,OneDay,2024-06-26T00:00:00Z,542.7847,545.3907,542.2254,545.0313,17136653.0
SPY,3000,OneDay,2024-06-27T00:00:00Z,544.582,546.0698,543.8132,545.0413,14452137.0
SPY,3000,OneDay,2024-06-28T00:00:00Z,546.0995,549.4246,542.1356,543.0842,30522347.0
SPY,3000,OneDay,2024-07-01T00:00:00Z,544.5221,545.0313,541.7162,544.5918,17260438.0
SPY,3000,OneDay,2024-07-02T00:00:00Z,542.8744,548.0767,542.8147,548.0168,18211576.0
SPY,3000,OneDay,2024-07-03T00:00:00Z,547.9169,550.9924,547.9169,550.4431,14077548.0
SPY,3000,OneDay,2024-07-05T00:00:00Z,550.9024,554.1975,550.2934,553.8279,18030452.0
SPY,3000,OneDay,2024-07-08T00:00:00Z,554.557,555.4156,553.4686,554.1975,13228861.0
SPY,3000,OneDay,2024-07-09T00:00:00Z,555.4656,556.3341,554.6867,554.9663,12888357.0
SPY,3000,OneDay,2024-07-10T00:00:00Z,556.2944,560.7877,555.9548,560.7577,16823362.0
SPY,3000,OneDay,2024-07-11T00:00:00Z,560.7277,561.4666,554.9864,555.9749,21033795.0
SPY,3000,OneDay,2024-07-12T00:00:00Z,556.544,562.8046,556.4641,558.2315,21240158.0
SPY,3000,OneDay,2024-07-15T00:00:00Z,561.147,563.9528,558.7807,559.9889,17835063.0
SPY,3000,OneDay,2024-07-16T00:00:00Z,562.1255,564.2924,561.2669,563.7133,17130277.0
SPY,3000,OneDay,2024-07-17T00:00:00Z,558.1815,559.6593,555.7952,556.3341,24125280.0
SPY,3000,OneDay,2024-07-18T00:00:00Z,557.5026,558.6707,549.6043,552.0408,25685575.0
SPY,3000,OneDay,2024-07-19T00:00:00Z,551.9608,553.199,547.0782,548.0965,29006781.0
SPY,3000,OneDay,2024-07-22T00:00:00Z,551.9608,554.4271,550.2234,553.9378,16912807.0
SPY,3000,OneDay,2024-07-23T00:00:00Z,553.7582,555.8949,552.4401,552.8096,14435811.0
SPY,3000,OneDay,2024-07-24T00:00:00Z,547.9668,548.3362,539.5993,540.6578,29992841.0
SPY,3000,OneDay,2024-07-25T00:00:00Z,540.5381,546.6288,536.6438,537.5725,25017328.0
SPY,3000,OneDay,2024-07-26T00:00:00Z,541.0473,546.3491,540.6678,543.5535,21344693.0
SPY,3000,OneDay,2024-07-29T00:00:00Z,545.0413,546.2095,541.9159,544.0528,15801876.0
SPY,3000,OneDay,2024-07-30T00:00:00Z,545.4506,546.4691,537.7122,541.157,21230179.0
SPY,3000,OneDay,2024-07-31T00:00:00Z,548.0368,552.6398,546.7487,550.0238,27144788.0
SPY,3000,OneDay,2024-08-01T00:00:00Z,551.8111,553.9979,538.6307,541.9259,31301410.0
SPY,3000,OneDay,2024-08-02T00:00:00Z,534.5271,536.1345,527.8072,531.8909,31620891.0
SPY,3000,OneDay,2024-08-05T00:00:00Z,510.6528,522.7647,509.9639,516.1445,51446887.0
SPY,3000,OneDay,2024-08-06T00:00:00Z,518.4611,528.9055,517.0933,521.7962,30642357.0
SPY,3000,OneDay,2024-08-07T00:00:00Z,527.5875,530.7827,517.2729,517.5526,26500870.0
SPY,3000,OneDay,2024-08-08T00:00:00Z,522.8546,530.4931,521.0873,530.1235,24219897.0
SPY,3000,OneDay,2024-08-09T00:00:00Z,529.1651,533.6783,527.7572,532.4202,19407054.0
SPY,3000,OneDay,2024-08-12T00:00:00Z,533.5086,534.8965,530.1735,532.2705,19221496.0
SPY,3000,OneDay,2024-08-13T00:00:00Z,535.8351,541.3967,535.5356,541.2869,21785482.0
SPY,3000,OneDay,2024-08-14T00:00:00Z,542.1255,544.1225,539.3199,543.3139,18102803.0
SPY,3000,OneDay,2024-08-15T00:00:00Z,548.8454,552.4901,548.0865,552.2505,24395856.0
SPY,3000,OneDay,2024-08-16T00:00:00Z,550.9024,554.1475,550.4331,553.3987,18729140.0
SPY,3000,OneDay,2024-08-19T00:00:00Z,554.0278,558.6108,553.0293,558.5211,17002977.0
SPY,3000,OneDay,2024-08-20T00:00:00Z,558.4011,559.9789,556.4841,557.6623,14675626.0
SPY,3000,OneDay,2024-08-21T00:00:00Z,558.9004,561.2669,557.133,559.9288,17630228.0
SPY,3000,OneDay,2024-08-22T00:00:00Z,561.6263,562.2654,554.1675,554.8364,21155692.0
SPY,3000,OneDay,2024-08-23T00:00:00Z,558.5211,562.2155,556.4741,561.3366,21781607.0
SPY,3000,OneDay,2024-08-26T00:00:00Z,562.3152,563.0343,558.2114,559.7492,15168892.0
SPY,3000,OneDay,2024-08-27T00:00:00Z,558.5808,561.2069,557.4926,560.8274,13387053.0
SPY,3000,OneDay,2024-08-28T00:00:00Z,560.4181,560.7877,554.2074,557.3326,16807335.0
SPY,3000,OneDay,2024-08-29T00:00:00Z,559.4596,562.7847,556.4541,557.5723,16125825.0
SPY,3000,OneDay,2024-08-30T00:00:00Z,559.8389,563.174,556.3144,563.064,22664509.0
SPY,3000,OneDay,2024-09-03T00:00:00Z,559.7193,559.9089,548.6857,551.3119,26387910.0
SPY,3000,OneDay,2024-09-04T00:00:00Z,549.4346,553.5485,548.6558,550.7927,19166205.0
SPY,3000,OneDay,2024-09-05T00:00:00Z,550.3732,552.8994,546.2994,548.0865,17465510.0
SPY,3000,OneDay,2024-09-06T00:00:00Z,549.185,550.7328,538.7007,539.3497,26534806.0
SPY,3000,OneDay,2024-09-09T00:00:00Z,543.3636,546.8684,541.8659,545.5006,18658940.0
SPY,3000,OneDay,2024-09-10T00:00:00Z,547.6273,548.3064,542.585,548.3064,17150819.0
SPY,3000,OneDay,2024-09-11T00:00:00Z,547.6273,554.4571,539.1501,554.4171,33844173.0
SPY,3000,OneDay,2024-09-12T00:00:00Z,554.1975,558.531,551.9109,557.8419,22725414.0
SPY,3000,OneDay,2024-09-13T00:00:00Z,558.6007,562.1655,558.6007,561.067,16657194.0
SPY,3000,OneDay,2024-09-16T00:00:00Z,561.0373,562.2455,559.0503,561.8659,19691387.0
SPY,3000,OneDay,2024-09-17T00:00:00Z,563.9528,565.6902,559.9588,561.8359,21570631.0
SPY,3000,OneDay,2024-09-18T00:00:00Z,562.6847,567.7971,560.1186,560.3682,27818169.0
SPY,3000,OneDay,2024-09-19T00:00:00Z,570.1535,572.0008,567.218,569.8639,34253295.0
SPY,3000,OneDay,2024-09-20T00:00:00Z,567.0482,568.4261,564.3221,567.0183,34381213.0
SPY,3000,OneDay,2024-09-23T00:00:00Z,568.0966,569.4546,567.2479,568.7657,13749573.0
SPY,3000,OneDay,2024-09-24T00:00:00Z,569.4046,570.3231,566.7587,570.2734,17098401.0
SPY,3000,OneDay,2024-09-25T00:00:00Z,570.5031,571.0023,568.0966,568.9153,16551325.0
SPY,3000,OneDay,2024-09-26T00:00:00Z,573.7082,573.7082,569.0353,571.7212,19455757.0
SPY,3000,OneDay,2024-09-27T00:00:00Z,572.6398,573.3387,569.6043,570.4531,17296476.0
SPY,3000,OneDay,2024-09-30T00:00:00Z,569.6343,573.3587,567.2779,573.3587,19295433.0
SPY,3000,OneDay,2024-10-01T00:00:00Z,572.0308,572.0805,565.161,567.6672,32185384.0
SPY,3000,OneDay,2024-10-02T00:00:00Z,566.6288,569.0353,564.4321,567.8769,15520153.0
SPY,3000,OneDay,2024-10-03T00:00:00Z,566.6088,568.9353,564.6817,567.078,16176238.0
SPY,3000,OneDay,2024-10-04T00:00:00Z,571.5415,572.4901,567.3276,572.1205,18581288.0
SPY,3000,OneDay,2024-10-07T00:00:00Z,570.513,571.072,565.8398,566.519,21643646.0
SPY,3000,OneDay,2024-10-08T00:00:00Z,569.6043,572.8793,568.6856,572.2104,17885995.0
SPY,3000,OneDay,2024-10-09T00:00:00Z,572.1704,576.8233,571.6811,576.3441,16885831.0
SPY,3000,OneDay,2024-10-10T00:00:00Z,574.7666,576.6836,573.6582,575.2559,17136242.0
SPY,3000,OneDay,2024-10-14T00:00:00Z,580.3481,584.3621,579.9987,583.2836,16461524.0
SPY,3000,OneDay,2024-10-15T00:00:00Z,583.8028,583.9428,577.6821,578.5407,24108287.0
SPY,3000,OneDay,2024-10-16T00:00:00Z,578.9103,581.9358,578.0815,581.4865,13524586.0
SPY,3000,OneDay,2024-10-17T00:00:00Z,585.1908,585.2008,581.2867,581.5463,27961608.0
SPY,3000,OneDay,2024-10-21T00:00:00Z,583.0142,583.9428,579.7391,582.7246,13600074.0
SPY,3000,OneDay,2024-10-22T00:00:00Z,580.1285,583.6132,579.4994,582.5447,11391141.0
SPY,3000,OneDay,2024-10-23T00:00:00Z,580.5977,580.7974,573.5482,577.063,20605232.0
SPY,3000,OneDay,2024-10-24T00:00:00Z,578.9702,579.0202,575.7351,578.2514,13163987.0
SPY,3000,OneDay,2024-10-28T00:00:00Z,581.4165,581.6162,579.6492,579.7291,10007882.0
SPY,3000,OneDay,2024-10-29T00:00:00Z,578.9803,582.0257,577.5522,580.6377,14754680.0
SPY,3000,OneDay,2024-10-30T00:00:00Z,580.3881,582.415,578.431,578.7806,15409684.0
SPY,3000,OneDay,2024-10-31T00:00:00Z,574.5968,574.6467,568.8654,568.9953,22540049.0
SPY,3000,OneDay,2024-11-01T00:00:00Z,570.1335,574.6866,569.7641,570.3831,16501054.0
SPY,3000,OneDay,2024-11-04T00:00:00Z,570.4731,571.6212,567.0482,568.8953,15232291.0
SPY,3000,OneDay,2024-11-05T00:00:00Z,569.7142,575.7751,569.7042,575.7751,18191822.0
SPY,3000,OneDay,2024-11-06T00:00:00Z,587.6472,591.022,584.5718,590.0735,27976675.0
SPY,3000,OneDay,2024-11-07T00:00:00Z,592.2901,595.7351,592.1105,594.8164,21083349.0
SPY,3000,OneDay,2024-11-08T00:00:00Z,595.4655,598.7006,595.3755,597.093,19454992.0
SPY,3000,OneDay,2024-11-11T00:00:00Z,599.07,599.2199,596.1045,597.7619,15235016.0
SPY,3000,OneDay,2024-11-12T00:00:00Z,597.8818,598.371,593.5084,595.8748,16663583.0
SPY,3000,OneDay,2024-11-13T00:00:00Z,596.5039,598.3012,594.0575,596.384,21267289.0
SPY,3000,OneDay,2024-11-14T00:00:00Z,596.454,596.9033,591.7908,592.7196,16591002.0
SPY,3000,OneDay,2024-11-15T00:00:00Z,588.8354,589.2946,582.9942,584.7316,36804700.0
SPY,3000,OneDay,2024-11-18T00:00:00Z,585.121,588.5957,584.472,587.2776,14170539.0
SPY,3000,OneDay,2024-11-19T00:00:00Z,584.1324,590.1534,583.184,589.2648,20368563.0
SPY,3000,OneDay,2024-11-21T00:00:00Z,592.3601,594.1974,586.5987,592.8094,20811520.0
SPY,3000,OneDay,2024-11-22T00:00:00Z,593.029,595.2059,592.3001,594.6167,15045993.0
SPY,3000,OneDay,2024-11-25T00:00:00Z,598.6207,599.8988,594.3072,596.7136,16954461.0
SPY,3000,OneDay,2024-11-26T00:00:00Z,598.0315,600.388,597.163,600.0285,17271322.0
SPY,3000,OneDay,2024-11-27T00:00:00Z,599.5493,599.9188,596.404,597.7818,13994152.0
SPY,3000,OneDay,2024-12-02T00:00:00Z,602.1354,603.3935,601.5563,602.6446,12587010.0
SPY,3000,OneDay,2024-12-03T00:00:00Z,602.7446,603.2438,601.4665,602.9243,12864025.0
SPY,3000,OneDay,2024-12-04T00:00:00Z,604.6817,606.9582,604.0625,606.5388,17571724.0
SPY,3000,OneDay,2024-12-05T00:00:00Z,606.7386,607.5473,605.4006,605.7101,13497332.0
SPY,3000,OneDay,2024-12-06T00:00:00Z,606.5388,608.1364,606.1094,607.038,12224731.0
SPY,3000,OneDay,2024-12-09T00:00:00Z,606.5987,606.9383,603.1839,603.6632,15873610.0
SPY,3000,OneDay,2024-12-10T00:00:00Z,604.1924,604.7813,601.2468,601.8059,16509427.0
SPY,3000,OneDay,2024-12-11T00:00:00Z,604.8413,607.5172,604.5717,606.6687,10600674.0
SPY,3000,OneDay,2024-12-12T00:00:00Z,605.5202,606.2293,603.5232,603.5632,12276307.0
SPY,3000,OneDay,2024-12-13T00:00:00Z,605.1709,606.2094,601.9058,603.2937,15045606.0
SPY,3000,OneDay,2024-12-16T00:00:00Z,604.9812,606.8583,604.3021,605.8498,15060717.0
SPY,3000,OneDay,2024-12-17T00:00:00Z,603.2039,604.2521,601.9857,603.2937,20138701.0
SPY,3000,OneDay,2024-12-18T00:00:00Z,602.9543,605.4904,585.4705,586.3391,42889876.0
SPY,3000,OneDay,2024-12-19T00:00:00Z,590.0235,592.0504,585.081,585.1609,35834452.0
SPY,3000,OneDay,2024-12-20T00:00:00Z,580.7276,594.8264,580.0385,590.0037,48959350.0
SPY,3000,OneDay,2024-12-24T00:00:00Z,594.9563,600.4281,594.5767,600.2681,12299180.0
SPY,3000,OneDay,2024-12-26T00:00:00Z,598.6307,601.5563,597.2029,600.2581,12962361.0
SPY,3000,OneDay,2024-12-27T00:00:00Z,596.5437,596.8334,589.8738,593.9977,23907369.0
SPY,3000,OneDay,2024-12-30T00:00:00Z,586.8983,590.8124,583.5332,587.4376,19218372.0
SPY,3000,OneDay,2024-12-31T00:00:00Z,588.7656,589.7141,583.5733,585.1909,21296941.0
SPY,3000,OneDay,2025-01-02T00:00:00Z,588.0365,590.2134,579.6492,583.8828,20339090.0
SPY,3000,OneDay,2025-01-03T00:00:00Z,586.4491,591.7012,585.5703,591.2716,15102701.0
SPY,3000,OneDay,2025-01-06T00:00:00Z,595.2059,598.7903,592.7196,594.3171,20387788.0
SPY,3000,OneDay,2025-01-07T00:00:00Z,596.6237,596.7933,585.9098,587.8068,23371242.0
SPY,3000,OneDay,2025-01-08T00:00:00Z,587.6372,589.6641,584.3021,588.5457,17774242.0
SPY,3000,OneDay,2025-01-10T00:00:00Z,584.8514,584.8813,577.7022,579.5195,27392745.0
SPY,3000,OneDay,2025-01-13T00:00:00Z,574.7964,580.8574,574.477,580.518,17988485.0
SPY,3000,OneDay,2025-01-14T00:00:00Z,583.2039,584.1125,577.4825,581.3566,20057799.0
SPY,3000,OneDay,2025-01-15T00:00:00Z,589.4645,593.039,588.3162,591.8608,20931945.0
SPY,3000,OneDay,2025-01-16T00:00:00Z,593.1389,593.4485,590.0735,590.6526,15751181.0
SPY,3000,OneDay,2025-01-17T00:00:00Z,596.1544,598.441,594.7166,596.7136,25495417.0
SPY,3000,OneDay,2025-01-21T00:00:00Z,599.8388,602.0555,597.7718,601.6862,18690833.0
SPY,3000,OneDay,2025-01-22T00:00:00Z,604.8513,606.8983,604.5017,605.5403,15609900.0
SPY,3000,OneDay,2025-01-23T00:00:00Z,604.7613,608.6557,604.6117,608.6557,14974343.0
SPY,3000,OneDay,2025-01-24T00:00:00Z,608.8853,609.8338,605.8898,606.9682,13496457.0
SPY,3000,OneDay,2025-01-27T00:00:00Z,594.7763,598.7206,594.7763,598.5009,28699010.0
SPY,3000,OneDay,2025-01-28T00:00:00Z,599.8189,604.432,596.384,603.7431,17870414.0
SPY,3000,OneDay,2025-01-29T00:00:00Z,602.9143,603.2039,598.3311,600.7076,13706897.0
SPY,3000,OneDay,2025-01-30T00:00:00Z,603.1039,605.6702,599.8189,604.1424,15145899.0
SPY,3000,OneDay,2025-01-31T00:00:00Z,606.7386,609.035,600.1484,601.097,26391946.0
SPY,3000,OneDay,2025-02-03T00:00:00Z,591.3117,599.3695,589.6042,596.494,27445746.0
SPY,3000,OneDay,2025-02-04T00:00:00Z,596.7634,601.3865,596.394,600.8673,14106444.0
SPY,3000,OneDay,2025-02-05T00:00:00Z,599.6892,603.4335,597.7121,603.4136,12831706.0
SPY,3000,OneDay,2025-02-06T00:00:00Z,604.9413,605.5302,601.7261,605.2506,13451711.0
SPY,3000,OneDay,2025-02-07T00:00:00Z,605.7999,607.2079,599.16,599.9088,20744815.0
SPY,3000,OneDay,2025-02-10T00:00:00Z,603.154,604.5717,601.8259,603.9627,11447894.0
SPY,3000,OneDay,2025-02-11T00:00:00Z,601.9558,604.9413,601.7758,604.2024,12137751.0
SPY,3000,OneDay,2025-02-12T00:00:00Z,598.421,603.6331,597.6322,602.2353,12712168.0
SPY,3000,OneDay,2025-02-13T00:00:00Z,603.3436,609.015,602.3551,608.6657,17130452.0
SPY,3000,OneDay,2025-02-14T00:00:00Z,609.0949,610.0435,608.1664,608.7356,10940949.0
SPY,3000,OneDay,2025-02-18T00:00:00Z,610.0035,610.3031,607.4675,610.3031,12240076.0
SPY,3000,OneDay,2025-02-19T00:00:00Z,608.995,612.2802,608.6457,611.8708,12515682.0
SPY,3000,OneDay,2025-02-20T00:00:00Z,610.5428,610.7424,606.1194,609.4645,15153760.0
SPY,3000,OneDay,2025-02-21T00:00:00Z,609.055,609.2248,598.5907,598.7006,30351533.0
SPY,3000,OneDay,2025-02-24T00:00:00Z,600.9473,602.1054,595.5952,596.2443,20256954.0
SPY,3000,OneDay,2025-02-25T00:00:00Z,596.1944,596.9533,588.6857,593.1989,24230315.0
SPY,3000,OneDay,2025-02-26T00:00:00Z,594.9363,598.6707,590.9723,593.4085,18288121.0
SPY,3000,OneDay,2025-02-27T00:00:00Z,595.9847,597.103,583.8028,584.0825,28770447.0
SPY,3000,OneDay,2025-02-28T00:00:00Z,584.2623,593.7978,581.5662,592.9293,36772867.0
SPY,3000,OneDay,2025-03-03T00:00:00Z,595.036,596.404,579.04,583.0142,29621411.0
SPY,3000,OneDay,2025-03-04T00:00:00Z,578.6107,584.482,571.4315,575.9048,43823772.0
SPY,3000,OneDay,2025-03-05T00:00:00Z,575.5155,583.9828,572.2104,582.0157,27738685.0
SPY,3000,OneDay,2025-03-06T00:00:00Z,574.427,579.2798,569.2649,571.7811,32796290.0
SPY,3000,OneDay,2025-03-07T00:00:00Z,570.1235,576.484,564.8016,575.0759,33894575.0
SPY,3000,OneDay,2025-03-10T00:00:00Z,567.1579,568.5557,554.7567,559.5692,41691097.0
SPY,3000,OneDay,2025-03-11T00:00:00Z,558.8006,561.9958,551.2019,555.3756,35061332.0
SPY,3000,OneDay,2025-03-12T00:00:00Z,560.8076,562.2254,552.8593,558.2714,25426246.0
SPY,3000,OneDay,2025-03-13T00:00:00Z,557.1929,558.2514,548.9054,550.7726,28738955.0
SPY,3000,OneDay,2025-03-14T00:00:00Z,555.2459,562.9743,554.9763,562.2054,28456625.0
SPY,3000,OneDay,2025-03-17T00:00:00Z,561.9258,568.8454,561.4965,566.2095,21212224.0
SPY,3000,OneDay,2025-03-18T00:00:00Z,563.8428,563.8428,558.2314,559.9688,24196311.0
SPY,3000,OneDay,2025-03-19T00:00:00Z,561.7462,570.0237,560.7876,566.0397,24378565.0
SPY,3000,OneDay,2025-03-20T00:00:00Z,562.1854,569.7042,561.7561,564.7016,24640136.0
SPY,3000,OneDay,2025-03-21T00:00:00Z,558.3811,563.9828,557.1929,563.8031,36880289.0
SPY,3000,OneDay,2025-03-24T00:00:00Z,569.7741,574.1874,569.3346,573.2788,22687025.0
SPY,3000,OneDay,2025-03-25T00:00:00Z,574.417,575.5354,572.8394,574.5968,17978129.0
SPY,3000,OneDay,2025-03-26T00:00:00Z,574.4671,575.2956,566.3492,567.8968,21908290.0
SPY,3000,OneDay,2025-03-27T00:00:00Z,566.1395,570.0237,564.0924,565.9698,17321677.0
SPY,3000,OneDay,2025-03-31T00:00:00Z,549.4645,559.8488,546.0797,557.7422,33042504.0
SPY,3000,OneDay,2025-04-01T00:00:00Z,556.2245,562.0855,552.8393,560.2484,23115186.0
SPY,3000,OneDay,2025-04-02T00:00:00Z,554.2674,566.5489,553.9978,564.0227,23391721.0
SPY,3000,OneDay,2025-04-03T00:00:00Z,544.2024,547.0682,536.0947,536.5241,50569082.0
SPY,3000,OneDay,2025-04-04T00:00:00Z,524.0328,525.0513,504.3324,504.8217,80520945.0
SPY,3000,OneDay,2025-04-07T00:00:00Z,488.0668,522.1655,481.0973,504.0928,96259404.0
SPY,3000,OneDay,2025-04-08T00:00:00Z,520.6577,524.1625,488.4261,496.524,64664004.0
SPY,3000,OneDay,2025-04-10T00:00:00Z,531.2419,532.59,508.9554,524.0728,63070275.0
SPY,3000,OneDay,2025-04-11T00:00:00Z,523.3339,535.5954,519.4197,533.159,36550447.0
SPY,3000,OneDay,2025-04-14T00:00:00Z,542.1254,543.134,533.119,537.8818,27873898.0
SPY,3000,OneDay,2025-04-15T00:00:00Z,538.9803,542.3951,535.9948,536.6037,20918925.0
SPY,3000,OneDay,2025-04-16T00:00:00Z,530.9623,534.2575,519.5195,525.0013,31353022.0
SPY,3000,OneDay,2025-04-17T00:00:00Z,527.2779,530.3433,523.1142,525.7202,35136675.0
SPY,3000,OneDay,2025-04-21T00:00:00Z,520.6778,520.7676,507.7272,513.8978,31298983.0
SPY,3000,OneDay,2025-04-22T00:00:00Z,518.9003,528.506,518.4111,526.1494,31696282.0
SPY,3000,OneDay,2025-04-23T00:00:00Z,539.7991,544.3421,533.129,534.8564,30972040.0
SPY,3000,OneDay,2025-04-24T00:00:00Z,535.3358,546.3792,534.6367,545.8201,27336723.0
SPY,3000,OneDay,2025-04-25T00:00:00Z,546.0895,550.1934,542.8844,549.8739,23625171.0
SPY,3000,OneDay,2025-04-28T00:00:00Z,550.543,552.6997,544.2624,550.0437,20291018.0
SPY,3000,OneDay,2025-04-29T00:00:00Z,548.0168,554.5767,547.9168,553.8181,19695832.0
SPY,3000,OneDay,2025-04-30T00:00:00Z,545.7201,555.6153,540.7177,554.4271,36772683.0
SPY,3000,OneDay,2025-05-01T00:00:00Z,559.9088,563.154,557.0233,557.5225,28150185.0
SPY,3000,OneDay,2025-05-02T00:00:00Z,563.6432,567.5075,561.5165,566.0695,23555842.0
SPY,3000,OneDay,2025-05-05T00:00:00Z,561.7162,565.7801,560.8674,562.2654,17906768.0
SPY,3000,OneDay,2025-05-06T00:00:00Z,556.9933,562.4651,556.1145,558.0018,20777572.0
SPY,3000,OneDay,2025-05-07T00:00:00Z,559.11,562.8844,555.2359,560.7377,23854522.0
SPY,3000,OneDay,2025-05-08T00:00:00Z,564.4821,569.4345,560.8774,563.8729,28917928.0
SPY,3000,OneDay,2025-05-09T00:00:00Z,565.9698,566.6287,561.9558,563.4636,16323832.0
SPY,3000,OneDay,2025-05-12T00:00:00Z,580.3282,582.0955,576.1644,582.0157,30380213.0
SPY,3000,OneDay,2025-05-13T00:00:00Z,582.5748,588.1765,581.9858,586.1195,26256623.0
SPY,3000,OneDay,2025-05-14T00:00:00Z,587.088,588.0765,584.6616,586.5587,26749178.0
SPY,3000,OneDay,2025-05-15T00:00:00Z,584.7814,590.0635,584.2124,588.9753,28601197.0
SPY,3000,OneDay,2025-05-16T00:00:00Z,590.1234,593.5482,588.416,593.5482,30294883.0
SPY,3000,OneDay,2025-05-19T00:00:00Z,587.5572,594.6367,587.5572,594.2074,25185728.0
SPY,3000,OneDay,2025-05-20T00:00:00Z,592.2204,593.1489,588.7256,591.9108,25439696.0
SPY,3000,OneDay,2025-05-21T00:00:00Z,587.7571,591.6812,580.9773,582.1855,38676365.0
SPY,3000,OneDay,2025-05-22T00:00:00Z,581.8259,585.7301,580.5279,581.8858,27890691.0
SPY,3000,OneDay,2025-05-23T00:00:00Z,575.196,580.9273,574.9563,578.1015,28992678.0
SPY,3000,OneDay,2025-05-27T00:00:00Z,584.8613,590.413,583.4935,589.8439,28047423.0
SPY,3000,OneDay,2025-05-28T00:00:00Z,590.7724,591.8608,586.1195,586.8883,25539813.0
SPY,3000,OneDay,2025-05-29T00:00:00Z,591.8508,591.8508,585.2408,589.1249,26608425.0
SPY,3000,OneDay,2025-05-30T00:00:00Z,588.0166,590.2133,582.3851,588.9053,32388725.0
SPY,3000,OneDay,2025-06-02T00:00:00Z,587.2977,591.8209,584.2023,591.6212,23110781.0
SPY,3000,OneDay,2025-06-03T00:00:00Z,591.8608,596.1743,590.9722,595.2757,25321697.0
SPY,3000,OneDay,2025-06-04T00:00:00Z,596.1644,597.023,594.5967,595.3656,22550993.0
SPY,3000,OneDay,2025-06-05T00:00:00Z,596.6337,598.0414,590.2234,591.7908,36358467.0
SPY,3000,OneDay,2025-06-06T00:00:00Z,597.5822,599.9188,595.9747,598.1714,24679277.0
SPY,3000,OneDay,2025-06-09T00:00:00Z,598.7306,600.3381,597.5922,598.5907,18623081.0
SPY,3000,OneDay,2025-06-10T00:00:00Z,599.6192,602.5448,598.2513,602.1654,22700568.0
SPY,3000,OneDay,2025-06-11T00:00:00Z,602.9942,604.1324,598.3611,600.5478,28354656.0
SPY,3000,OneDay,2025-06-12T00:00:00Z,599.06,602.6946,598.6307,602.6647,22583344.0
SPY,3000,OneDay,2025-06-13T00:00:00Z,597.3326,600.8973,594.6466,595.9048,37379467.0
SPY,3000,OneDay,2025-06-16T00:00:00Z,599.5292,603.4635,599.4296,601.7361,29614616.0
SPY,3000,OneDay,2025-06-17T00:00:00Z,599.16,600.7873,595.8948,596.7536,29542125.0
SPY,3000,OneDay,2025-06-18T00:00:00Z,597.103,600.2881,595.6252,596.5337,30263168.0
SPY,3000,OneDay,2025-06-20T00:00:00Z,597.3426,598.5407,591.9807,593.4885,40284214.0
SPY,3000,OneDay,2025-06-23T00:00:00Z,593.6982,599.6292,591.042,599.1399,33257133.0
SPY,3000,OneDay,2025-06-24T00:00:00Z,603.2636,606.9183,602.6946,606.1794,26476727.0
SPY,3000,OneDay,2025-06-25T00:00:00Z,607.038,607.5373,604.6316,606.1294,21879000.0
SPY,3000,OneDay,2025-06-26T00:00:00Z,608.1064,611.3815,607.4675,610.7326,27789280.0
SPY,3000,OneDay,2025-06-30T00:00:00Z,616.4041,618.2712,614.1574,617.2228,32226779.0
SPY,3000,OneDay,2025-07-01T00:00:00Z,615.4056,617.8818,614.6067,616.5837,30229770.0
SPY,3000,OneDay,2025-07-02T00:00:00Z,616.3341,619.5092,615.6951,619.3296,23482966.0
SPY,3000,OneDay,2025-07-07T00:00:00Z,622.9043,623.044,616.9532,619.7488,28843260.0
SPY,3000,OneDay,2025-07-08T00:00:00Z,620.0285,621.1669,618.6106,619.6292,24605449.0
SPY,3000,OneDay,2025-07-09T00:00:00Z,621.7759,623.7729,619.9785,623.024,21512963.0
SPY,3000,OneDay,2025-07-10T00:00:00Z,623.3435,625.9198,622.0954,624.7614,20145706.0
SPY,3000,OneDay,2025-07-11T00:00:00Z,621.7959,623.9028,620.5977,622.7644,20666484.0
SPY,3000,OneDay,2025-07-14T00:00:00Z,622.1954,624.2123,620.8773,623.7729,17500432.0
SPY,3000,OneDay,2025-07-15T00:00:00Z,626.6387,626.9183,621.1769,621.2168,22223999.0
SPY,3000,OneDay,2025-07-16T00:00:00Z,622.7046,623.7729,617.1429,623.2637,28592136.0
SPY,3000,OneDay,2025-07-17T00:00:00Z,623.3236,627.4475,623.2637,626.7784,24948965.0
SPY,3000,OneDay,2025-07-18T00:00:00Z,628.0864,628.2661,625.5203,626.6686,24095715.0
SPY,3000,OneDay,2025-07-21T00:00:00Z,627.9964,630.5627,627.4075,627.6871,22494047.0
SPY,3000,OneDay,2025-07-22T00:00:00Z,628.0664,628.6656,625.2706,628.0165,19880391.0
SPY,3000,OneDay,2025-07-23T00:00:00Z,630.3031,632.8093,628.7854,632.7794,23908947.0
SPY,3000,OneDay,2025-07-24T00:00:00Z,633.5382,635.1659,633.0789,633.3086,25585225.0
SPY,3000,OneDay,2025-07-25T00:00:00Z,634.1774,636.6137,633.8878,636.1045,18089382.0
SPY,3000,OneDay,2025-07-28T00:00:00Z,636.4737,637.0829,634.5866,636.0245,19641561.0
SPY,3000,OneDay,2025-07-29T00:00:00Z,637.4822,637.7019,633.3885,634.0375,24708385.0
SPY,3000,OneDay,2025-07-30T00:00:00Z,634.0375,637.1928,630.2931,636.2841,33007261.0
SPY,3000,OneDay,2025-07-31T00:00:00Z,636.324,640.6076,629.7539,630.6926,45301609.0
SPY,3000,OneDay,2025-08-01T00:00:00Z,630.5527,631.4912,618.3811,620.8273,37037046.0
SPY,3000,OneDay,2025-08-04T00:00:00Z,621.5063,631.3616,621.4564,631.2916,33322016.0
SPY,3000,OneDay,2025-08-05T00:00:00Z,631.2018,632.1303,626.1294,626.7584,30526534.0
SPY,3000,OneDay,2025-08-06T00:00:00Z,626.7584,632.4697,625.4902,631.2517,30713405.0
SPY,3000,OneDay,2025-08-07T00:00:00Z,631.2517,637.1928,628.1963,631.9008,31967831.0
SPY,3000,OneDay,2025-08-08T00:00:00Z,631.7709,636.6836,631.7709,636.1544,24848018.0
SPY,3000,OneDay,2025-08-11T00:00:00Z,636.6436,637.9515,633.7178,634.5068,25826411.0
SPY,3000,OneDay,2025-08-12T00:00:00Z,634.437,641.8658,634.1374,641.6959,27450004.0
SPY,3000,OneDay,2025-08-13T00:00:00Z,641.6861,645.2106,641.037,643.4035,25806932.0
SPY,3000,OneDay,2025-08-14T00:00:00Z,643.4035,644.6316,640.388,643.8328,26788827.0
SPY,3000,OneDay,2025-08-15T00:00:00Z,643.8328,646.1193,641.5462,642.5247,25932664.0
SPY,3000,OneDay,2025-08-18T00:00:00Z,643.5532,643.8427,641.0669,642.1454,19869455.0
SPY,3000,OneDay,2025-08-19T00:00:00Z,642.1454,643.1439,637.5522,639.0,32767177.0
SPY,3000,OneDay,2025-08-20T00:00:00Z,638.96,639.2096,631.9904,637.0829,40244074.0
SPY,3000,OneDay,2025-08-21T00:00:00Z,637.023,637.6421,632.8793,634.8263,26500033.0
SPY,3000,OneDay,2025-08-22T00:00:00Z,634.7464,645.5102,632.5497,644.3621,34992766.0
SPY,3000,OneDay,2025-08-25T00:00:00Z,644.5317,644.7114,641.3765,641.9555,21365016.0
SPY,3000,OneDay,2025-08-26T00:00:00Z,641.5162,644.8113,639.2896,644.7013,22051328.0
SPY,3000,OneDay,2025-08-27T00:00:00Z,644.7013,646.389,642.0355,644.4818,21976475.0
SPY,3000,OneDay,2025-08-28T00:00:00Z,644.4818,648.4957,641.8758,647.7469,29451224.0
SPY,3000,OneDay,2025-08-29T00:00:00Z,647.7768,648.2262,642.1951,643.8428,28187261.0
SPY,3000,OneDay,2025-09-02T00:00:00Z,643.6231,644.2122,633.9675,641.3566,41199501.0
SPY,3000,OneDay,2025-09-03T00:00:00Z,641.2066,643.2337,639.3894,642.8043,32473020.0
SPY,3000,OneDay,2025-09-04T00:00:00Z,642.7843,648.5357,641.9357,648.1364,30174174.0
SPY,3000,OneDay,2025-09-05T00:00:00Z,648.1364,651.2016,642.3551,646.1594,36520030.0
SPY,3000,OneDay,2025-09-08T00:00:00Z,647.4074,648.8253,646.2691,647.8368,31165650.0
SPY,3000,OneDay,2025-09-09T00:00:00Z,647.7868,650.8323,646.2491,650.293,33880902.0
SPY,3000,OneDay,2025-09-10T00:00:00Z,650.293,653.6281,649.6441,650.6226,35160676.0
SPY,3000,OneDay,2025-09-11T00:00:00Z,650.323,657.3326,650.323,656.394,30566955.0
SPY,3000,OneDay,2025-09-12T00:00:00Z,656.394,658.0715,655.2556,656.4638,27179337.0
SPY,3000,OneDay,2025-09-15T00:00:00Z,656.4139,660.0484,656.1842,659.3095,28687268.0
SPY,3000,OneDay,2025-09-16T00:00:00Z,659.3095,661.6361,658.2211,659.0499,28887713.0
SPY,3000,OneDay,2025-09-17T00:00:00Z,659.0499,660.7074,653.3585,658.4109,53719142.0
SPY,3000,OneDay,2025-09-18T00:00:00Z,658.401,664.0724,658.401,661.9555,41872045.0
SPY,3000,OneDay,2025-09-19T00:00:00Z,661.9555,663.5431,658.5906,662.7543,40374723.0
SPY,3000,OneDay,2025-09-22T00:00:00Z,662.275,666.279,660.1183,665.3005,29875080.0
SPY,3000,OneDay,2025-09-23T00:00:00Z,665.0509,666.3191,661.007,662.285,39075627.0
SPY,3000,OneDay,2025-09-24T00:00:00Z,662.2151,663.6231,658.6903,660.4377,29763350.0
SPY,3000,OneDay,2025-09-25T00:00:00Z,660.4377,661.3864,653.4282,657.0929,38838056.0
SPY,3000,OneDay,2025-09-26T00:00:00Z,657.0929,661.2865,656.5237,660.6674,24873648.0
SPY,3000,OneDay,2025-09-29T00:00:00Z,661.9555,664.7014,660.8872,662.0554,33374376.0
SPY,3000,OneDay,2025-09-30T00:00:00Z,662.0354,665.6301,660.6176,663.7828,47381667.0
SPY,3000,OneDay,2025-10-01T00:00:00Z,663.7828,668.356,659.5192,667.1179,22140343.0
SPY,3000,OneDay,2025-10-02T00:00:00Z,667.0879,669.7239,665.7798,667.9965,24660987.0
SPY,3000,OneDay,2025-10-03T00:00:00Z,667.9265,671.6509,667.1676,668.0364,26290540.0
SPY,3000,OneDay,2025-10-06T00:00:00Z,669.4243,671.4812,668.4458,670.7124,23139672.0
SPY,3000,OneDay,2025-10-07T00:00:00Z,670.5527,672.0704,666.6783,668.2161,31430239.0
SPY,3000,OneDay,2025-10-08T00:00:00Z,668.1363,672.5996,667.4672,672.1403,25192378.0
SPY,3000,OneDay,2025-10-09T00:00:00Z,672.1403,673.0389,668.2261,669.9635,29151649.0
SPY,3000,OneDay,2025-10-10T00:00:00Z,669.8837,672.919,651.8808,652.1404,55310689.0
SPY,3000,OneDay,2025-10-13T00:00:00Z,658.8702,663.6031,657.8218,661.5461,31783987.0
SPY,3000,OneDay,2025-10-14T00:00:00Z,661.5461,664.8113,652.2101,661.0469,35795072.0
SPY,3000,OneDay,2025-10-15T00:00:00Z,661.0369,669.1947,657.9615,663.9125,35889919.0
SPY,3000,OneDay,2025-10-16T00:00:00Z,663.9125,667.6969,656.1344,658.7003,45938484.0
SPY,3000,OneDay,2025-10-17T00:00:00Z,658.4807,664.7413,650.0235,663.1239,36566290.0
SPY,3000,OneDay,2025-10-20T00:00:00Z,663.2735,671.1917,662.5047,670.8822,32233186.0
SPY,3000,OneDay,2025-10-21T00:00:00Z,670.7623,671.9605,669.0049,670.2531,26898639.0
SPY,3000,OneDay,2025-10-22T00:00:00Z,670.2531,671.8706,662.3151,666.7683,40633413.0
SPY,3000,OneDay,2025-10-23T00:00:00Z,666.6984,671.7009,664.7014,670.8822,34814976.0
SPY,3000,OneDay,2025-10-24T00:00:00Z,670.8822,677.4423,670.7923,676.1243,29118495.0
SPY,3000,OneDay,2025-10-27T00:00:00Z,680.6275,684.971,680.2281,684.7014,31216764.0
SPY,3000,OneDay,2025-10-28T00:00:00Z,684.7014,687.8667,683.6231,685.8697,32897460.0
SPY,3000,OneDay,2025-10-29T00:00:00Z,685.8697,688.6553,681.9755,685.1707,39971588.0
SPY,3000,OneDay,2025-10-30T00:00:00Z,685.1707,688.8152,678.6006,682.8442,40843012.0
SPY,3000,OneDay,2025-11-03T00:00:00Z,683.5032,684.6914,678.95,682.2251,30605173.0
SPY,3000,OneDay,2025-11-04T00:00:00Z,681.7558,682.3749,672.4897,674.5467,10855411.0
SPY,3000,OneDay,2025-11-05T00:00:00Z,674.4368,679.8288,669.0549,676.3839,1350701.0
SPY,3000,OneDay,2025-11-06T00:00:00Z,676.4438,678.5107,667.7368,670.6026,1769001.0
SPY,3000,OneDay,2025-11-07T00:00:00Z,670.6026,671.5511,660.2281,669.9035,2787804.0
SPY,3000,OneDay,2025-11-10T00:00:00Z,673.3484,681.1268,673.3484,680.3877,40448600.0
SPY,3000,OneDay,2025-11-11T00:00:00Z,680.3877,682.5447,677.7218,681.4762,40448600.0
SPY,3000,OneDay,2025-11-12T00:00:00Z,681.8158,684.7014,679.9385,681.9355,4204545.0
SPY,3000,OneDay,2025-11-13T00:00:00Z,681.9355,683.9125,669.5042,670.992,29084272.0
SPY,3000,OneDay,2025-11-14T00:00:00Z,670.992,674.6266,662.285,670.4127,29084272.0
SPY,3000,OneDay,2025-11-17T00:00:00Z,672.3998,675.2356,661.2466,664.981,51304163.0
SPY,3000,OneDay,2025-11-18T00:00:00Z,664.8513,666.1592,654.9062,658.2011,3350060.0
SPY,3000,OneDay,2025-11-19T00:00:00Z,658.2011,666.3191,656.8831,664.7513,3350060.0
SPY,3000,OneDay,2025-11-20T00:00:00Z,664.7513,674.5167,650.6226,650.8922,31467951.0
SPY,3000,OneDay,2025-11-24T00:00:00Z,660.4478,669.0349,658.4109,668.386,46635574.0
SPY,3000,OneDay,2025-11-25T00:00:00Z,668.386,675.1857,663.5232,673.9875,838889.0
SPY,3000,OneDay,2025-11-26T00:00:00Z,673.9875,680.6573,673.4982,678.98,838889.0
SPY,3000,OneDay,2025-11-27T00:00:00Z,678.98,679.3794,678.7803,679.0099,310406.0
SPY,3000,OneDay,2025-11-28T00:00:00Z,679.9785,682.6246,679.3395,682.345,20698055.0
SPY,3000,OneDay,2025-12-01T00:00:00Z,679.2296,681.9455,676.6834,678.98,35045594.0
SPY,3000,OneDay,2025-12-02T00:00:00Z,678.98,682.7843,677.8017,680.7373,4431228.0
SPY,3000,OneDay,2025-12-03T00:00:00Z,680.6176,683.8627,678.2311,682.964,4431228.0
SPY,3000,OneDay,2025-12-04T00:00:00Z,682.8642,684.6314,680.318,683.2435,4437056.0
SPY,3000,OneDay,2025-12-05T00:00:00Z,683.2435,687.3475,682.6146,684.8113,4437056.0
SPY,3000,OneDay,2025-12-08T00:00:00Z,685.2306,686.2791,680.5577,682.974,30879309.0
SPY,3000,OneDay,2025-12-09T00:00:00Z,682.924,684.332,681.4862,681.7158,1457335.0
SPY,3000,OneDay,2025-12-10T00:00:00Z,681.7158,687.9165,680.278,686.3887,13655757.0
SPY,3000,OneDay,2025-12-11T00:00:00Z,686.4787,690.1632,679.1597,689.5941,4186524.0
SPY,3000,OneDay,2025-12-15T00:00:00Z,681.5461,684.8213,678.251,679.9485,55001922.0
SPY,3000,OneDay,2025-12-16T00:00:00Z,679.9485,680.9869,673.9974,677.0729,28520154.0
SPY,3000,OneDay,2025-12-17T00:00:00Z,677.0629,680.4577,670.1932,671.2016,28520154.0
SPY,3000,OneDay,2025-12-18T00:00:00Z,671.2116,679.6789,669.9335,674.916,28520154.0
SPY,3000,OneDay,2025-12-19T00:00:00Z,674.916,680.0584,672.989,679.5392,28520154.0
SPY,3000,OneDay,2025-12-22T00:00:00Z,681.2665,684.312,680.977,683.8925,41458515.0
SPY,3000,OneDay,2025-12-23T00:00:00Z,683.8028,687.1576,682.2851,686.6284,41458515.0
SPY,3000,OneDay,2025-12-24T00:00:00Z,686.4587,689.7738,685.9994,689.2645,41458515.0
SPY,3000,OneDay,2025-12-26T00:00:00Z,689.9135,690.5926,688.236,689.2146,21038173.0
SPY,3000,OneDay,2025-12-29T00:00:00Z,689.4143,689.4842,685.0409,686.928,35628177.0
SPY,3000,OneDay,2025-12-30T00:00:00Z,686.928,687.5071,685.5602,685.8697,35628177.0
SPY,3000,OneDay,2025-12-31T00:00:00Z,685.8697,686.6884,681.1666,681.1767,3780992.0
SPY,3000,OneDay,2026-01-02T00:00:00Z,682.6045,685.8198,678.7903,682.4847,45110467.0
SPY,3000,OneDay,2026-01-05T00:00:00Z,682.934,688.3757,682.7143,686.329,38198407.0
SPY,3000,OneDay,2026-01-06T00:00:00Z,686.329,691.2615,685.3704,690.912,38198407.0
SPY,3000,OneDay,2026-01-07T00:00:00Z,690.912,692.909,688.0864,688.945,4075714.0
SPY,3000,OneDay,2026-01-08T00:00:00Z,688.965,690.0235,685.9395,689.3145,4075714.0
SPY,3000,OneDay,2026-01-09T00:00:00Z,689.3145,694.247,688.0064,693.019,4075714.0
SPY,3000,OneDay,2026-01-12T00:00:00Z,690.3129,695.016,687.6769,693.6679,30696277.0
SPY,3000,OneDay,2026-01-13T00:00:00Z,693.6679,696.2041,690.333,692.4497,9814065.0
SPY,3000,OneDay,2026-01-14T00:00:00Z,692.4497,692.8093,685.1108,688.6353,8212850.0
SPY,3000,OneDay,2026-01-15T00:00:00Z,688.3659,694.3967,687.1677,690.9919,8212850.0
SPY,3000,OneDay,2026-01-16T00:00:00Z,690.6126,693.578,689.1048,690.5327,8212850.0
SPY,3000,OneDay,2026-01-20T00:00:00Z,683.8526,684.4817,675.5652,676.933,62040107.0
SPY,3000,OneDay,2026-01-21T00:00:00Z,676.933,687.7068,674.8562,684.7014,4618383.0
SPY,3000,OneDay,2026-01-22T00:00:00Z,684.6814,690.0734,684.3818,686.8682,4618383.0
SPY,3000,OneDay,2026-01-23T00:00:00Z,686.8682,689.9034,686.0794,688.1861,4618383.0
SPY,3000,OneDay,2026-01-26T00:00:00Z,686.5086,693.0589,685.7498,691.2116,33434933.0
SPY,3000,OneDay,2026-01-27T00:00:00Z,691.2116,695.4652,690.6126,694.5267,33434933.0
SPY,3000,OneDay,2026-01-28T00:00:00Z,694.4966,697.8716,690.962,695.2656,4927506.0
SPY,3000,OneDay,2026-01-29T00:00:00Z,695.2656,696.6634,683.8328,692.8193,17885535.0
SPY,3000,OneDay,2026-01-30T00:00:00Z,692.8193,693.3085,685.8697,691.0119,17885535.0
SPY,3000,OneDay,2026-02-02T00:00:00Z,690.283,695.8745,680.8771,694.3867,42006267.0
SPY,3000,OneDay,2026-02-03T00:00:00Z,694.3667,696.893,683.0039,687.9665,16451238.0
SPY,3000,OneDay,2026-02-04T00:00:00Z,687.9665,690.7923,680.7273,687.2675,16451238.0
SPY,3000,OneDay,2026-02-05T00:00:00Z,687.2675,687.8566,673.1486,673.3086,8026927.0
SPY,3000,OneDay,2026-02-09T00:00:00Z,691.4712,694.8063,686.888,693.1088,38432516.0
SPY,3000,OneDay,2026-02-10T00:00:00Z,692.7093,695.4752,690.6224,691.8805,38432516.0
SPY,3000,OneDay,2026-02-11T00:00:00Z,691.7108,692.8989,690.353,690.962,24325450.0
SPY,3000,OneDay,2026-02-12T00:00:00Z,690.962,694.2671,679.3695,681.2665,26018206.0
SPY,3000,OneDay,2026-02-13T00:00:00Z,681.2665,685.2206,676.5137,680.4877,26018206.0
SPY,3000,OneDay,2026-02-17T00:00:00Z,681.1467,683.8925,674.7863,681.4762,43820851.0
SPY,3000,OneDay,2026-02-18T00:00:00Z,681.4762,688.0864,680.368,684.7413,43820851.0
SPY,3000,OneDay,2026-02-19T00:00:00Z,684.7213,686.8182,680.5776,682.964,43820851.0
SPY,3000,OneDay,2026-02-20T00:00:00Z,682.964,688.895,680.7273,688.256,15559788.0
SPY,3000,OneDay,2026-02-23T00:00:00Z,685.15,689.96,680.4199,682.8401,51184812.0
SPY,3000,OneDay,2026-02-24T00:00:00Z,682.8401,688.3401,680.01,687.05,51184812.0
SPY,3000,OneDay,2026-02-25T00:00:00Z,686.98,695.1001,686.51,694.23,51184812.0
SPY,3000,OneDay,2026-02-26T00:00:00Z,694.23,694.6501,684.3601,687.5901,9322134.0
SPY,3000,OneDay,2026-02-27T00:00:00Z,687.5601,688.97,681.6501,686.1201,9322134.0
SPY,3000,OneDay,2026-03-02T00:00:00Z,680.95,688.5701,674.51,685.96,47276710.0
SPY,3000,OneDay,2026-03-03T00:00:00Z,685.7,686.1899,669.6799,679.0,9648963.0
SPY,3000,OneDay,2026-03-04T00:00:00Z,678.9199,687.0601,675.15,685.5601,9648963.0
SPY,3000,OneDay,2026-03-05T00:00:00Z,685.5701,687.75,675.6101,680.1599,14186646.0
SPY,3000,OneDay,2026-03-06T00:00:00Z,680.1599,683.43,669.76,672.75,14186646.0
SPY,3000,OneDay,2026-03-09T00:00:00Z,661.51,679.8301,656.8,677.49,50574160.0
SPY,3000,OneDay,2026-03-10T00:00:00Z,677.3901,683.3401,674.47,677.8,45729096.0
SPY,3000,OneDay,2026-03-11T00:00:00Z,677.8,680.49,673.3701,675.24,38794588.0
SPY,3000,OneDay,2026-03-12T00:00:00Z,675.3201,675.55,665.5801,666.6599,62570913.0
SPY,3000,OneDay,2026-03-13T00:00:00Z,666.6599,672.29,661.3901,662.1101,41654332.0
SPY,3000,OneDay,2026-03-16T00:00:00Z,664.83,672.04,663.8501,668.54,43320295.0
SPY,3000,OneDay,2026-03-17T00:00:00Z,668.46,674.3901,665.25,670.9199,54998373.0
SPY,3000,OneDay,2026-03-18T00:00:00Z,670.8901,674.92,659.3501,660.24,42253868.0
SPY,3000,OneDay,2026-03-19T00:00:00Z,660.24,663.26,655.21,660.79,59414729.0
SPY,3000,OneDay,2026-03-20T00:00:00Z,660.6301,661.9199,644.74,648.02,74423305.0
SPY,3000,OneDay,2026-03-23T00:00:00Z,646.46,666.6301,640.94,655.5,73451042.0
SPY,3000,OneDay,2026-03-24T00:00:00Z,655.1201,660.21,649.8901,656.75,52147224.0
SPY,3000,OneDay,2026-03-25T00:00:00Z,656.75,660.8301,654.24,656.5,47862274.0
SPY,3000,OneDay,2026-03-26T00:00:00Z,656.29,657.2,644.53,646.3501,50194180.0
SPY,3000,OneDay,2026-03-27T00:00:00Z,646.3501,649.74,633.1301,634.52,49575357.0
SPY,3000,OneDay,2026-03-30T00:00:00Z,629.65,640.8701,629.28,631.52,54782441.0
SPY,3000,OneDay,2026-03-31T00:00:00Z,631.52,651.51,628.85,649.98,86855182.0
SPY,3000,OneDay,2026-04-01T00:00:00Z,649.97,658.5,649.3501,655.0,47462020.0
SPY,3000,OneDay,2026-04-02T00:00:00Z,655.0,657.77,644.1001,655.8701,39337496.0
SPY,3000,OneDay,2026-04-03T00:00:00Z,655.8501,656.0701,655.48,655.9099,228393.0
SPY,3000,OneDay,2026-04-06T00:00:00Z,653.67,659.4099,653.32,658.6401,21526704.0
SPY,3000,OneDay,2026-04-07T00:00:00Z,658.6001,660.9099,651.05,659.9299,33848988.0
SPY,3000,OneDay,2026-04-08T00:00:00Z,659.9001,678.0601,654.0,675.0601,52003076.0
SPY,3000,OneDay,2026-04-09T00:00:00Z,674.9001,681.1401,672.72,679.6401,30568571.0
SPY,3000,OneDay,2026-04-10T00:00:00Z,679.4099,682.1401,678.25,679.24,20981384.0
SPY,3000,OneDay,2026-04-13T00:00:00Z,671.85,686.6001,671.85,686.4399,31315909.0
SPY,3000,OneDay,2026-04-14T00:00:00Z,686.4399,694.55,685.9,694.1001,34098701.0
SPY,3000,OneDay,2026-04-15T00:00:00Z,693.9299,700.24,693.05,699.5701,33800530.0
SPY,3000,OneDay,2026-04-16T00:00:00Z,699.5701,702.74,698.53,701.74,28193108.0
SPY,3000,OneDay,2026-04-17T00:00:00Z,701.6599,712.3401,701.46,710.1301,38677974.0
SPY,3000,OneDay,2026-04-20T00:00:00Z,704.52,709.9199,704.32,709.1101,26063431.0
SPY,3000,OneDay,2026-04-21T00:00:00Z,709.0,712.25,702.65,706.2,33835595.0
SPY,3000,OneDay,2026-04-22T00:00:00Z,706.25,711.42,706.2,710.55,25200873.0
SPY,3000,OneDay,2026-04-23T00:00:00Z,710.56,712.35,702.31,707.44,30542934.0
SPY,3000,OneDay,2026-04-24T00:00:00Z,707.38,714.44,707.29,714.0,20277959.0
SPY,3000,OneDay,2026-04-27T00:00:00Z,712.63,715.51,712.3,715.0,17017851.0
SPY,3000,OneDay,2026-04-28T00:00:00Z,715.0,716.84,709.25,711.66,22902970.0
SPY,3000,OneDay,2026-04-29T00:00:00Z,711.66,713.44,707.8,708.75,21722920.0
SPY,3000,OneDay,2026-04-30T00:00:00Z,708.75,719.74,708.15,718.81,35993219.0
SPY,3000,OneDay,2026-05-01T00:00:00Z,718.75,724.83,718.1,720.78,22631597.0
SPY,3000,OneDay,2026-05-04T00:00:00Z,721.1,722.37,715.08,717.52,28133960.0
SPY,3000,OneDay,2026-05-05T00:00:00Z,717.25,725.39,717.25,724.47,18636366.0
SPY,3000,OneDay,2026-05-06T00:00:00Z,724.47,734.56,724.35,733.7,28076641.0
SPY,3000,OneDay,2026-05-07T00:00:00Z,733.7,736.11,729.75,730.34,27709044.0
SPY,3000,OneDay,2026-05-08T00:00:00Z,730.34,737.94,728.4,737.41,22060324.0
SPY,3000,OneDay,2026-05-11T00:00:00Z,735.96,740.72,735.12,738.81,22244428.0
SPY,3000,OneDay,2026-05-12T00:00:00Z,738.62,739.73,731.83,737.4,31303404.0
SPY,3000,OneDay,2026-05-13T00:00:00Z,737.4,743.88,735.48,743.0,26363764.0
SPY,3000,OneDay,2026-05-14T00:00:00Z,743.0,749.5,742.65,747.7,26183917.0
SPY,3000,OneDay,2026-05-15T00:00:00Z,747.73,748.42,737.96,739.25,28758747.0
SPY,3000,OneDay,2026-05-18T00:00:00Z,736.3,741.38,733.4,737.82,25425065.0
SPY,3000,OneDay,2026-05-19T00:00:00Z,737.82,739.94,731.52,733.26,30672642.0
SPY,3000,OneDay,2026-05-20T00:00:00Z,733.1,741.52,731.83,739.49,27068065.0
SPY,3000,OneDay,2026-05-21T00:00:00Z,739.49,744.85,737.01,742.86,23690595.0
SPY,3000,OneDay,2026-05-22T00:00:00Z,742.81,748.9,742.75,746.14,17637313.0
SPY,3000,OneDay,2026-05-26T00:00:00Z,750.92,752.11,748.38,749.85,23392936.0
SPY,3000,OneDay,2026-05-27T00:00:00Z,749.97,753.67,748.2,751.91,23950116.0
SPY,3000,OneDay,2026-05-28T00:00:00Z,751.75,755.47,747.26,755.22,24740196.0
SPY,3000,OneDay,2026-05-29T00:00:00Z,755.22,758.05,754.1,756.58,23593359.0
SPY,3000,OneDay,2026-06-01T00:00:00Z,757.9,760.18,754.74,757.86,22993654.0
SPY,3000,OneDay,2026-06-02T00:00:00Z,757.88,760.37,754.86,759.8,16909350.0
SPY,3000,OneDay,2026-06-03T00:00:00Z,759.8,759.92,751.27,751.75,28228299.0
SPY,3000,OneDay,2026-06-04T00:00:00Z,751.83,758.29,749.8,755.92,27705543.0
SPY,3000,OneDay,2026-06-05T00:00:00Z,755.92,756.15,735.57,738.2,41652050.0
SPY,3000,OneDay,2026-06-08T00:00:00Z,738.33,745.32,736.12,738.94,26169023.0
SPY,3000,OneDay,2026-06-09T00:00:00Z,738.94,746.87,722.6,736.7,49186805.0
SPY,3000,OneDay,2026-06-10T00:00:00Z,736.34,738.35,723.52,724.03,32938033.0
SPY,3000,OneDay,2026-06-11T00:00:00Z,724.03,739.99,721.2,737.83,46535200.0
SPY,3000,OneDay,2026-06-12T00:00:00Z,737.83,744.43,735.04,741.91,25372024.0
SPY,3000,OneDay,2026-06-15T00:00:00Z,748.1899,756.65,748.02,754.23,36114728.0
SPY,3000,OneDay,2026-06-16T00:00:00Z,754.23,755.41,749.32,749.88,44784000.0
SPY,3000,OneDay,2026-06-17T00:00:00Z,749.88,752.9299,739.22,742.78,47550576.0
SPY,3000,OneDay,2026-06-18T00:00:00Z,742.7,748.47,742.08,747.65,52447948.0
SPY,3000,OneDay,2026-06-19T00:00:00Z,747.6,748.14,746.28,746.92,636579.0
SPY,3000,OneDay,2026-06-22T00:00:00Z,743.0,750.17,743.0,744.41,22477472.0
SPY,3000,OneDay,2026-06-23T00:00:00Z,744.34,745.11,732.42,734.75,36380258.0
SPY,3000,OneDay,2026-06-24T00:00:00Z,734.36,739.92,730.85,737.82,33171842.0
SPY,3000,OneDay,2026-06-25T00:00:00Z,737.83,739.8,729.62,733.72,30405039.0
SPY,3000,OneDay,2026-06-26T00:00:00Z,733.67,736.5,726.6001,732.83,26945244.0
SPY,3000,OneDay,2026-06-29T00:00:00Z,733.8701,741.52,732.06,740.51,34328902.0
SPY,3000,OneDay,2026-06-30T00:00:00Z,740.51,748.0,739.5,745.5,32411927.0
SPY,3000,OneDay,2026-07-01T00:00:00Z,745.5,749.4,742.34,744.68,28326679.0
SPY,3000,OneDay,2026-07-02T00:00:00Z,744.68,751.22,740.03,744.0,34543471.0
SPY,3000,OneDay,2026-07-03T00:00:00Z,743.97,745.81,743.97,745.71,889933.0
SPY,3000,OneDay,2026-07-06T00:00:00Z,748.74,752.4,746.0,751.65,25757710.0
SPY,3000,OneDay,2026-07-07T00:00:00Z,751.5,752.07,745.22,747.35,22302053.0
SPY,3000,OneDay,2026-07-08T00:00:00Z,747.35,748.5801,739.01,744.03,23079074.0
SPY,3000,OneDay,2026-07-09T00:00:00Z,743.67,751.96,743.67,751.11,20164543.0
SPY,3000,OneDay,2026-07-10T00:00:00Z,751.0,755.38,748.18,754.66,17667972.0
SPY,3000,OneDay,2026-07-13T00:00:00Z,753.3701,754.3101,747.57,748.29,23743529.0
SPY,3000,OneDay,2026-07-14T00:00:00Z,748.29,754.01,746.2,751.93,18255835.0
SPY,3000,OneDay,2026-07-15T00:00:00Z,751.83,755.57,750.21,754.18,24983366.0
SPY,3000,OneDay,2026-07-16T00:00:00Z,754.18,756.1599,747.88,749.91,24923955.0
SPY,3000,OneDay,2026-07-17T00:00:00Z,749.43,750.51,740.82,743.46,29482772.0
SPY,3000,OneDay,2026-07-20T00:00:00Z,743.8601,748.72,741.29,742.0,30781227.0
SPY,3000,OneDay,2026-07-21T00:00:00Z,741.95,749.03,740.93,747.93,19437711.0
SPY,3000,OneDay,2026-07-22T00:00:00Z,747.83,750.0,744.25,747.81,18217171.0
SPY,3000,OneDay,2026-07-23T00:00:00Z,747.8,748.6699,735.2,739.31,31177598.0
SPY,3000,OneDay,2026-07-24T00:00:00Z,739.2,743.69,737.3,738.55,22996496.0
SPY,3000,OneDay,2026-07-27T00:00:00Z,744.21,746.56,735.86,739.39,23951037.0
SPY,3000,OneDay,2026-07-28T00:00:00Z,739.26,742.79,736.0,740.95,26776136.0
SPY,3000,OneDay,2026-07-29T00:00:00Z,740.95,744.1201,726.92,728.06,38013541.0
SPY,3000,OneDay,2026-07-30T00:00:00Z,728.06,743.9,726.0,741.92,41764214.0
SPY,3000,OneDay,2026-07-31T00:00:00Z,741.76,748.88,737.7,747.16,32337159.0
SPY,3000,OneDay,2026-08-03T00:00:00Z,749.6501,758.56,749.16,757.89,32833048.0
SPY,3000,OneDay,2026-08-04T00:00:00Z,757.89,773.4,757.61,772.16,40431350.0
SPY,3000,OneDay,2026-08-05T00:00:00Z,772.16,776.77,769.56,770.5,23707444.0
SPY,3000,OneDay,2026-08-06T00:00:00Z,770.5,771.95,767.47,768.15,22314421.0
SPY,3000,OneDay,2026-08-07T00:00:00Z,768.15,773.9,767.69,773.42,19491325.0
SPY,3000,OneDay,2026-08-10T00:00:00Z,772.1201,775.01,771.88,773.0,23441655.0
SPY,3000,OneDay,2026-08-11T00:00:00Z,773.0,774.91,769.4,770.46,18859175.0
SPY,3000,OneDay,2026-08-12T00:00:00Z,770.45,774.83,770.29,772.22,19442630.0
SPY,3000,OneDay,2026-08-13T00:00:00Z,772.22,779.36,772.05,777.5,17810690.0
SPY,3000,OneDay,2026-08-14T00:00:00Z,777.5,778.89,775.43,776.23,14023631.0
SPY,3000,OneDay,2026-08-17T00:00:00Z,777.1301,778.22,772.21,772.38,18548437.0
SPY,3000,OneDay,2026-08-18T00:00:00Z,772.38,772.99,766.96,767.23,27772399.0
SPY,3000,OneDay,2026-08-19T00:00:00Z,767.07,772.46,765.8301,768.69,22959767.0
SPY,3000,OneDay,2026-08-20T00:00:00Z,768.95,770.57,763.16,763.48,14800512.0
